date,id,calibration
2024-10-21,7236,73451.95827072804
2024-10-21,6232,80942.1585508618
2024-10-21,6841,69559.7374091882
2024-10-21,6660,72808.06802703445
2024-10-21,6368,68017.13598248306
2024-10-21,6835,76021.26567549557
2024-10-21,7171,58420.84391398953
2024-10-21,6396,70383.8338482758
2024-10-21,6577,70211.77532814906
2024-10-21,7020,74485.46741598389
2024-10-21,6643,73540.03514073658
2024-10-21,6733,63425.03594871248
2024-10-21,6517,72702.88408134607
2024-10-21,6961,73205.20546209173
2024-10-21,6936,50480.155710005296
2024-10-21,7211,68920.77348529824
2024-10-21,6767,71035.61028565932
2024-10-21,7013,68724.52795060631
2024-10-21,7274,67754.47778878936
2024-10-21,6856,70361.85655331147
2024-10-21,6717,74034.81417101907
2024-10-21,7024,73256.1388919121
2024-10-21,6941,68046.031407376
2024-10-21,6380,55098.955385605994
2024-10-21,6538,56884.62306416306
2024-10-21,6972,73408.53255919013
2024-10-21,7224,73243.56034914017
2024-10-21,7190,63218.258604513256
2024-10-21,6429,68129.7867271595
2024-10-21,6922,71839.13180045168
2024-10-21,6254,71988.18380609687
2024-10-21,6731,72713.00546629373
2024-10-21,6526,66691.55604397357
2024-10-21,6598,75762.9222968071
2024-10-21,6968,68098.09463076132
2024-10-21,6798,79200.27614035743
2024-10-21,6695,72282.13092926997
2024-10-21,6554,53389.695876409955
2024-10-21,6425,60275.13990449566
2024-10-21,6520,70589.38270283758
2024-10-21,7150,68458.50346615774
2024-10-21,7096,69175.39649167056
2024-10-21,7127,68603.51942454159
2024-10-21,6940,70493.32954235037
2024-10-21,6722,64278.37828186671
2024-10-21,7107,66027.0979949285
2024-10-21,6631,68725.29146970982
2024-10-21,6724,67040.41566234044
2024-10-21,7169,72375.12427976377
2024-10-21,6490,70802.72404120096
2024-10-21,7083,68445.28284095661
2024-10-21,7125,69949.88548199223
2024-10-21,6633,53280.34089739962
2024-10-21,6456,71894.55855904169
2024-10-21,7244,73355.8985801958
2024-10-21,6552,72607.27990355622
2024-10-21,6295,70499.73050554826
2024-10-21,6505,71196.243491654
2024-10-21,7295,69546.89274941478
2024-10-21,6909,71995.6856259681
2024-10-21,6994,74736.56113183704
2024-10-21,7174,72436.97308594207
2024-10-21,7226,69278.29020295864
2024-10-21,6900,69107.32822961484
2024-10-21,6839,56458.45612918467
2024-10-21,7108,69787.8881189748
2024-10-21,6516,72935.757904662285
2024-10-21,7253,72303.30470603972
2024-10-21,6693,68976.77177883968
2024-10-21,6336,72710.68752662133
2024-10-21,6298,58896.99803861894
2024-10-21,6406,73856.18476794491
2024-10-21,6675,69917.4852896137
2024-10-21,6824,67850.68536923616
2024-10-21,7007,68504.21743015082
2024-10-21,6644,71377.95057573257
2024-10-21,7033,72236.06309010596
2024-10-21,6635,70307.85862662621
2024-10-21,6789,69518.53042053134
2024-10-21,7080,66772.20853344264
2024-10-21,6564,73485.91035354766
2024-10-21,7239,151693.3689351672
2024-10-21,6379,72996.2805461615
2024-10-21,7175,68104.22542729127
2024-10-21,7260,70544.8985664877
2024-10-21,6993,69221.08171828066
2024-10-21,7199,73431.5967800094
2024-10-21,6266,74691.71746206602
2024-10-21,6741,68700.09731099822
2024-10-21,6758,54972.70714953282
2024-10-21,6493,66703.85151418627
2024-10-21,7140,67751.93768365616
2024-10-21,6600,70764.50450535858
2024-10-21,6668,75841.48922664899
2024-10-21,7111,66111.02470265287
2024-10-21,6754,60187.13590258516
2024-10-21,6501,71996.43481510514
2024-10-21,6360,69451.93868276355
2024-10-21,7189,63130.09508229436
2024-10-21,6877,70570.16129680024
2024-10-21,6511,69593.14913395049
2024-10-21,7009,83618.1063395018
2024-10-21,6382,71586.87808373416
2024-10-21,6476,67867.58992140206
2024-10-21,7038,75956.57159660509
2024-10-21,6785,56256.999141410786
2024-10-21,6313,69960.01734615066
2024-10-21,7056,72282.32026951326
2024-10-21,6325,69170.15067000312
2024-10-21,6616,77592.977625414
2024-10-21,6736,71848.32583289567
2024-10-21,6959,66496.25031488357
2024-10-21,6536,57552.813353699945
2024-10-21,7053,62457.43474114472
2024-10-21,6813,69990.52749289056
2024-10-21,7032,65588.35828895199
2024-10-21,6357,68545.55794334707
2024-10-21,7275,71128.401360626
2024-10-21,7025,69921.18545193697
2024-10-21,6829,70172.31959571486
2024-10-21,6882,68715.29701453497
2024-10-21,6830,72955.41943861269
2024-10-21,7182,69080.04349304044
2024-10-21,6583,64166.10728034702
2024-10-21,6792,63609.52257022007
2024-10-21,6039,68074.17832747508
2024-10-21,6750,70414.59869804142
2024-10-21,6334,73494.35143871677
2024-10-21,6641,66059.22114913982
2024-10-21,6350,68516.2167567622
2024-10-21,7054,68460.99388076719
2024-10-21,6531,67475.10553433896
2024-10-21,7004,69199.12483656297
2024-10-21,7087,75775.22037588913
2024-10-21,7110,69117.1481851363
2024-10-21,6407,68822.28264134482
2024-10-21,7227,72946.26675138567
2024-10-21,7248,72608.29396450699
2024-10-21,6586,70569.69617589602
2024-10-21,7292,70489.94318920099
2024-10-21,7271,72241.11138318606
2024-10-21,6923,68208.95515629405
2024-10-21,7149,72587.39416107279
2024-10-21,6582,69514.01053417803
2024-10-21,6249,70381.71638431643
2024-10-21,7037,64412.80215670341
2024-10-21,7186,60087.881735709685
2024-10-21,6714,70902.10139267382
2024-10-21,7250,64108.373564273235
2024-10-21,6494,70724.85467521149
2024-10-21,7201,68500.5620819575
2024-10-21,6446,72289.55057816675
2024-10-21,7039,67925.72296557062
2024-10-21,6477,74837.5704781564
2024-10-21,6730,58603.382688350146
2024-10-21,6896,70406.5434309279
2024-10-21,6558,69732.56113524592
2024-10-21,7098,64002.67264787199
2024-10-21,6408,77341.62047740423
2024-10-21,7090,74903.05301090515
2024-10-21,6366,69783.03812296185
2024-10-21,7197,70053.18475130721
2024-10-21,7050,56973.69802297111
2024-10-21,6594,71510.72099781074
2024-10-21,7188,69159.39692046927
2024-10-21,6898,74332.85822573135
2024-10-21,6874,68564.58445105478
2024-10-21,6571,70227.73670877019
2024-10-21,6441,71119.3793624895
2024-10-21,6812,67829.47671341195
2024-10-21,7101,71105.23303370671
2024-10-21,6329,69183.85186819803
2024-10-21,6248,64386.64643569965
2024-10-21,7296,69390.69804566521
2024-10-21,7052,69016.06665190471
2024-10-21,6420,71903.41169638498
2024-10-21,6718,61901.85638852808
2024-10-21,7216,69863.84575481899
2024-10-21,6669,68837.96200052946
2024-10-21,6335,66380.247664764
2024-10-21,7272,74191.9528666214
2024-10-21,7185,57881.31516788437
2024-10-21,6560,71681.66906668233
2024-10-21,7068,68646.8088578081
2024-10-21,7180,57707.075727730386
2024-10-21,7065,69799.13122788354
2024-10-21,6931,59622.55428978256
2024-10-21,6662,71296.10316238338
2024-10-21,6919,70162.95471352254
2024-10-21,6374,70252.0102971021
2024-10-21,6885,70933.988880207093
2024-10-21,6866,69866.28487170239
2024-10-21,7213,69925.86558600675
2024-10-21,6851,64004.69523854141
2024-10-21,7066,62483.65319165059
2024-10-21,6515,72488.87773786328
2024-10-21,6553,52713.49642458774
2024-10-21,6307,69087.39662067012
2024-10-21,6903,77955.82209710004
2024-10-21,7288,69848.03784865935
2024-10-21,6445,70438.14523949206
2024-10-21,6985,71898.5468585444
2024-10-21,6803,62494.61928516252
2024-10-21,6883,66317.98205014634
2024-10-21,6590,74747.27835646545
2024-10-21,6845,71210.42145931497
2024-10-21,6453,71014.67028789809
2024-10-21,6639,66924.35689895666
2024-10-21,7222,104846.85552946285
2024-10-21,6897,69401.9672019255
2024-10-21,6623,65363.88476047435
2024-10-21,7219,56891.80695351704
2024-10-21,6268,70006.86790554078
2024-10-21,6482,73810.81992404118
2024-10-21,7198,119271.4014096519
2024-10-21,6811,72248.88135042388
2024-10-21,6430,102234.8699289632
2024-10-21,7269,72534.37136958982
2024-10-21,7035,69269.34477054089
2024-10-21,6756,62159.78245882255
2024-10-21,7085,73619.76468898542
2024-10-21,7221,68791.35026937937
2024-10-21,7095,74201.56560039858
2024-10-21,7157,71285.129066937865
2024-10-21,7092,76378.20391950585
2024-10-21,6774,66252.50555169862
2024-10-21,7047,91562.11146360754
2024-10-21,6609,71893.01461133159
2024-10-21,6658,60214.122495352014
2024-10-21,6519,70000.15219644694
2024-10-21,6331,66304.28918069965
2024-10-21,6603,68975.90282717765
2024-10-21,6680,66570.92088960939
2024-10-21,6881,62067.33475273049
2024-10-21,7280,68982.52722977372
2024-10-21,6580,68916.606481234
2024-10-21,6783,74151.28878936017
2024-10-21,6562,72386.47383857062
2024-10-21,6927,74470.04469817017
2024-10-21,6745,57748.70970147874
2024-10-21,6451,72312.34262265224
2024-10-21,6563,70165.2031380431
2024-10-21,6547,69319.38323031152
2024-10-21,6797,72048.89857718784
2024-10-21,6120,69574.11866903536
2024-10-21,7126,62198.190919763576
2024-10-21,7076,69871.99999247538
2024-10-21,6649,75845.70451100385
2024-10-21,6508,70226.85125605838
2024-10-21,6541,71293.88547346173
2024-10-21,6626,69722.4699107606
2024-10-21,6387,69235.799459119
2024-10-21,7172,58761.04856313641
2024-10-21,6411,64223.13656413009
2024-10-21,7183,70740.05961343143
2024-10-21,7265,72975.07996601432
2024-10-21,6974,67739.5367598758
2024-10-21,6810,69168.64380590631
2024-10-21,6942,65571.20712996305
2024-10-21,6715,69332.22523007441
2024-10-21,7165,60302.05283418181
2024-10-21,6480,75336.44610418846
2024-10-21,7005,70868.8837077561
2024-10-21,6891,62068.29679722579
2024-10-21,6952,65533.346165207375
2024-10-21,6567,70526.92961624805
2024-10-21,7145,69855.75682366264
2024-10-21,7225,69817.04740631908
2024-10-21,6417,72944.97837186519
2024-10-21,7036,70467.02822448498
2024-10-21,7291,54369.0777499853
2024-10-21,6887,74078.82299498185
2024-10-21,6827,73251.8723845059
2024-10-21,7231,68917.80191445256
2024-10-21,6966,72265.89879945802
2024-10-21,6676,70574.51248404312
2024-10-21,7251,72653.86780558158
2024-10-21,6510,73133.4157060854
2024-10-21,6838,68240.35851670755
2024-10-21,6642,68733.87392030502
2024-10-21,6637,52058.59432992638
2024-10-21,7130,62621.33998600572
2024-10-21,6749,62187.29903140365
2024-10-21,7021,71155.92328371193
2024-10-21,6925,73141.33145709458
2024-10-21,6358,73316.99432555176
2024-10-21,7008,70636.47931790027
2024-10-21,6402,70372.1081514868
2024-10-21,7193,71687.1273264225
2024-10-21,6954,65327.359740991385
2024-10-21,6844,69646.55570518455
2024-10-21,6846,73922.26394757045
2024-10-21,6167,72072.0851888066
2024-10-21,6873,69976.84072646829
2024-10-21,6585,71234.86899158303
2024-10-21,7109,63323.21641982427
2024-10-21,6373,72611.27624290869
2024-10-21,6753,55761.04778130108
2024-10-21,7100,59218.25193265718
2024-10-21,6863,70475.34731767754
2024-10-21,6327,70051.86084037564
2024-10-21,6636,72192.73054451417
2024-10-21,6349,58730.73353074171
2024-10-21,7031,68020.06418248666
2024-10-21,7205,71194.44991858203
2024-10-21,6921,73424.04588109371
2024-10-21,6385,70169.22117256718
2024-10-21,6345,72803.79217414731
2024-10-21,6574,70853.68753513564
2024-10-21,6849,63224.39633217872
2024-10-21,6634,69105.31263674148
2024-10-21,6418,74734.63563735098
2024-10-21,6438,68821.28212892948
2024-10-21,6999,69097.60462800135
2024-10-21,6944,84633.3487117253
2024-10-21,6487,72155.5642134337
2024-10-21,7086,74198.74433416169
2024-10-21,6853,60741.66632894655
2024-10-21,7254,70553.5392806417
2024-10-21,7267,77530.83512094746
2024-10-21,6655,69296.69173007042
2024-10-21,7043,71571.00179126729
2024-10-21,6679,71229.99313453861
2024-10-21,6367,66344.7474758475
2024-10-21,6092,74419.66275380962
2024-10-21,6299,64753.08322439598
2024-10-21,7091,72446.59152701563
2024-10-21,7268,68017.12836099492
2024-10-21,6568,70717.46838359754
2024-10-21,6509,70285.89387242388
2024-10-21,6681,71931.84092869404
2024-10-21,6393,66175.15868044503
2024-10-21,6740,59398.12860719604
2024-10-21,7214,68584.00343360887
2024-10-21,6447,68942.71806838454
2024-10-21,7042,74529.10886188298
2024-10-21,7049,64761.22436092355
2024-10-21,6544,68723.1869621564
2024-10-21,6969,69897.88101565538
2024-10-21,6372,67895.49453139499
2024-10-21,6865,71337.30183972804
2024-10-21,7241,59653.12811680679
2024-10-21,6330,62476.012717880185
2024-10-21,6809,69438.71527934972
2024-10-21,6434,70355.36803723914
2024-10-21,7245,69692.86920386937
2024-10-21,7281,69154.75970738467
2024-10-21,6545,65747.1974822759
2024-10-21,7003,72136.98864787014
2024-10-21,6780,70383.96356696368
2024-10-21,7249,62040.559519473856
2024-10-21,7112,70132.01919703664
2024-10-21,7062,61511.25526539508
2024-10-21,6674,70087.1577154934
2024-10-21,6450,69267.84717325208
2024-10-21,6666,73944.28260131786
2024-10-21,7078,50429.76595101765
2024-10-21,6504,68137.00596803361
2024-10-21,7135,70445.22058375677
2024-10-21,6436,71804.61919196461
2024-10-21,6607,73448.57662971025
2024-10-21,6072,71750.11490093938
2024-10-21,6933,67798.91241968921
2024-10-21,6082,71111.80403637396
2024-10-21,6960,76636.04259541909
2024-10-21,7209,57665.61358583698
2024-10-21,6924,70403.24688690298
2024-10-21,7063,62618.89053970461
2024-10-21,6752,61927.29972494173
2024-10-21,6937,71226.08982845409
2024-10-21,6686,70853.31500983622
2024-10-21,6101,77598.80621589367
2024-10-21,6043,71547.91274164915
2024-10-21,6734,64567.068884190645
2024-10-21,7019,59083.917443028535
2024-10-21,6546,70764.7122607308
2024-10-21,6692,75922.8652452512
2024-10-21,7073,72631.47057509604
2024-10-21,6726,71438.23454483028
2024-10-21,6267,69436.44718417339
2024-10-21,7012,67024.78530685243
2024-10-21,6928,72339.84150127602
2024-10-21,6762,67978.58975480686
2024-10-21,6395,72183.52810984054
2024-10-21,7202,73391.16976446849
2024-10-21,6948,75374.2343074447
2024-10-21,6801,59609.53412792109
2024-10-21,6304,70909.18777236457
2024-10-21,7207,83076.6701105274
2024-10-21,6291,62579.99396446529
2024-10-21,6518,69909.67544725646
2024-10-21,6423,70478.18157578092
2024-10-21,6503,65097.65983339204
2024-10-21,6454,75623.78760761318
2024-10-21,6719,65891.97870649702
2024-10-21,7104,70254.57255869274
2024-10-21,7028,70600.95086977136
2024-10-21,6559,70617.16365034963
2024-10-21,6833,75064.4808404448
2024-10-21,6869,69560.73828390556
2024-10-21,6930,72771.00192053075
2024-10-21,6338,64747.70699271875
2024-10-21,6297,68262.31386609665
2024-10-21,6878,66952.42816458116
2024-10-21,6534,71064.6745727074
2024-10-21,7156,69234.18449527545
2024-10-21,6245,70468.92119419656
2024-10-21,7027,73750.80686787375
2024-10-21,7000,75436.44302834867
2024-10-21,6832,73822.64171347259
2024-10-21,7238,72697.27342686598
2024-10-21,6725,70391.78439008626
2024-10-21,7152,69198.4049662913
2024-10-21,6857,68376.30851693483
2024-10-21,6624,56928.03327728096
2024-10-21,7287,70605.77739537446
2024-10-21,7131,68745.08714920681
2024-10-21,6250,69601.07490467952
2024-10-21,7115,69306.16229250528
2024-10-21,6868,64313.08921877714
2024-10-21,6876,67210.5672103654
2024-10-21,7124,57115.80362626079
2024-10-21,6522,68586.0967616935
2024-10-21,7134,72430.13830832054
2024-10-21,6716,70721.10238462956
2024-10-21,7067,74359.82320264658
2024-10-21,6953,62350.527084594854
2024-10-21,6723,56376.97907322269
2024-10-21,6757,54988.574476295355
2024-10-21,7018,57516.42037997227
2024-10-21,6455,67630.23580044841
2024-10-21,7187,63009.97109068781
2024-10-21,6773,64619.09333625738
2024-10-21,7196,69055.08084302943
2024-10-21,6888,72087.08328912692
2024-10-21,6332,69958.41968423763
2024-10-21,6799,69422.1227299426
2024-10-21,6363,77172.66612491896
2024-10-21,7151,69692.10624565094
2024-10-21,6648,73680.307871195
2024-10-21,7289,72383.19488413501
2024-10-21,6817,73490.68212862912
2024-10-21,6324,64694.021189724735
2024-10-21,6629,73394.74693041618
2024-10-21,6320,72618.2721357407
2024-10-21,6498,69788.38498201789
2024-10-21,6431,77014.37836033128
2024-10-21,6488,69376.32408390255
2024-10-21,6696,70403.37993299201
2024-10-21,6971,71792.03084106745
2024-10-21,6746,60898.447766479374
2024-10-21,6647,70505.77161582251
2024-10-21,7128,73321.78273500585
2024-10-21,6973,71584.34793181697
2024-10-21,7242,54798.62630472134
2024-10-21,6663,71952.65588112669
2024-10-21,6087,72400.36143698014
2024-10-21,6764,65751.97207719472
2024-10-21,6664,77956.04287792605
2024-10-21,6956,64537.72545087271
2024-10-21,7170,65050.53882166199
2024-10-21,6342,70127.46940029624
2024-10-21,6875,71266.25866358292
2024-10-21,6443,70841.79997057003
2024-10-21,7077,66335.77686039115
2024-10-21,6475,70478.7569423443
2024-10-21,7075,64533.20518671626
2024-10-21,6727,67116.60327410823
2024-10-21,6768,70289.25684550074
2024-10-21,7105,78123.9294125926
2024-10-21,6326,65249.18870799812
2024-10-21,6388,74932.53765216478
2024-10-21,6576,68975.13554368207
2024-10-21,6894,66765.51592055184
2024-10-21,6870,71176.23952930557
2024-10-21,7184,64750.04972040365
2024-10-21,6514,70188.6620058405
2024-10-21,6602,56726.73271979678
2024-10-21,6540,71053.22178524123
2024-10-21,7147,67451.02901054104
2024-10-21,6094,73342.8100910335
2024-10-21,6246,68464.84667693356
2024-10-21,6565,74908.01081010005
2024-10-21,7069,68266.06930145781
2024-10-21,6769,65920.94577572415
2024-10-21,6804,73230.03759119778
2024-10-21,7246,71918.10795935143
2024-10-21,7178,81853.09516095184
2024-10-21,6776,70771.88537592541
2024-10-21,7010,70120.03070597531
2024-10-21,6831,79661.97371994292
2024-10-21,6581,69784.4181148463
2024-10-21,6561,69615.16955893721
2024-10-21,6751,66741.49446033519
2024-10-21,6670,72557.24027412671
2024-10-21,7144,74600.88857194745
2024-10-21,7016,69655.51366185272
2024-10-21,7159,77682.33858180084
2024-10-21,7136,74266.17591603602
2024-10-21,6225,66052.4045248866
2024-10-21,6239,69201.04887067938
2024-10-21,7113,56928.024934023066
2024-10-21,6899,73334.81240001206
2024-10-21,6970,72927.45782412327
2024-10-21,6506,74084.70213300508
2024-10-21,6794,61263.729367086526
2024-10-21,6439,71426.00690943614
2024-10-21,7011,70775.84558602769
2024-10-21,7293,75494.48835751589
2024-10-21,6316,71077.7838535382
2024-10-21,7129,70047.00758316417
2024-10-21,6860,71189.29056272288
2024-10-21,6842,70079.1503096185
2024-10-21,6834,74116.34318518167
2024-10-21,6935,78658.22031566755
2024-10-21,6588,74175.8856463441
2024-10-21,6492,76036.24703692853
2024-10-21,6929,69804.61424023974
2024-10-21,6426,68709.81658174575
2024-10-21,6413,69974.33508872754
2024-10-21,7155,70773.62731270424
2024-10-21,6826,68395.26295853678
2024-10-21,7210,69441.18734597958
2024-10-21,7240,71441.20117793926
2024-10-21,6524,71474.57962795778
2024-10-21,6784,68567.691185845
2024-10-21,6088,70177.28585921729
2024-10-21,6788,69125.5726774071
2024-10-21,6525,73184.2889932522
2024-10-21,7200,69542.12780072985
2024-10-21,6852,67533.28516800937
2024-10-21,6392,97471.03590362794
2024-10-21,6965,69897.92120870583
2024-10-21,6601,71230.1592335072
2024-10-21,6777,61807.52266800972
2024-10-21,6410,59413.79029799962
2024-10-21,7102,71898.29251528719
2024-10-21,7030,69208.6262475106
2024-10-21,6328,71435.32591290977
2024-10-21,7022,67628.7537159566
2024-10-21,7081,72525.25422806703
2024-10-21,6977,58714.51123232048
2024-10-21,6352,73021.3969850261
2024-10-21,6918,73240.14037409065
2024-10-21,6428,76577.77369972478
2024-10-21,7026,70686.5280728746
2024-10-21,7084,63205.14313917072
2024-10-21,7137,71383.64580502988
2024-10-21,6905,61038.56831632608
2024-10-21,7173,56680.02553096244
2024-10-21,6872,61129.11722624957
2024-10-21,7276,74421.26096668767
2024-10-21,6414,70110.05767528867
2024-10-21,7089,75750.34011585714
2024-10-21,6569,65359.89144898955
2024-10-21,6879,71639.25921284947
2024-10-21,6435,71268.01976714586
2024-10-21,7208,69783.13876911164
2024-10-21,6384,71589.72562826681
2024-10-21,7117,67409.4530930519
2024-10-21,6747,59437.440714811964
2024-10-21,6858,68206.46358676474
2024-10-21,6951,71304.54937553068
2024-10-21,6400,69309.37295945318
2024-10-21,7121,61636.62534515362
2024-10-21,7258,69772.04313228032
2024-10-21,6535,68467.23440768162
2024-10-21,6597,74479.41588218759
2024-10-21,6272,70599.54979180993
2024-10-21,6575,55448.78634881317
2024-10-21,7146,73143.28321568124
2024-10-21,6346,66630.97439168976
2024-10-21,6728,71638.36600689411
2024-10-21,6884,75618.45953752709
2024-10-21,7282,72398.04262023242
2024-10-21,7079,71240.70250183396
2024-10-21,6978,68810.32281457125
2024-10-21,6427,71688.68323713291
2024-10-21,7220,70066.541197942
2024-10-21,6815,65918.83777665057
2024-10-21,6800,65655.25136981149
2024-10-21,7206,76601.37914586197
2024-10-21,7168,61159.598046275125
2024-10-21,6317,70422.73476250075
2024-10-21,6787,67592.96691540055
2024-10-21,6398,83574.2315441333
2024-10-21,7048,73048.97374684419
2024-10-21,7217,69899.6689024553
2024-10-21,6934,70848.71722834099
2024-10-21,6962,73386.11916594523
2024-10-21,6661,70096.84341465608
2024-10-21,6512,70715.12592394275
2024-10-21,6364,71290.41741557459
2024-10-21,6251,62930.982266517
2024-10-21,7116,72804.10998034348
2024-10-21,6619,67815.44631046636
2024-10-21,7006,68713.76966277877
2024-10-21,6775,75199.77983850239
2024-10-21,7014,71884.5416518159
2024-10-21,6485,51479.28809751323
2024-10-21,7060,73004.1006732334
2024-10-21,6054,67176.92480752134
2024-10-21,7278,83733.5413676036
2024-10-21,7261,69079.69885617055
2024-10-21,6763,71694.708426131
2024-10-21,7064,69498.46294701645
2024-10-21,6967,70030.88100617385
2024-10-21,6424,69948.13365664783
2024-10-21,6689,71099.3249442331
2024-10-21,6523,71079.9607552834
2024-10-21,6911,71253.33092731955
2024-10-21,6389,71928.15370577801
2024-10-21,6963,68491.5930356836
2024-10-21,6496,70026.37686252284
2024-10-21,6333,73464.66980033768
2024-10-21,7141,69767.16357376818
2024-10-21,6604,74971.77354260613
2024-10-21,6548,67982.95024567412
2024-10-21,6599,73235.86178625326
2024-10-21,6213,70237.11372104488
2024-10-21,6861,70791.4771733728
2024-10-21,6618,70760.1550653323
2024-10-21,6318,70263.15325307289
2024-10-21,7256,76682.71828802688
2024-10-21,6755,57710.75710818307
2024-10-21,6687,74799.700022878
2024-10-21,6370,67552.58058874466
2024-10-21,7139,72607.37795053466
2024-10-21,6550,69317.60878306045
2024-10-21,6862,69811.24357790875
2024-10-21,6042,73712.24730248495
2024-10-21,6904,62371.08044839102
2024-10-21,6759,58660.42497954131
2024-10-21,7034,68540.93301724647
2024-10-21,6926,75114.63770630972
2024-10-21,6957,71040.10501274644
2024-10-21,6390,70658.16558988449
2024-10-21,6737,71900.87345211193
2024-10-21,7017,73711.89209290472
2024-10-21,7072,59789.04501002517
2024-10-21,6348,68722.55121611299
2024-10-21,6507,69062.57180065144
2024-10-21,6351,69116.17915285178
2024-10-21,6906,74010.61101097638
2024-10-21,7223,69401.36567494983
2024-10-21,7195,72434.53053642261
2024-10-21,6025,72400.36388809362
2024-10-21,6659,55979.15698006606
2024-10-21,7040,66347.98495446326
2024-10-21,6880,68695.33450569461
2024-10-21,7283,69133.25982557258
2024-10-21,6779,64986.2579808124
2024-10-21,6632,70400.25590111496
2024-10-21,6630,69548.78632056108
2024-10-21,6932,69687.5175803657
2024-10-21,6323,69191.36783697619
2024-10-21,6432,69270.9901432636
2024-10-21,7122,74254.75733992683
2024-10-21,6997,71293.0826975001
2024-10-21,6287,70748.66294247849
2024-10-21,6533,70419.12589125396
2024-10-21,7097,71610.62295034117
2024-10-21,7234,57002.93749868914
2024-10-21,7106,70360.19471144989
2024-10-21,6854,71701.24151872439
2024-10-21,7070,73827.24459383066
2024-10-21,6761,68865.50772979004
2024-10-21,7279,69771.74143046247
2024-10-21,7002,67232.75727319665
2024-10-21,6452,75346.48669193355
2024-10-21,6437,76853.22647443654
2024-10-21,6549,71243.93874556936
2024-10-21,6782,57147.0513258734
2024-10-21,6448,0
2024-10-21,6892,68958.34423137929
2024-10-21,6491,0
2024-10-21,6591,0
2024-10-21,6949,0
2024-10-21,7273,0
2024-10-21,7192,56313.99009658634
2024-10-21,7218,0
2024-10-22,6317,70475.50114436536
2024-10-22,6562,72410.90436226963
2024-10-22,6545,65256.58882160221
2024-10-22,6494,70442.18688644345
2024-10-22,6563,70006.45791496774
2024-10-22,7150,70111.6446589602
2024-10-22,6846,73734.52374906706
2024-10-22,6480,75297.03288294333
2024-10-22,6364,71206.69981087041
2024-10-22,7065,70409.32374459381
2024-10-22,6372,67850.24602422197
2024-10-22,6396,70210.49126709923
2024-10-22,7225,70177.8650933484
2024-10-22,7180,57644.617832628835
2024-10-22,7221,69411.85382738705
2024-10-22,6794,61115.41416625666
2024-10-22,6435,71284.4961620332
2024-10-22,7242,55543.90098321013
2024-10-22,6558,70019.27989920769
2024-10-22,6777,61602.67650416538
2024-10-22,6800,66095.23884488436
2024-10-22,6830,73149.07923233551
2024-10-22,6936,50768.10972638538
2024-10-22,6922,71842.0845298015
2024-10-22,6358,74992.05551503443
2024-10-22,6919,69906.56050512088
2024-10-22,6425,60228.62840676169
2024-10-22,7145,67784.27928414133
2024-10-22,6737,72110.61366984843
2024-10-22,7072,60159.44059688346
2024-10-22,6756,62455.37570744248
2024-10-22,6880,68432.15953082533
2024-10-22,7240,71441.67358637012
2024-10-22,6346,66617.01786588522
2024-10-22,6856,70047.92896901243
2024-10-22,6577,70127.77799570885
2024-10-22,6475,69847.24755291514
2024-10-22,6426,68626.89073704035
2024-10-22,7124,56959.03551244841
2024-10-22,6043,71985.90005306626
2024-10-22,6493,66719.3444072843
2024-10-22,7184,65022.22893625894
2024-10-22,6747,59240.732732132
2024-10-22,6779,65495.299867134665
2024-10-22,6291,62227.51774121081
2024-10-22,7174,72392.68056530698
2024-10-22,7268,68153.56639107325
2024-10-22,6670,71870.1500109495
2024-10-22,7025,69876.90314998187
2024-10-22,7236,72154.02567970126
2024-10-22,7244,73692.25172064872
2024-10-22,6689,71078.90045701411
2024-10-22,6751,66705.95311027912
2024-10-22,6726,71925.62279604166
2024-10-22,6798,81066.9642936448
2024-10-22,7016,70049.76494861918
2024-10-22,6498,69761.50181487176
2024-10-22,7026,70689.501670803
2024-10-22,7052,68800.24115673987
2024-10-22,6789,69547.63872234242
2024-10-22,7097,70821.57154488312
2024-10-22,7037,64307.96276703528
2024-10-22,7156,69246.29886542198
2024-10-22,6909,71302.99911526752
2024-10-22,6451,72225.90495371875
2024-10-22,7282,72087.89099346267
2024-10-22,6330,62149.27156532206
2024-10-22,6335,67281.89536915989
2024-10-22,7067,73803.28207875665
2024-10-22,6956,64126.350458105815
2024-10-22,7056,72473.07464287337
2024-10-22,6536,57606.27585504075
2024-10-22,6431,77409.10650734979
2024-10-22,7178,82195.60524804359
2024-10-22,6603,69133.10886023295
2024-10-22,6420,72452.47614270519
2024-10-22,6445,70277.86534191253
2024-10-22,6985,71178.89992489919
2024-10-22,6342,70148.22052461318
2024-10-22,6295,70951.2725382164
2024-10-22,7169,72358.79679755369
2024-10-22,7139,73270.73515510892
2024-10-22,7078,50576.43156383983
2024-10-22,6767,71378.96424140313
2024-10-22,6338,64785.87905790497
2024-10-22,6304,70333.34946384687
2024-10-22,6597,74560.13459211368
2024-10-22,6360,69022.72197424118
2024-10-22,6942,65357.13471546356
2024-10-22,6662,71370.45816621749
2024-10-22,6968,67003.05441555737
2024-10-22,6635,69937.90129511384
2024-10-22,6633,53204.484429377306
2024-10-22,7234,57393.25239928597
2024-10-22,7073,72252.14085385244
2024-10-22,6414,70025.5018411254
2024-10-22,6336,73086.6455681258
2024-10-22,6693,69356.47726439536
2024-10-22,7096,71455.98183966782
2024-10-22,7054,68339.02053706741
2024-10-22,6842,69565.4145937874
2024-10-22,6868,64244.590842082376
2024-10-22,7024,73170.34823963324
2024-10-22,6944,84117.89568676733
2024-10-22,6666,73829.84977021461
2024-10-22,6454,75382.88594684492
2024-10-22,6851,64349.078039858854
2024-10-22,6523,70984.40906907902
2024-10-22,6903,77970.60261102744
2024-10-22,6436,71797.52294388699
2024-10-22,7102,71604.29646488253
2024-10-22,6810,68943.86028926134
2024-10-22,6453,71511.13444231165
2024-10-22,7125,70266.54255001145
2024-10-22,6450,68985.82313952396
2024-10-22,6718,61809.81079596979
2024-10-22,7084,63268.41933139125
2024-10-22,6731,72691.96762604764
2024-10-22,6538,56114.95850546105
2024-10-22,6239,69446.32352002585
2024-10-22,6773,64501.877965087115
2024-10-22,6727,65227.77267688295
2024-10-22,6959,66357.14556395807
2024-10-22,7122,74159.7885569806
2024-10-22,6774,66252.35215258492
2024-10-22,6797,72065.39716768054
2024-10-22,6331,66877.88502674054
2024-10-22,6607,73430.67937180522
2024-10-22,6568,70710.40896707162
2024-10-22,6373,72552.83858253135
2024-10-22,6804,73179.76061034767
2024-10-22,6927,75601.70533485763
2024-10-22,6741,68110.59233148106
2024-10-22,6629,73051.06374744265
2024-10-22,6787,67787.21250130159
2024-10-22,7030,69151.66500713544
2024-10-22,6849,61089.252677329154
2024-10-22,6477,74515.58701177289
2024-10-22,7134,72085.51203558427
2024-10-22,7157,72051.92956336754
2024-10-22,6522,67957.56372080755
2024-10-22,6963,67814.62361166473
2024-10-22,7253,72734.01693486478
2024-10-22,6749,62443.98479130539
2024-10-22,6561,69985.77693426995
2024-10-22,7005,70710.26552408542
2024-10-22,7275,71316.4005815672
2024-10-22,6829,69582.13140718933
2024-10-22,6352,73919.65703537363
2024-10-22,6833,74999.50193053852
2024-10-22,6745,57132.77475203237
2024-10-22,6395,71113.23430008182
2024-10-22,6655,69272.63662708993
2024-10-22,6514,70024.85307628429
2024-10-22,6559,70112.04303320624
2024-10-22,7291,54185.444598099304
2024-10-22,6517,74806.39499435443
2024-10-22,6866,69792.85964537352
2024-10-22,7193,72852.36390490014
2024-10-22,6443,72818.76082058687
2024-10-22,7137,71364.00363490367
2024-10-22,6994,78167.51782963793
2024-10-22,6933,67011.26162043899
2024-10-22,7200,69533.23583178435
2024-10-22,7155,70100.84041288398
2024-10-22,6862,69514.6288803562
2024-10-22,7220,69760.35252251283
2024-10-22,6326,65983.47371244407
2024-10-22,6385,69977.32577492297
2024-10-22,6740,59046.66289358249
2024-10-22,6604,75132.07641909327
2024-10-22,6929,69967.16157258554
2024-10-22,6831,78943.5469640732
2024-10-22,7076,70043.43348164778
2024-10-22,6679,72126.02197624835
2024-10-22,6663,72171.49075279299
2024-10-22,6937,71168.35914670782
2024-10-22,6325,69153.53778181742
2024-10-22,6687,74276.69258799209
2024-10-22,6921,73561.1708282332
2024-10-22,7208,70214.64865473079
2024-10-22,6870,70644.85247211618
2024-10-22,6865,71441.90788603795
2024-10-22,6439,71463.43989946926
2024-10-22,6407,69190.9500291293
2024-10-22,6723,55603.659964066086
2024-10-22,6307,69024.63025591894
2024-10-22,7031,68015.24071915455
2024-10-22,6569,64906.71343162998
2024-10-22,7146,73106.072018766
2024-10-22,7066,63126.296689530645
2024-10-22,7170,64635.0477745428
2024-10-22,7075,64131.9212859819
2024-10-22,7008,71065.44376566741
2024-10-22,7249,63043.17300747291
2024-10-22,7185,57415.49958683756
2024-10-22,7295,69865.7759550658
2024-10-22,6583,63770.57393711959
2024-10-22,6092,74185.01803979366
2024-10-22,6488,69055.89085891689
2024-10-22,6417,72430.72554863202
2024-10-22,6510,73128.64362547203
2024-10-22,6827,73071.17085334678
2024-10-22,6507,69069.76233809897
2024-10-22,7034,69003.0900062431
2024-10-22,6501,71812.19394351925
2024-10-22,6681,71934.77565340053
2024-10-22,7092,76169.19340015906
2024-10-22,6446,72711.3258670866
2024-10-22,6728,71068.66406536613
2024-10-22,7068,68633.89240914825
2024-10-22,6534,71260.14875439073
2024-10-22,6560,71570.84363508693
2024-10-22,6644,72227.34759838026
2024-10-22,7012,66611.58524617484
2024-10-22,7152,68869.19269809482
2024-10-22,6546,70307.61923612011
2024-10-22,7039,68648.91066594126
2024-10-22,7149,72648.92633566719
2024-10-22,6757,55646.70693636919
2024-10-22,7241,59129.992608569206
2024-10-22,6876,73181.313679097555
2024-10-22,6858,68170.66984311052
2024-10-22,6643,73572.86284787842
2024-10-22,6455,67305.42444328258
2024-10-22,7060,72961.87422527111
2024-10-22,6997,74041.45546699005
2024-10-22,7248,73016.32466360941
2024-10-22,6524,71450.47744918523
2024-10-22,6094,73565.15472994711
2024-10-22,7278,84394.24999654549
2024-10-22,6434,71624.7824879658
2024-10-22,6328,72134.08216986913
2024-10-22,6962,74981.84674287589
2024-10-22,6974,67658.34816609666
2024-10-22,6418,75588.39576515104
2024-10-22,7109,63375.94727401596
2024-10-22,6251,62722.65153939471
2024-10-22,6349,58698.14745373671
2024-10-22,6928,74967.2538806928
2024-10-22,7292,70558.27556275498
2024-10-22,6780,70553.87533325778
2024-10-22,6669,68713.46875123578
2024-10-22,6630,69582.80090919501
2024-10-22,6476,67827.45985623327
2024-10-22,6548,67639.26873044763
2024-10-22,6878,67761.82174706893
2024-10-22,6940,70630.13133884365
2024-10-22,6544,68607.95485198742
2024-10-22,6042,73582.55470323571
2024-10-22,6838,68447.99144796561
2024-10-22,6619,68017.34932356757
2024-10-22,6891,62390.744107576254
2024-10-22,6725,70237.06895664903
2024-10-22,7202,73451.32963683474
2024-10-22,6674,70781.78041426657
2024-10-22,6540,70673.3307964334
2024-10-22,6736,72530.57806117328
2024-10-22,6637,52999.23732608474
2024-10-22,6254,72736.52199360865
2024-10-22,6755,57236.79359693464
2024-10-22,6835,76264.95102259456
2024-10-22,6101,77615.15505769744
2024-10-22,6357,68478.69709705848
2024-10-22,6553,51917.04680993999
2024-10-22,6824,68017.40113899128
2024-10-22,7289,72863.75255047178
2024-10-22,7126,62061.41184895986
2024-10-22,7281,68853.52742937104
2024-10-22,6213,69614.2908315039
2024-10-22,6894,66848.41004000226
2024-10-22,6861,71628.74929488188
2024-10-22,6845,71635.71987617582
2024-10-22,6368,68101.90063232552
2024-10-22,6366,70075.53004411381
2024-10-22,7271,72279.28209887412
2024-10-22,6594,72067.40004950279
2024-10-22,7189,63364.3139745463
2024-10-22,6923,68877.95736029898
2024-10-22,7188,68841.45081838749
2024-10-22,6581,70306.7242536154
2024-10-22,7213,70067.47145534577
2024-10-22,6965,69799.78188260992
2024-10-22,7053,62412.348326154126
2024-10-22,7199,73423.1663515276
2024-10-22,6896,70122.17238830579
2024-10-22,7063,63085.55550320171
2024-10-22,6954,66734.54000399598
2024-10-22,7296,69221.77856510688
2024-10-22,6298,57929.248294859804
2024-10-22,6072,71244.19346107026
2024-10-22,6925,73184.46748623357
2024-10-22,6430,102376.39202637254
2024-10-22,6977,57849.90694886796
2024-10-22,7226,69852.86904216574
2024-10-22,6602,55409.82809083155
2024-10-22,6248,64439.08713230637
2024-10-22,6882,69165.13998424163
2024-10-22,6389,71444.66102974825
2024-10-22,6809,70264.04670924005
2024-10-22,6639,66049.26473179489
2024-10-22,6811,71389.31641318952
2024-10-22,6424,70824.07170697954
2024-10-22,6722,64096.36138982466
2024-10-22,7077,71800.23091598031
2024-10-22,6776,70409.17310312139
2024-10-22,7104,69836.36449660803
2024-10-22,7254,70474.67654662639
2024-10-22,7196,69572.98519140306
2024-10-22,6519,70000.11989261092
2024-10-22,7182,68342.14698098325
2024-10-22,6860,71540.27474740043
2024-10-22,6924,70359.14227014032
2024-10-22,7116,72800.50351391351
2024-10-22,6957,70766.27718728334
2024-10-22,6852,67417.83798763808
2024-10-22,6769,66248.14556408698
2024-10-22,6632,70509.38674677929
2024-10-22,6761,68604.1173442365
2024-10-22,6380,54790.628706849195
2024-10-22,6869,69412.60283226125
2024-10-22,7017,73874.685098263275
2024-10-22,6753,55245.577913175504
2024-10-22,7090,74703.66243843263
2024-10-22,6327,70123.54539883976
2024-10-22,7219,56997.1776355355
2024-10-22,6429,67594.2635667535
2024-10-22,6567,70420.34072183815
2024-10-22,6323,73314.09570809307
2024-10-22,7293,76242.83800336489
2024-10-22,7021,71056.64762288344
2024-10-22,6898,71170.58744156985
2024-10-22,7276,74902.42641329803
2024-10-22,7173,57897.81775301221
2024-10-22,7207,82099.12972263094
2024-10-22,6410,57356.55850682377
2024-10-22,7070,73881.10647041176
2024-10-22,6879,71994.70146034316
2024-10-22,6961,72991.896823831
2024-10-22,6520,70221.54418931688
2024-10-22,6428,76761.77001739903
2024-10-22,6088,70556.42828037377
2024-10-22,7288,69838.98237704889
2024-10-22,7258,69446.12707881547
2024-10-22,6382,72278.75898262045
2024-10-22,7048,73137.96745219933
2024-10-22,6232,76550.76023238573
2024-10-22,6423,70517.53565401844
2024-10-22,6906,74770.94207538983
2024-10-22,7260,70722.17974208917
2024-10-22,6941,67304.03034666879
2024-10-22,6680,66555.89207566578
2024-10-22,6512,70826.50077693418
2024-10-22,6668,75817.8199441173
2024-10-22,6935,75573.02006238121
2024-10-22,6900,69001.97562137427
2024-10-22,6960,76559.88529535443
2024-10-22,7205,70965.93452497598
2024-10-22,7069,68393.0812706264
2024-10-22,6554,51229.17283692
2024-10-22,6887,72356.21718526947
2024-10-22,6952,65762.14190178688
2024-10-22,7098,63927.029902308845
2024-10-22,7050,57097.75088262336
2024-10-22,7089,73076.3352516397
2024-10-22,7214,69043.43171976351
2024-10-22,7239,150261.43427446095
2024-10-22,6832,73785.01951612724
2024-10-22,7004,68559.7917804447
2024-10-22,7287,70172.41964765552
2024-10-22,6505,72353.64906325864
2024-10-22,7274,67093.90036112751
2024-10-22,7020,74443.25430398068
2024-10-22,6598,77300.74241917026
2024-10-22,7064,68809.68693281082
2024-10-22,6550,69683.84754172101
2024-10-22,6971,70901.45785213704
2024-10-22,6948,76005.8293503781
2024-10-22,7151,69078.63456389864
2024-10-22,6039,68379.81560822179
2024-10-22,6624,56580.92345845331
2024-10-22,6881,60753.123329912574
2024-10-22,6267,69605.56380499444
2024-10-22,6875,70728.302967579
2024-10-22,6287,71467.12559109635
2024-10-22,6764,64004.07733209528
2024-10-22,7141,70369.56248126586
2024-10-22,7042,74678.63165775957
2024-10-22,7187,61379.121638585806
2024-10-22,7010,70951.84992239623
2024-10-22,6758,54573.47446975229
2024-10-22,7043,71590.36540141428
2024-10-22,7035,68524.97559584978
2024-10-22,7000,75701.65632641739
2024-10-22,6504,67271.73263959466
2024-10-22,7014,73845.81162529023
2024-10-22,6297,68402.91731090436
2024-10-22,6515,71859.20166417914
2024-10-22,7136,74966.74481224068
2024-10-22,6600,70867.08583994237
2024-10-22,6398,83926.31644476972
2024-10-22,7147,67525.42725636743
2024-10-22,7040,66507.32677265181
2024-10-22,6636,73716.85749991387
2024-10-22,6642,68885.4281805453
2024-10-22,6329,68954.69476732255
2024-10-22,6839,57661.58332416709
2024-10-22,7081,72491.82233224514
2024-10-22,7186,60062.52649248333
2024-10-22,7022,67131.78835215753
2024-10-22,6576,68189.10937775197
2024-10-22,6647,70565.2697423296
2024-10-22,6734,63906.50675531231
2024-10-22,6585,71204.99711826378
2024-10-22,6733,63395.880294047674
2024-10-22,6759,58645.302188231
2024-10-22,7283,68049.1752413015
2024-10-22,7195,72439.96264863646
2024-10-22,6844,69597.98996419474
2024-10-22,7105,78299.60666800424
2024-10-22,6552,72151.04077618303
2024-10-22,6897,69270.4941361656
2024-10-22,6564,73352.45830669205
2024-10-22,7190,63239.49512604225
2024-10-22,7127,67281.92900428959
2024-10-22,7206,76321.31053138374
2024-10-22,7224,73169.26584380527
2024-10-22,6934,71377.06045286583
2024-10-22,6716,70544.52692813505
2024-10-22,6899,72756.1071895155
2024-10-22,6801,59132.28803935152
2024-10-22,6623,66430.82397910026
2024-10-22,7110,69251.6306220071
2024-10-22,6482,73558.62936317374
2024-10-22,7101,71971.63180693421
2024-10-22,6788,69147.56112379074
2024-10-22,6932,69375.04504058728
2024-10-22,6402,70595.8563575422
2024-10-22,6268,68332.75132945763
2024-10-22,6525,72992.2083117256
2024-10-22,6531,67282.04413766609
2024-10-22,7019,58907.86574312725
2024-10-22,7028,70756.86786083582
2024-10-22,7261,69223.0483037104
2024-10-22,6509,70472.0737733978
2024-10-22,7129,70031.4539908311
2024-10-22,6299,64810.95035435679
2024-10-22,7246,71556.7399702206
2024-10-22,7111,67127.06613958633
2024-10-22,7279,69787.87337565456
2024-10-22,7112,69865.79844763079
2024-10-22,6724,67059.924689696
2024-10-22,6547,67815.33909206567
2024-10-22,7251,72335.65710970793
2024-10-22,7038,75862.36718865646
2024-10-22,6496,69640.41188411418
2024-10-22,6245,70641.15849832818
2024-10-22,6406,73960.84928523494
2024-10-22,6574,70291.96802581006
2024-10-22,7130,62374.05716035436
2024-10-22,7197,69893.96298719163
2024-10-22,6506,74350.54916251887
2024-10-22,6826,67835.73150842011
2024-10-22,6120,69919.28786209914
2024-10-22,7172,57693.07431388304
2024-10-22,6834,74236.15011402206
2024-10-22,7100,59160.97899715135
2024-10-22,6490,70833.16445776593
2024-10-22,6438,70202.42606484923
2024-10-22,6246,68444.63345580823
2024-10-22,7083,69624.81441928269
2024-10-22,6634,69735.4701921231
2024-10-22,6649,77427.66042499337
2024-10-22,6272,71089.97286495192
2024-10-22,6367,66116.73061078554
2024-10-22,6616,77156.23447148559
2024-10-22,7135,73057.62504356005
2024-10-22,6885,70973.19104241763
2024-10-22,6582,67836.78729884184
2024-10-22,6313,70109.36177479927
2024-10-22,6250,69376.02176462986
2024-10-22,7107,66054.4630373198
2024-10-22,7047,93312.80683871724
2024-10-22,6931,61271.12217613897
2024-10-22,6817,73829.92905825123
2024-10-22,6883,66701.75895002326
2024-10-22,6427,72288.39786449335
2024-10-22,6695,72242.0750886601
2024-10-22,6384,71731.9799845238
2024-10-22,6485,50774.60676482564
2024-10-22,6872,59568.38327157696
2024-10-22,6054,67517.36735205006
2024-10-22,6487,72157.75873548663
2024-10-22,6978,68744.89780380377
2024-10-22,6841,69579.47266184945
2024-10-22,7006,67965.38046035817
2024-10-22,6853,60116.21342886718
2024-10-22,7007,68363.75464407828
2024-10-22,6784,68862.23681326852
2024-10-22,7209,57721.36997452115
2024-10-22,6351,69131.70227467915
2024-10-22,6599,73837.86565953847
2024-10-22,6792,62573.38189385133
2024-10-22,6803,62404.520333368935
2024-10-22,7113,54387.406286246725
2024-10-22,7216,69078.34605545831
2024-10-22,7217,68476.2205377947
2024-10-22,7267,77595.39368827576
2024-10-22,6659,55022.558272409486
2024-10-22,6571,70261.19203130012
2024-10-22,6370,67522.86560445736
2024-10-22,7121,61535.05359335227
2024-10-22,7201,68170.62164346078
2024-10-22,6999,69375.50801870857
2024-10-22,6813,70273.10990070077
2024-10-22,6854,71856.83566123513
2024-10-22,7269,72712.70576514091
2024-10-22,6167,71977.82491816866
2024-10-22,6785,57077.54998803296
2024-10-22,6087,71792.23121097349
2024-10-22,6626,69846.75439091906
2024-10-22,7087,75883.7688958866
2024-10-22,6658,59935.8187028656
2024-10-22,6717,74072.14147105765
2024-10-22,6719,65675.40667514296
2024-10-22,6390,70357.87033229401
2024-10-22,6750,70257.7807705295
2024-10-22,7231,69179.77000493003
2024-10-22,7238,72380.64737345422
2024-10-22,7049,64270.55511437155
2024-10-22,6746,60569.60458780114
2024-10-22,7018,57017.35665566258
2024-10-22,6783,74224.37934862201
2024-10-22,6911,71849.42225416932
2024-10-22,6379,73008.89197752537
2024-10-22,7198,128556.31912878844
2024-10-22,7033,72147.85041008327
2024-10-22,6535,68476.51590708201
2024-10-22,6686,70789.63287173446
2024-10-22,6249,70386.35973161637
2024-10-22,6873,69817.85852525766
2024-10-22,6225,66036.10397909606
2024-10-22,6648,73828.6389497038
2024-10-22,6660,72306.58606851455
2024-10-22,6400,69566.45927222472
2024-10-22,7131,68717.02263777865
2024-10-22,6857,68354.13339176931
2024-10-22,6456,71874.27711973888
2024-10-22,7144,74719.47589160159
2024-10-22,6452,75017.60120936549
2024-10-22,6516,71886.01547652976
2024-10-22,6392,89986.51253290757
2024-10-22,6618,70543.37867285436
2024-10-22,7128,72711.25581399929
2024-10-22,6888,72214.77613892064
2024-10-22,6345,72892.63140535967
2024-10-22,6393,69867.82133208278
2024-10-22,6631,67566.61227025965
2024-10-22,6730,59495.51683230887
2024-10-22,7168,60823.494992806394
2024-10-22,7095,74252.69522294578
2024-10-22,6411,64137.54115276055
2024-10-22,7106,70622.35523946851
2024-10-22,6692,76406.1871117814
2024-10-22,6082,70384.99498576767
2024-10-22,6518,69725.122158317
2024-10-22,7091,72504.00338498104
2024-10-22,6799,69507.57650919132
2024-10-22,7140,67285.61726351589
2024-10-22,6388,76042.87153027706
2024-10-22,6641,62782.73290349068
2024-10-22,6374,70266.68949948129
2024-10-22,7272,73677.37315114745
2024-10-22,6664,75592.35266837777
2024-10-22,6762,68123.11767216698
2024-10-22,7080,66762.5115159131
2024-10-22,7117,67373.63058112025
2024-10-22,6348,68199.24651269263
2024-10-22,7223,68599.87113150595
2024-10-22,6768,70526.5064893249
2024-10-22,7011,70647.68416374203
2024-10-22,6324,64918.68002825622
2024-10-22,6333,73423.55384675428
2024-10-22,7009,83476.35712881277
2024-10-22,6696,70329.38917665888
2024-10-22,6332,70490.94862733819
2024-10-22,6533,70579.36846728766
2024-10-22,6565,74973.88250232562
2024-10-22,7085,74022.14350375158
2024-10-22,6715,69383.86697756598
2024-10-22,6408,77364.7503922072
2024-10-22,6812,67983.93105545355
2024-10-22,6601,70971.63448437066
2024-10-22,6973,71764.39241265427
2024-10-22,6586,72074.16089947037
2024-10-22,7250,63887.91438811494
2024-10-22,7175,67788.3027719937
2024-10-22,7211,68273.85714682435
2024-10-22,6447,68755.56334025691
2024-10-22,6432,69208.862504425
2024-10-22,6511,69629.56103243196
2024-10-22,6387,68593.48498077941
2024-10-22,6320,73133.07054665405
2024-10-22,6588,74764.45800015616
2024-10-22,6926,74709.71697532528
2024-10-22,7227,72975.58611692814
2024-10-22,7032,65654.53751247247
2024-10-22,6318,69976.03460719385
2024-10-22,7036,70229.33140774674
2024-10-22,7062,62057.55684832673
2024-10-22,6884,76106.00011539059
2024-10-22,6752,62556.55593291189
2024-10-22,7222,111280.90362728032
2024-10-22,6714,70656.36198978452
2024-10-22,7027,73380.7313071656
2024-10-22,6877,70510.84215331533
2024-10-22,6815,66902.63954278849
2024-10-22,6363,74993.53341632326
2024-10-22,6951,71322.4242276049
2024-10-22,7108,69891.84843745021
2024-10-22,7171,58409.94496732991
2024-10-22,6966,72326.158113657
2024-10-22,6025,72408.2360421844
2024-10-22,7115,68909.94145875842
2024-10-22,7256,76496.29421040922
2024-10-22,6580,68800.26817954825
2024-10-22,6413,70441.80558881798
2024-10-22,6775,74943.66070258156
2024-10-22,6609,72043.02160414291
2024-10-22,6266,74706.74144103819
2024-10-22,6437,76683.9575481188
2024-10-22,6763,70787.0968377257
2024-10-22,6575,57066.22604693959
2024-10-22,6953,61910.434582593785
2024-10-22,6316,71405.16286073357
2024-10-22,6661,69950.58761942542
2024-10-22,6863,69879.49868489285
2024-10-22,7280,69199.88849287243
2024-10-22,6334,73509.47020614085
2024-10-22,6590,74440.12520287045
2024-10-22,6503,66382.02074094283
2024-10-22,6993,68831.88204612865
2024-10-22,6905,61495.94979050565
2024-10-22,6526,66444.83693909041
2024-10-22,7265,72904.87065969278
2024-10-22,6675,71949.63078975749
2024-10-22,7159,78279.16037528815
2024-10-22,6350,68625.66136161564
2024-10-22,7003,72391.65133936888
2024-10-22,6676,70266.7808555538
2024-10-22,7165,60289.761482095906
2024-10-22,6874,68465.281003578
2024-10-22,6754,59466.687387007645
2024-10-22,7210,69135.69950615762
2024-10-22,6541,71191.39409004411
2024-10-22,6441,72680.7165035138
2024-10-22,6508,68139.37400098037
2024-10-22,6967,70069.90443465645
2024-10-22,7079,71279.08545127384
2024-10-22,6904,62104.54367578328
2024-10-22,6492,76699.24103592431
2024-10-22,7086,71725.3211707885
2024-10-22,7013,68227.34189680222
2024-10-22,6930,72731.51994363597
2024-10-22,7183,70941.26491147898
2024-10-22,6918,73324.1007375558
2024-10-22,6970,72449.68606270145
2024-10-22,7002,67191.55640710199
2024-10-22,7245,70078.378876441
2024-10-22,6969,69913.33253752209
2024-10-22,6972,72181.5179441894
2024-10-22,6782,59356.81992165889
2024-10-22,6549,72304.45039454575
2024-10-22,6448,0
2024-10-22,6491,0
2024-10-22,6892,69336.25306357701
2024-10-22,6591,0
2024-10-22,6949,0
2024-10-22,7273,0
2024-10-22,7218,0
2024-10-22,7192,56313.80214755527
2024-10-23,6332,70049.31684767456
2024-10-23,7287,70003.55032365356
2024-10-23,6970,72866.4483220662
2024-10-23,7130,62633.91323199466
2024-10-23,7200,69112.89031201515
2024-10-23,6937,71281.48499136484
2024-10-23,6897,69190.64448585198
2024-10-23,6514,69960.69661515388
2024-10-23,7169,72442.46538709916
2024-10-23,6763,71016.16300037337
2024-10-23,6439,71496.28886054306
2024-10-23,6844,69644.67481892894
2024-10-23,7265,73001.91269991708
2024-10-23,6785,57600.85620957862
2024-10-23,6317,70335.02212298465
2024-10-23,7137,71024.98983037684
2024-10-23,7189,63151.59595169813
2024-10-23,6042,73689.32352826986
2024-10-23,7168,61782.9676345328
2024-10-23,6755,56503.10186631848
2024-10-23,6894,67826.63702796177
2024-10-23,7095,74392.71940065871
2024-10-23,7048,73623.74414356497
2024-10-23,6324,65158.679613890126
2024-10-23,6428,76663.0041915791
2024-10-23,6304,70911.955604434
2024-10-23,6581,69762.72197141992
2024-10-23,7047,92967.87545832383
2024-10-23,6245,69765.57876760635
2024-10-23,6574,69894.0565099101
2024-10-23,6723,55181.93094038204
2024-10-23,7002,67272.99089788817
2024-10-23,7017,73726.5879371926
2024-10-23,6957,71057.298057948
2024-10-23,6547,69168.69707821842
2024-10-23,7224,73252.52298162278
2024-10-23,6935,76775.2477279088
2024-10-23,7280,69078.9149463739
2024-10-23,7037,64313.97208158364
2024-10-23,6438,69206.41521858916
2024-10-23,6783,72925.7904363228
2024-10-23,6477,74565.94712676512
2024-10-23,7271,72735.94965584108
2024-10-23,6745,56486.16400582534
2024-10-23,7231,69232.40303497932
2024-10-23,6631,67949.753933568
2024-10-23,6809,69497.69004500426
2024-10-23,6967,70184.12902230912
2024-10-23,6430,102105.9598343172
2024-10-23,7131,69580.73824130216
2024-10-23,7276,75006.16059998308
2024-10-23,7269,71569.84250322713
2024-10-23,7068,69479.53524720327
2024-10-23,6746,60728.02092093729
2024-10-23,6488,68203.26610517883
2024-10-23,6944,83087.46064114968
2024-10-23,6874,68571.2309940437
2024-10-23,6342,70185.29371269273
2024-10-23,6507,70276.55228041978
2024-10-23,7052,69961.43735367234
2024-10-23,6726,71516.31284823622
2024-10-23,6956,65135.67335063808
2024-10-23,6974,67547.43391705079
2024-10-23,7022,67926.00396744582
2024-10-23,6493,66579.138197428
2024-10-23,6496,68811.42242511378
2024-10-23,6680,66571.65528637204
2024-10-23,6880,68947.78512503374
2024-10-23,6225,66053.05941210494
2024-10-23,7105,77854.2566438673
2024-10-23,7250,64015.03869828499
2024-10-23,7219,55759.55200090637
2024-10-23,6531,67207.40261189049
2024-10-23,6662,70402.36871847311
2024-10-23,6335,66939.86137769507
2024-10-23,6498,69746.85691643249
2024-10-23,6756,62630.523141611025
2024-10-23,6374,70624.71511229374
2024-10-23,6905,61282.1188484027
2024-10-23,6580,68999.20460636949
2024-10-23,6327,70158.7678125439
2024-10-23,6663,71620.45078940524
2024-10-23,7254,70669.38452889764
2024-10-23,7217,69051.15271374752
2024-10-23,7238,72486.98394902927
2024-10-23,6451,70842.21171906737
2024-10-23,6350,68180.97018721848
2024-10-23,6336,73055.42578753721
2024-10-23,7116,72689.23844156196
2024-10-23,6525,72731.42595231548
2024-10-23,6025,72081.59154427054
2024-10-23,7278,83817.62734898322
2024-10-23,6971,70992.08692208437
2024-10-23,7028,70208.75895485381
2024-10-23,6929,69955.66571546951
2024-10-23,6803,63856.645198604456
2024-10-23,7007,68462.5840463459
2024-10-23,6254,71905.71728785362
2024-10-23,7289,72313.30992390534
2024-10-23,6776,71633.5141680433
2024-10-23,6831,79611.7815520619
2024-10-23,6291,62348.738775524114
2024-10-23,6402,70920.46660135189
2024-10-23,7079,71288.59908994628
2024-10-23,6538,57286.45785604039
2024-10-23,7258,69791.28132467021
2024-10-23,6453,71188.98910603729
2024-10-23,6413,70395.28592972593
2024-10-23,7282,72267.79266120106
2024-10-23,6768,70347.87363794612
2024-10-23,6882,69109.10802634068
2024-10-23,6446,72885.5834257388
2024-10-23,7062,61585.28241196388
2024-10-23,7109,62803.967494402656
2024-10-23,6417,72636.52701659554
2024-10-23,7012,67049.87653280326
2024-10-23,6856,70271.41954591828
2024-10-23,6849,66559.58318572368
2024-10-23,6382,72290.27829704036
2024-10-23,6571,70326.1640049975
2024-10-23,6927,74552.98539524518
2024-10-23,7205,71710.48197967128
2024-10-23,7182,69435.32078993386
2024-10-23,6797,72859.05637289595
2024-10-23,6368,68063.93437626716
2024-10-23,6364,70734.50189823979
2024-10-23,7201,68350.69416318387
2024-10-23,6475,70983.38468026266
2024-10-23,6659,54994.18456988407
2024-10-23,6506,74183.84829400571
2024-10-23,6936,50639.19722507233
2024-10-23,6373,73086.70358599642
2024-10-23,7139,72879.17844698144
2024-10-23,7221,71070.70092946972
2024-10-23,6757,56087.125292512406
2024-10-23,6774,66778.51642040991
2024-10-23,6389,70063.2349876331
2024-10-23,6396,70949.36657479011
2024-10-23,7115,70816.57276493916
2024-10-23,6761,68766.24285669318
2024-10-23,7036,70787.03662473566
2024-10-23,6804,73142.57978972865
2024-10-23,6492,76435.04226260894
2024-10-23,6845,72708.38391968921
2024-10-23,6832,73975.12125345477
2024-10-23,7125,70090.92872227941
2024-10-23,7110,69366.79711819335
2024-10-23,7245,69540.01008669284
2024-10-23,6733,63687.72914283392
2024-10-23,6427,72474.30989318056
2024-10-23,7092,76359.74506173251
2024-10-23,6749,62463.187015299125
2024-10-23,6485,51073.67126431443
2024-10-23,6842,69660.38211770507
2024-10-23,6307,68783.26948322731
2024-10-23,6885,70769.83112600652
2024-10-23,7020,74197.10597753785
2024-10-23,7159,78305.59912632448
2024-10-23,6997,73467.51756457877
2024-10-23,6544,68779.0220042798
2024-10-23,6541,71343.9639401308
2024-10-23,6299,63161.0551321353
2024-10-23,6649,77525.74013038624
2024-10-23,6676,69967.32971053474
2024-10-23,6722,64310.872911745886
2024-10-23,6487,72019.17010269842
2024-10-23,6092,74629.18328147497
2024-10-23,7147,67813.2508737729
2024-10-23,6963,68915.76198197872
2024-10-23,7127,67284.6566016173
2024-10-23,6909,71295.67549264997
2024-10-23,6769,65231.4271825678
2024-10-23,6360,69291.1286019297
2024-10-23,6973,72112.742452142
2024-10-23,6887,73776.0953419044
2024-10-23,6953,63769.88085840746
2024-10-23,7065,70716.84603065561
2024-10-23,6454,75994.5805622278
2024-10-23,6167,73110.71575308044
2024-10-23,7011,71027.31228828963
2024-10-23,6548,69189.00491329996
2024-10-23,7089,75644.48476879552
2024-10-23,6333,73511.56764492317
2024-10-23,6643,73544.911754641
2024-10-23,6873,69842.37558077722
2024-10-23,6846,73728.99698858545
2024-10-23,7034,69105.84233733676
2024-10-23,6414,69548.79205180675
2024-10-23,7064,69635.29636751542
2024-10-23,6425,60711.01944880656
2024-10-23,6516,72674.73671176484
2024-10-23,6410,59526.28062485801
2024-10-23,7076,69841.07429575684
2024-10-23,7005,70631.2863439268
2024-10-23,6345,72916.31540148308
2024-10-23,7013,69175.22172411976
2024-10-23,6515,72425.95708642107
2024-10-23,6881,60962.329562408624
2024-10-23,6535,68662.743567783
2024-10-23,6718,61983.59075343477
2024-10-23,6480,75323.43334869808
2024-10-23,6870,70920.37615496058
2024-10-23,6773,65478.061315603074
2024-10-23,6456,71851.54498696071
2024-10-23,6523,70907.98032535808
2024-10-23,7000,75515.17174145162
2024-10-23,7032,64692.33070196351
2024-10-23,7151,69255.95155731945
2024-10-23,6450,70601.4523853212
2024-10-23,6977,57648.19425138912
2024-10-23,6922,71962.65596141519
2024-10-23,6737,71993.43921185951
2024-10-23,6512,70510.42455446575
2024-10-23,6372,67797.49807793745
2024-10-23,6674,71078.65746098506
2024-10-23,6630,69652.87998320766
2024-10-23,7018,57427.243923723785
2024-10-23,6879,71860.20099869154
2024-10-23,6834,74446.8271242677
2024-10-23,6660,72214.77179043196
2024-10-23,7112,70148.61260757394
2024-10-23,7081,73325.1289847302
2024-10-23,6054,67069.8165195563
2024-10-23,7172,57668.77778827548
2024-10-23,6267,69718.10707408572
2024-10-23,6687,74703.93348255071
2024-10-23,6724,66441.38806484394
2024-10-23,6298,61266.14623042187
2024-10-23,7239,150411.25757206746
2024-10-23,6424,70395.1682232399
2024-10-23,7086,76105.76734566607
2024-10-23,6695,72283.39810012504
2024-10-23,7097,71208.17741701534
2024-10-23,7267,77644.98272754176
2024-10-23,6517,73260.96598406397
2024-10-23,6792,62182.75975981283
2024-10-23,6633,53202.41079900708
2024-10-23,6367,66653.18655224322
2024-10-23,6213,69652.17728483077
2024-10-23,7096,70014.78935677702
2024-10-23,7213,69947.27079300265
2024-10-23,6553,52306.0845864292
2024-10-23,6426,68477.92811450249
2024-10-23,7207,80967.01418976313
2024-10-23,6838,68449.53545061409
2024-10-23,7121,61718.62065741713
2024-10-23,6959,66664.79311621595
2024-10-23,6647,70612.89539213695
2024-10-23,7117,67537.58858581127
2024-10-23,6696,70395.93597258639
2024-10-23,6420,72489.71011637768
2024-10-23,6540,71014.06027933939
2024-10-23,7021,70696.40103502924
2024-10-23,7242,55510.7256703426
2024-10-23,6564,73696.76662117736
2024-10-23,6689,71725.0331570526
2024-10-23,7113,55307.16032402362
2024-10-23,6452,75419.07909778286
2024-10-23,6899,73293.45005256658
2024-10-23,6398,83870.51873626029
2024-10-23,6736,74807.37446352575
2024-10-23,6841,69501.11095444838
2024-10-23,6740,59032.867735526816
2024-10-23,6395,71038.68608344125
2024-10-23,6594,71542.34281298135
2024-10-23,7070,73670.29547475907
2024-10-23,7149,73061.929842117
2024-10-23,6941,67982.81220754738
2024-10-23,6501,71715.41781347699
2024-10-23,6861,70793.35615338458
2024-10-23,7129,69941.8742421917
2024-10-23,6817,73836.90725885563
2024-10-23,6526,65461.54815179051
2024-10-23,7033,72091.92663125812
2024-10-23,7073,72501.11486647962
2024-10-23,6891,62780.395390527985
2024-10-23,6727,65522.112388369664
2024-10-23,6632,71333.54314111597
2024-10-23,6635,70359.52641700406
2024-10-23,6719,66940.60290247366
2024-10-23,7253,73153.83051440757
2024-10-23,6827,73305.75268076872
2024-10-23,6330,62574.3431004501
2024-10-23,6978,69124.17820141552
2024-10-23,6520,70232.93724225232
2024-10-23,7211,69934.15877000087
2024-10-23,6818,66970.14606983119
2024-10-23,6349,58950.53137079357
2024-10-23,6248,64249.120411125245
2024-10-23,6717,74597.7107467127
2024-10-23,6810,69122.56108592077
2024-10-23,6357,68610.22490509973
2024-10-23,6906,75145.56023838563
2024-10-23,6918,73524.92666282662
2024-10-23,6985,70910.13143259952
2024-10-23,6623,66426.79658075301
2024-10-23,7236,72793.19039425663
2024-10-23,6896,70517.29443326796
2024-10-23,7156,69343.37529646947
2024-10-23,6681,71755.19582242297
2024-10-23,6952,65731.0060589933
2024-10-23,6754,61401.67958607918
2024-10-23,6969,69938.47516952638
2024-10-23,7152,69113.70319155739
2024-10-23,6246,69227.56340018638
2024-10-23,6384,71538.3439013037
2024-10-23,6954,65139.78658845124
2024-10-23,7150,68947.80304915801
2024-10-23,7042,74896.46668701382
2024-10-23,7249,63210.79172549441
2024-10-23,6609,72132.2942875103
2024-10-23,6692,77371.59762971771
2024-10-23,7241,59766.47087464696
2024-10-23,6794,60901.46924220814
2024-10-23,6965,69743.57454542303
2024-10-23,6626,69978.66511743478
2024-10-23,6509,70944.48062423551
2024-10-23,6577,70542.09048114347
2024-10-23,6642,69077.06401019549
2024-10-23,7279,69887.28147173791
2024-10-23,6251,62482.10977681361
2024-10-23,7010,70836.80047355333
2024-10-23,7198,137462.34796222055
2024-10-23,6494,70658.4898872357
2024-10-23,6325,69808.19967528245
2024-10-23,7157,72380.26505286767
2024-10-23,6972,72964.30939316604
2024-10-23,7196,70763.94683996458
2024-10-23,6655,69491.82667638366
2024-10-23,6878,65584.68458106028
2024-10-23,6826,68274.08760767609
2024-10-23,7126,62202.03205009527
2024-10-23,6961,74313.35757826938
2024-10-23,6400,69608.06917001224
2024-10-23,6334,73583.57925848442
2024-10-23,6900,69568.05618674109
2024-10-23,6583,64586.30157393844
2024-10-23,6924,70853.94877280953
2024-10-23,7193,72624.58254432325
2024-10-23,6534,70810.12139251489
2024-10-23,7067,73605.7223476494
2024-10-23,7295,70183.750851915
2024-10-23,6490,70814.78113433096
2024-10-23,6585,75982.71985359362
2024-10-23,6338,64961.779888860394
2024-10-23,7006,68805.39736746147
2024-10-23,6994,78189.80881412336
2024-10-23,6406,74352.14520047967
2024-10-23,6830,73031.14165793291
2024-10-23,7014,73459.82815087201
2024-10-23,7272,73796.17158085639
2024-10-23,7091,72768.16095680177
2024-10-23,6510,72931.61355882659
2024-10-23,6728,70790.54073379742
2024-10-23,6503,66001.98648043266
2024-10-23,6853,60334.58145576981
2024-10-23,6616,76887.6935632049
2024-10-23,7080,67497.43615732109
2024-10-23,6407,68185.29515817437
2024-10-23,6434,71848.42795448784
2024-10-23,6387,69479.55528265708
2024-10-23,6993,69100.50833535213
2024-10-23,6634,69798.41785555064
2024-10-23,6380,57469.26537580593
2024-10-23,6648,73202.33967417254
2024-10-23,6762,68429.61220094554
2024-10-23,7180,57450.028192327394
2024-10-23,6618,71059.17028006878
2024-10-23,7216,69830.27245880477
2024-10-23,6519,70089.1184562248
2024-10-23,7043,72315.60821258982
2024-10-23,6928,72346.79979967687
2024-10-23,6644,71298.23795955528
2024-10-23,6851,63948.59351884266
2024-10-23,6869,70242.81472679359
2024-10-23,6602,59335.72407519455
2024-10-23,6811,71554.03040465618
2024-10-23,6120,69976.67732135594
2024-10-23,6824,67445.55826132961
2024-10-23,7202,73629.87684531223
2024-10-23,7195,72223.31218533235
2024-10-23,6619,68790.07264098122
2024-10-23,6388,75205.80597645587
2024-10-23,6666,73580.43017179762
2024-10-23,6408,77242.46753226567
2024-10-23,6552,72370.7938500343
2024-10-23,6268,70012.02969934048
2024-10-23,6331,67701.6922741125
2024-10-23,6586,73110.169666349
2024-10-23,6883,66521.53650440677
2024-10-23,6829,69421.33972227275
2024-10-23,6815,66289.63403232396
2024-10-23,6730,58846.41935783915
2024-10-23,7066,63653.73204063103
2024-10-23,7084,63848.36895731458
2024-10-23,6753,55203.71862140978
2024-10-23,7283,68244.76363267952
2024-10-23,7146,72929.50419406763
2024-10-23,7288,69867.25926686835
2024-10-23,6921,73406.92482210205
2024-10-23,7122,74304.62377024443
2024-10-23,6966,73051.81456087019
2024-10-23,6775,74857.89748658946
2024-10-23,7187,62189.16545011663
2024-10-23,7140,67289.19507791327
2024-10-23,6443,74578.07778963706
2024-10-23,7170,65384.277329500066
2024-10-23,6669,69192.45275816397
2024-10-23,6716,70957.4517363533
2024-10-23,6601,70941.93351948023
2024-10-23,7222,93594.6319993556
2024-10-23,6423,70518.66665378297
2024-10-23,7069,68687.95523124542
2024-10-23,6934,71998.3289918579
2024-10-23,6094,73683.9040554534
2024-10-23,6693,69918.19885387526
2024-10-23,6960,76545.50881579873
2024-10-23,6854,71783.94218167213
2024-10-23,6686,70973.59535451661
2024-10-23,6999,70327.60876086571
2024-10-23,7049,64408.82044691084
2024-10-23,7077,71770.16648756954
2024-10-23,6865,71455.7679347327
2024-10-23,6431,76753.07498577816
2024-10-23,6563,70114.43911043328
2024-10-23,6948,76011.4732511833
2024-10-23,7208,70367.05129435804
2024-10-23,6731,72365.23583129719
2024-10-23,7296,69809.78407787227
2024-10-23,7274,67976.6274815185
2024-10-23,7050,56767.23600023983
2024-10-23,7155,69104.63950564229
2024-10-23,6715,69584.79827651734
2024-10-23,7111,67182.40843288976
2024-10-23,6876,71512.9437845288
2024-10-23,7183,70551.064543975
2024-10-23,6932,69754.44386753981
2024-10-23,6482,73591.96937169309
2024-10-23,6432,69738.6252163254
2024-10-23,7030,69325.24042675053
2024-10-23,7039,68859.91060614878
2024-10-23,6565,74928.16808641923
2024-10-23,7038,75591.27753561556
2024-10-23,6752,63019.66718183097
2024-10-23,7104,70812.70552803623
2024-10-23,7256,76799.63760892158
2024-10-23,6087,72262.48470772748
2024-10-23,6297,69206.7716802172
2024-10-23,7227,73075.94066034323
2024-10-23,6447,68916.8065489953
2024-10-23,7060,72650.16367040576
2024-10-23,6903,78049.6693128414
2024-10-23,6272,70965.21489547587
2024-10-23,6863,70365.29496811332
2024-10-23,7083,69615.41668097588
2024-10-23,6888,72011.24365963315
2024-10-23,6784,68894.63912211193
2024-10-23,7165,60891.04306862437
2024-10-23,6558,70166.68285992755
2024-10-23,6607,73186.86874307797
2024-10-23,6868,63558.61520460231
2024-10-23,6884,76186.4978570535
2024-10-23,6295,71069.14079494138
2024-10-23,6787,67697.0407581445
2024-10-23,6567,70823.42349903472
2024-10-23,7144,74330.94885707118
2024-10-23,6370,66667.71315315495
2024-10-23,7016,69866.17073802705
2024-10-23,6351,68343.26787638538
2024-10-23,6940,70874.03423596227
2024-10-23,6562,72282.60095213675
2024-10-23,7190,62373.52702491053
2024-10-23,7040,66523.04387991953
2024-10-23,6320,73017.620979775
2024-10-23,6714,70731.18972155564
2024-10-23,7184,65070.41032786957
2024-10-23,6232,76212.9048407021
2024-10-23,7003,72638.60916717525
2024-10-23,6641,62907.374115317856
2024-10-23,7185,58174.4217201833
2024-10-23,7136,74607.85467732427
2024-10-23,7009,84111.15006535583
2024-10-23,6435,71007.99010128395
2024-10-23,6860,70514.65540060353
2024-10-23,6877,70548.96655918245
2024-10-23,6379,73053.72638777057
2024-10-23,6931,60491.741977069185
2024-10-23,6637,52997.65640260906
2024-10-23,7210,69208.22407792424
2024-10-23,7275,71345.9675164991
2024-10-23,7223,69885.06236352836
2024-10-23,6764,63989.40153209464
2024-10-23,6962,72841.00218302743
2024-10-23,6239,69038.93982694171
2024-10-23,7035,69059.6442436319
2024-10-23,6599,73332.57273661203
2024-10-23,6363,76842.8005619509
2024-10-23,7209,57142.98611589318
2024-10-23,6942,65406.994041950624
2024-10-23,7178,81645.30669113931
2024-10-23,7206,76376.02198861989
2024-10-23,7268,68403.48933742013
2024-10-23,7174,72248.38326058512
2024-10-23,6759,59039.13023472296
2024-10-23,6725,70171.70962246822
2024-10-23,6352,73844.77231929387
2024-10-23,6436,71798.53308517889
2024-10-23,6779,64353.913239924295
2024-10-23,7292,70613.91104964621
2024-10-23,6545,65246.862201779295
2024-10-23,7199,73717.9483261685
2024-10-23,6328,71688.75395278094
2024-10-23,6675,71947.67373843299
2024-10-23,7004,69007.34049162337
2024-10-23,7024,73332.37371099625
2024-10-23,7075,64178.7840141984
2024-10-23,6904,62423.453171289344
2024-10-23,6801,59707.24979925959
2024-10-23,7291,54645.74657571809
2024-10-23,6919,70384.5700938885
2024-10-23,6852,67492.71771146428
2024-10-23,7026,71166.96168987577
2024-10-23,6524,71379.3896217462
2024-10-23,6039,68946.40961393334
2024-10-23,6390,70673.14839357848
2024-10-23,7098,64066.71168935912
2024-10-23,6455,68054.10820799571
2024-10-23,6088,70440.304635872
2024-10-23,6411,63888.676380444354
2024-10-23,6629,73629.90972966257
2024-10-23,6661,70046.50764293248
2024-10-23,6788,68564.16509136156
2024-10-23,7134,72208.76284305984
2024-10-23,6930,72037.54616837978
2024-10-23,7248,72807.37005436973
2024-10-23,6898,69841.17351689017
2024-10-23,6911,71909.58186494737
2024-10-23,6679,72384.60071125574
2024-10-23,6951,71335.80098327676
2024-10-23,6668,76155.91662632326
2024-10-23,7124,57141.14716016152
2024-10-23,7101,72029.7455253694
2024-10-23,6590,73233.9411207944
2024-10-23,6522,68483.6076435291
2024-10-23,6789,69891.25859205202
2024-10-23,6445,70709.90487557872
2024-10-23,6441,70725.19519595316
2024-10-23,6872,60527.35018764974
2024-10-23,7053,62540.832357197745
2024-10-23,7085,73573.63447437584
2024-10-23,7171,57969.522366589765
2024-10-23,6518,69954.441277405
2024-10-23,6734,63815.89101699566
2024-10-23,6833,74980.83717478495
2024-10-23,6418,74966.11068606927
2024-10-23,6923,68980.41537764778
2024-10-23,6925,73503.43865987261
2024-10-23,7072,60164.87269627203
2024-10-23,6926,74729.48563040323
2024-10-23,7135,72408.5570873188
2024-10-23,7214,68532.17927781785
2024-10-23,6560,71802.3658222899
2024-10-23,6750,70733.9584733397
2024-10-23,6751,66710.30494962394
2024-10-23,7145,68702.50790260512
2024-10-23,6250,69699.35939698265
2024-10-23,7078,50615.618783335674
2024-10-23,6249,70463.23471381792
2024-10-23,7087,75201.3611734955
2024-10-23,7281,69066.51310171452
2024-10-23,7100,59136.36908153625
2024-10-23,7251,73368.48271351235
2024-10-23,7186,60237.48502592877
2024-10-23,6323,71755.09612719629
2024-10-23,6393,68337.00075837284
2024-10-23,6600,71452.71774089984
2024-10-23,7027,70210.27136169637
2024-10-23,6569,65468.38986358979
2024-10-23,7260,70222.773082534
2024-10-23,6604,75076.4493574625
2024-10-23,6358,73809.05449640288
2024-10-23,7197,70082.29535615636
2024-10-23,6968,66322.07768462054
2024-10-23,6316,71528.22068911784
2024-10-23,7063,64134.32376696112
2024-10-23,6082,71257.84680999444
2024-10-23,7244,73344.18923962081
2024-10-23,7220,70112.05828752951
2024-10-23,6624,56778.78093405985
2024-10-23,6857,68373.59201576724
2024-10-23,6568,70749.09382752063
2024-10-23,6758,54942.298647003896
2024-10-23,6554,50942.230352136314
2024-10-23,6561,69992.2850971903
2024-10-23,6326,65351.71686297599
2024-10-23,6639,62761.50555672642
2024-10-23,6588,74645.90295795492
2024-10-23,7019,58997.47322651331
2024-10-23,6933,67513.27901359856
2024-10-23,6670,72554.56399489744
2024-10-23,6576,68237.3266299777
2024-10-23,6603,69700.14756810847
2024-10-23,6741,68749.85862483458
2024-10-23,6437,76477.28471010526
2024-10-23,7128,73579.33967645976
2024-10-23,6546,70634.91680726354
2024-10-23,6536,57447.41727218687
2024-10-23,7025,70236.62621980927
2024-10-23,6658,59827.63088041152
2024-10-23,6597,74529.45876951606
2024-10-23,7246,72376.93895413904
2024-10-23,6392,90299.97675898604
2024-10-23,6835,75777.62990568347
2024-10-23,6777,61680.97471210857
2024-10-23,6813,70462.50039170262
2024-10-23,6476,69380.91274765121
2024-10-23,6559,70805.27056523517
2024-10-23,6366,69906.96750755607
2024-10-23,6866,70650.19660490187
2024-10-23,6812,67974.95590953092
2024-10-23,6664,74791.81842663494
2024-10-23,7173,56686.373366568514
2024-10-23,6862,69803.69900170236
2024-10-23,6101,77556.55649805408
2024-10-23,7090,74913.04702651633
2024-10-23,7234,57486.40963344225
2024-10-23,6504,68219.3431618354
2024-10-23,6072,70686.51489645659
2024-10-23,7188,69409.16170846534
2024-10-23,6798,80489.58339036822
2024-10-23,6767,71422.31243286045
2024-10-23,6313,70146.39746661094
2024-10-23,6799,69895.74403656153
2024-10-23,7141,70233.0058319376
2024-10-23,6533,70672.8965629237
2024-10-23,6266,75011.95297548277
2024-10-23,6550,69909.85356767167
2024-10-23,7106,70000.18237132888
2024-10-23,6329,69154.02363426745
2024-10-23,7031,67987.34821310417
2024-10-23,7240,71607.64214150856
2024-10-23,7008,70610.77659944251
2024-10-23,7108,70080.36993175377
2024-10-23,6858,68141.49923693763
2024-10-23,6582,68233.85132307003
2024-10-23,7056,72470.79777155779
2024-10-23,7225,69692.61845415007
2024-10-23,6511,70020.69336941258
2024-10-23,6318,69171.8433612102
2024-10-23,6839,57422.70531300776
2024-10-23,6505,72407.72656992689
2024-10-23,6346,66652.24599278295
2024-10-23,6780,70255.77330157875
2024-10-23,6043,72270.97207187826
2024-10-23,6598,77253.10275584177
2024-10-23,7107,66886.9448506783
2024-10-23,6575,55029.49114848426
2024-10-23,6747,61172.93251714665
2024-10-23,6385,70066.21127999929
2024-10-23,6875,70086.62860463644
2024-10-23,6800,67577.22195891518
2024-10-23,6636,73581.31488238786
2024-10-23,6429,69296.44392189861
2024-10-23,7054,68845.31087167012
2024-10-23,7102,72283.92679829171
2024-10-23,7293,75608.88512080463
2024-10-23,6348,68391.84117017945
2024-10-23,7226,69502.39057134288
2024-10-23,7261,70002.98598968958
2024-10-23,6287,70381.71584770884
2024-10-23,7175,69604.17235419211
2024-10-23,6782,58988.03453975956
2024-10-23,6549,71328.15604273224
2024-10-23,6448,0
2024-10-23,6491,0
2024-10-23,6892,69529.15958591895
2024-10-23,6591,0
2024-10-23,6949,0
2024-10-23,7218,0
2024-10-23,7212,0
2024-10-23,7273,0
2024-10-23,7192,56370.877558549866
2024-10-24,7210,68471.41520420522
2024-10-24,6398,86141.12342857927
2024-10-24,7066,62497.55690039902
2024-10-24,6546,70051.56248776235
2024-10-24,7174,72259.89639663699
2024-10-24,6558,70088.8758201011
2024-10-24,7011,71123.32070050224
2024-10-24,7283,70234.1251345323
2024-10-24,6827,73004.42675301063
2024-10-24,7151,69369.58221098884
2024-10-24,6965,69790.05218003242
2024-10-24,6492,79342.47160299018
2024-10-24,6829,69318.85166582109
2024-10-24,6536,56392.511917153664
2024-10-24,6845,72597.4023559806
2024-10-24,6687,74871.76417443457
2024-10-24,7115,68504.38229387753
2024-10-24,6248,63782.24394766073
2024-10-24,6439,70936.68831183643
2024-10-24,6082,71243.69765206358
2024-10-24,6903,78768.26981323551
2024-10-24,6597,74779.62372487472
2024-10-24,7049,66271.17982165942
2024-10-24,7022,67628.27572429928
2024-10-24,7211,69395.66898966931
2024-10-24,6905,61816.85235359015
2024-10-24,6696,70888.00745523587
2024-10-24,6844,69008.13075909634
2024-10-24,6810,68864.04679952799
2024-10-24,6392,90114.0884020915
2024-10-24,6508,70414.93595737469
2024-10-24,6393,67857.3471369008
2024-10-24,6364,70728.23854234346
2024-10-24,6854,71600.46292103258
2024-10-24,7131,69592.32150794266
2024-10-24,7208,70165.83695700868
2024-10-24,6544,68525.54379650831
2024-10-24,6635,70238.78435087994
2024-10-24,6428,76699.64001589442
2024-10-24,6603,68851.85090238009
2024-10-24,6477,75012.17247434825
2024-10-24,7141,70239.61642991398
2024-10-24,6413,70442.85539753379
2024-10-24,6505,72915.7353216547
2024-10-24,7121,62624.00977654825
2024-10-24,6559,71417.17472722477
2024-10-24,6504,67855.16920278405
2024-10-24,6773,65121.36774064352
2024-10-24,6346,66508.49684370751
2024-10-24,7079,71212.73352314878
2024-10-24,7220,70110.40050780584
2024-10-24,6395,71525.17091725497
2024-10-24,6774,66397.0823912821
2024-10-24,6435,71304.53201445087
2024-10-24,6396,70774.4090329549
2024-10-24,7251,71588.00114399141
2024-10-24,6476,69091.86384598054
2024-10-24,6777,61936.5016235571
2024-10-24,6951,71288.86078213067
2024-10-24,7271,72639.70861894578
2024-10-24,6961,73786.37207416043
2024-10-24,6926,74581.6437462558
2024-10-24,6669,69182.25377588756
2024-10-24,6553,53305.60573375824
2024-10-24,7150,70727.24451861595
2024-10-24,6959,66494.93295169079
2024-10-24,7175,69563.26153911627
2024-10-24,7282,71953.45202970864
2024-10-24,6967,70132.87104175208
2024-10-24,7096,69845.51920592472
2024-10-24,7050,57045.81208074533
2024-10-24,6974,65741.26397054094
2024-10-24,6794,61223.11970821244
2024-10-24,7145,68958.93124856547
2024-10-24,6826,68552.59411734717
2024-10-24,7091,73174.76595569686
2024-10-24,7064,69774.90377379474
2024-10-24,7129,69728.19290028664
2024-10-24,6272,71188.41196412274
2024-10-24,6291,61811.21852162483
2024-10-24,6857,68271.12717758951
2024-10-24,7072,60981.22527821041
2024-10-24,6434,71620.56932469591
2024-10-24,6574,69664.53066903823
2024-10-24,7140,66950.04515164734
2024-10-24,6785,54722.45432299746
2024-10-24,6637,53049.56627272462
2024-10-24,6432,69872.60390993179
2024-10-24,6385,70067.18796991032
2024-10-24,6367,66767.35383733295
2024-10-24,7202,73416.07217338234
2024-10-24,6881,60978.853070252226
2024-10-24,6427,73100.11992215941
2024-10-24,7296,69992.0882342433
2024-10-24,6769,64814.63672387331
2024-10-24,7092,75954.0243917552
2024-10-24,7070,73618.40089006996
2024-10-24,6830,72710.23342214977
2024-10-24,7063,62023.81792968903
2024-10-24,6960,76287.5702500655
2024-10-24,7242,54164.61521339575
2024-10-24,6520,70211.0221062281
2024-10-24,6609,72045.51409446386
2024-10-24,7124,56827.56746722202
2024-10-24,6515,71583.24388559346
2024-10-24,6350,67780.4591114514
2024-10-24,7195,72596.27474319053
2024-10-24,6918,73450.04070212749
2024-10-24,6287,70854.49168719616
2024-10-24,6877,70568.5889192617
2024-10-24,7078,50116.742731000755
2024-10-24,6863,70495.64347919758
2024-10-24,6834,74420.09452696431
2024-10-24,7108,70019.78009036974
2024-10-24,6757,55486.70148958644
2024-10-24,6443,73550.92528403545
2024-10-24,6878,66141.77117918376
2024-10-24,6368,68064.4000563846
2024-10-24,6429,68289.67621266362
2024-10-24,7000,75469.30557928512
2024-10-24,7117,67577.43578102073
2024-10-24,6664,78291.71465365458
2024-10-24,6935,75325.59719495178
2024-10-24,6533,70578.71674591003
2024-10-24,6441,71020.56442448252
2024-10-24,7095,74313.39568794152
2024-10-24,6384,71166.14339046723
2024-10-24,6780,70236.66378671539
2024-10-24,6842,69715.89138079634
2024-10-24,6899,73370.76162106055
2024-10-24,7035,69053.80593870494
2024-10-24,6724,66921.23334975682
2024-10-24,6642,69144.47532987622
2024-10-24,7009,83871.01237722108
2024-10-24,6831,78817.92870832025
2024-10-24,7146,72823.98121802646
2024-10-24,6336,73108.15696805269
2024-10-24,6997,73619.34963280176
2024-10-24,7028,70684.75934053592
2024-10-24,6994,78801.33129989363
2024-10-24,7248,72343.09993368592
2024-10-24,6906,74712.78457761001
2024-10-24,7213,69932.04050259918
2024-10-24,7084,63261.45149084417
2024-10-24,6510,73026.27772909134
2024-10-24,7130,62703.73662798794
2024-10-24,6453,71393.36474291614
2024-10-24,7168,61472.981830343706
2024-10-24,7128,71689.03604436967
2024-10-24,6813,69996.58082744763
2024-10-24,7003,72134.94991252485
2024-10-24,6741,68494.28104809081
2024-10-24,6563,70360.47077543005
2024-10-24,6480,74811.72881722948
2024-10-24,6562,72314.8810709111
2024-10-24,6751,66946.95865231098
2024-10-24,7172,57867.6334131137
2024-10-24,6676,69546.42739262627
2024-10-24,6225,66017.35165668587
2024-10-24,7076,69924.45990630664
2024-10-24,6746,60762.390635727024
2024-10-24,6924,71390.17858012306
2024-10-24,6874,68950.2866396347
2024-10-24,6896,70168.40335449384
2024-10-24,6931,60937.808062739
2024-10-24,6358,72353.78516947397
2024-10-24,6568,70954.27315798937
2024-10-24,6972,72183.14679656258
2024-10-24,6797,72950.6651760791
2024-10-24,7249,62553.79291611327
2024-10-24,6333,73531.4452570429
2024-10-24,6666,73680.39962716625
2024-10-24,6900,68856.32449843189
2024-10-24,6475,70586.64144855911
2024-10-24,7039,69926.56281402028
2024-10-24,6932,69728.50480855681
2024-10-24,7033,71881.9870674865
2024-10-24,6759,59288.69327702052
2024-10-24,7024,73287.60573063932
2024-10-24,6522,68359.61245415262
2024-10-24,6507,70210.22712142637
2024-10-24,6817,73815.3492597434
2024-10-24,6962,72380.5774309927
2024-10-24,6968,65432.633632681645
2024-10-24,7281,68668.2448833421
2024-10-24,7113,57353.97011581747
2024-10-24,6686,70863.35665419551
2024-10-24,6875,70399.9167683682
2024-10-24,6658,59830.78831880625
2024-10-24,6659,54791.17989988216
2024-10-24,6973,73284.85471459485
2024-10-24,6937,71226.68180907337
2024-10-24,6519,70424.89331582104
2024-10-24,7198,131578.6519703932
2024-10-24,6431,77617.83535358898
2024-10-24,6379,71788.4923491099
2024-10-24,7276,75590.65707423846
2024-10-24,7065,70991.6313986521
2024-10-24,6776,71049.54959278757
2024-10-24,7102,72119.7768943102
2024-10-24,6456,71802.91706053363
2024-10-24,7018,57482.42730222643
2024-10-24,6872,60500.00427079583
2024-10-24,6730,57842.219728393095
2024-10-24,6389,71931.10867946716
2024-10-24,7269,74047.19028530087
2024-10-24,6320,72378.96385726189
2024-10-24,6860,70480.74280641021
2024-10-24,7014,73356.19233271474
2024-10-24,7183,70198.18937934069
2024-10-24,6888,72019.99338630727
2024-10-24,7245,69946.01906742447
2024-10-24,6891,65334.401651659406
2024-10-24,6517,73259.38575415827
2024-10-24,6268,69993.30768251137
2024-10-24,6518,69889.00019765332
2024-10-24,6446,72178.74329511647
2024-10-24,6952,65409.98511204144
2024-10-24,6728,70874.2049846146
2024-10-24,7026,71056.39708891032
2024-10-24,6246,69093.64704121304
2024-10-24,6911,72100.51137052456
2024-10-24,6852,67302.03486189948
2024-10-24,6933,67846.57360692906
2024-10-24,7291,56169.506533810054
2024-10-24,7274,67217.91352927292
2024-10-24,6750,70271.63180993218
2024-10-24,6213,69645.03460308572
2024-10-24,6487,71412.69311944158
2024-10-24,6239,68836.9156424007
2024-10-24,6331,67873.19062166057
2024-10-24,7275,71327.22510053829
2024-10-24,6873,69897.30409627674
2024-10-24,6919,70825.98431376723
2024-10-24,6298,61223.960117255345
2024-10-24,7006,69610.49139696472
2024-10-24,6674,71167.36024314389
2024-10-24,6357,68623.12188383102
2024-10-24,6327,69293.07642848126
2024-10-24,6506,73998.39559874967
2024-10-24,7075,64183.64758533083
2024-10-24,6604,74933.32822616334
2024-10-24,6565,73939.78305706712
2024-10-24,6737,72208.39443923495
2024-10-24,6598,78153.06690348833
2024-10-24,6963,68491.34317539287
2024-10-24,6552,72262.45910955417
2024-10-24,6824,67755.72201926383
2024-10-24,6373,73681.70743292001
2024-10-24,6689,71341.08168493562
2024-10-24,6408,77804.8835094871
2024-10-24,6042,73745.85403190053
2024-10-24,6719,66578.57528223941
2024-10-24,6577,69921.82875038017
2024-10-24,6868,63475.45176377039
2024-10-24,6438,68954.30390738176
2024-10-24,7105,77768.65967212297
2024-10-24,7127,68531.81449625449
2024-10-24,6087,71848.91540619194
2024-10-24,6679,70885.14255301937
2024-10-24,6718,61689.59398966128
2024-10-24,6545,65759.89006284306
2024-10-24,6978,71808.71342276288
2024-10-24,6548,69229.0024977448
2024-10-24,6374,70581.56542371497
2024-10-24,6879,71439.25601497355
2024-10-24,7173,54376.34261490188
2024-10-24,6417,74084.68291359514
2024-10-24,6925,73771.06900226334
2024-10-24,6883,66667.47816446058
2024-10-24,7060,73422.65713951329
2024-10-24,6387,69440.39560841842
2024-10-24,6450,70201.98512961635
2024-10-24,6832,72890.27623743236
2024-10-24,6956,65242.90396643782
2024-10-24,7217,69261.04921664596
2024-10-24,7253,72875.24092124464
2024-10-24,6787,67596.36061240571
2024-10-24,6498,69489.0100716871
2024-10-24,6870,71008.38996837371
2024-10-24,6540,71010.44546723558
2024-10-24,6798,80765.51479017781
2024-10-24,7226,69259.0821620343
2024-10-24,7136,74605.46703691431
2024-10-24,7100,59086.33149340095
2024-10-24,7080,65106.375628603106
2024-10-24,6715,70072.4687936657
2024-10-24,6348,68470.78443380677
2024-10-24,6632,70996.15324071037
2024-10-24,6929,70045.63657825244
2024-10-24,6380,54096.440474578456
2024-10-24,6323,72921.37666446532
2024-10-24,6249,70232.81897158883
2024-10-24,6382,72247.70390540193
2024-10-24,7236,72706.47192687883
2024-10-24,6623,64986.11090015402
2024-10-24,7180,56945.1353042548
2024-10-24,7040,66422.25210609783
2024-10-24,6869,69937.47882188349
2024-10-24,7258,69850.87700345482
2024-10-24,6838,68415.89815059747
2024-10-24,7169,72541.80319636651
2024-10-24,6406,75137.43415688981
2024-10-24,6835,74610.98587933392
2024-10-24,6569,65422.54270706063
2024-10-24,7062,61674.67486022135
2024-10-24,6756,62036.78997924542
2024-10-24,6039,68434.31628522523
2024-10-24,7254,70240.75018836356
2024-10-24,6758,54632.99135850811
2024-10-24,7125,70110.40939092067
2024-10-24,6784,68876.20862143007
2024-10-24,6516,71637.86442153595
2024-10-24,7171,57923.5161380275
2024-10-24,6788,69072.83989765374
2024-10-24,6733,62872.04300441274
2024-10-24,6547,69053.5733146281
2024-10-24,7107,65120.19715803269
2024-10-24,7147,67392.29001998136
2024-10-24,6865,71468.36960007147
2024-10-24,7013,68324.1393556262
2024-10-24,6953,62883.64278865845
2024-10-24,6639,66694.32643469711
2024-10-24,7104,70721.42263066983
2024-10-24,6779,64535.88611781926
2024-10-24,7190,63823.37009602443
2024-10-24,7289,72069.50377324488
2024-10-24,6880,68939.40068295649
2024-10-24,6999,69939.94658066916
2024-10-24,6328,71364.0307553251
2024-10-24,6928,74707.44749502564
2024-10-24,7279,69781.02253312734
2024-10-24,6887,64255.615732438186
2024-10-24,6749,62174.82305794924
2024-10-24,6363,77116.70155570528
2024-10-24,6420,72234.56291198802
2024-10-24,6670,72453.51609649806
2024-10-24,7101,71816.66031909334
2024-10-24,7182,69217.99296008692
2024-10-24,7134,72572.27473158368
2024-10-24,6561,69809.9034168349
2024-10-24,6372,67604.44467696018
2024-10-24,6680,66568.60331983345
2024-10-24,7189,63280.30975252011
2024-10-24,6692,75930.21404190188
2024-10-24,7081,72679.95771283272
2024-10-24,6944,84195.81225838377
2024-10-24,7048,73288.6466498674
2024-10-24,6054,67050.42467021593
2024-10-24,6094,73744.18589259707
2024-10-24,7234,56626.122743466905
2024-10-24,7201,68247.63338801348
2024-10-24,6783,73299.50456222828
2024-10-24,6426,68471.27578013073
2024-10-24,7112,70137.42216864439
2024-10-24,7021,70506.60090252322
2024-10-24,6801,59550.307833612584
2024-10-24,6811,75368.17307418135
2024-10-24,6740,58974.17640405005
2024-10-24,7184,65116.94353091681
2024-10-24,6266,75042.0010731043
2024-10-24,6581,69395.2475759376
2024-10-24,6423,70174.40923080202
2024-10-24,6921,73567.67309997471
2024-10-24,6727,67598.67109624173
2024-10-24,6607,73721.41750429956
2024-10-24,7231,69187.12898051068
2024-10-24,6451,70883.39749613727
2024-10-24,6411,61809.27699708503
2024-10-24,6512,70570.02843849745
2024-10-24,6641,63611.24307334169
2024-10-24,6894,67801.61296586593
2024-10-24,7238,73440.07794576675
2024-10-24,6326,65545.11671198395
2024-10-24,6524,68086.24787259857
2024-10-24,6629,73702.82750189742
2024-10-24,6812,68004.49531634215
2024-10-24,7178,82546.88404663747
2024-10-24,6455,68711.40885452043
2024-10-24,7004,69196.71496990725
2024-10-24,7209,56196.59621179702
2024-10-24,6488,69252.46984262028
2024-10-24,6120,69560.79912956453
2024-10-24,7056,72432.70366954144
2024-10-24,6295,71250.16157554655
2024-10-24,6927,77561.75182467066
2024-10-24,6232,76340.38593476704
2024-10-24,6526,65952.6634190031
2024-10-24,6898,70120.75156663814
2024-10-24,6977,59576.80946895442
2024-10-24,7224,72336.2665984604
2024-10-24,6942,65241.01459767317
2024-10-24,7042,74785.90280333468
2024-10-24,6636,73716.7770246435
2024-10-24,7036,70742.75599338637
2024-10-24,6993,65777.80608959802
2024-10-24,7037,63446.446203839325
2024-10-24,6088,70402.46896488854
2024-10-24,6716,70618.85606054615
2024-10-24,7032,64060.88915340334
2024-10-24,7280,69184.50453389285
2024-10-24,7083,69427.20481403149
2024-10-24,6447,69201.09917273538
2024-10-24,7054,68887.00485485193
2024-10-24,6803,63416.60157752083
2024-10-24,6970,72371.77496644956
2024-10-24,6407,66029.00522518305
2024-10-24,6501,71647.9671768477
2024-10-24,7287,70002.87461620556
2024-10-24,7152,69335.32801917689
2024-10-24,7156,69552.0919194053
2024-10-24,7292,70929.53085550528
2024-10-24,6633,53226.81377174303
2024-10-24,7031,67987.19984273113
2024-10-24,6342,70086.9583302609
2024-10-24,6297,68802.04308390623
2024-10-24,6167,72154.40964196497
2024-10-24,6985,71313.75912619212
2024-10-24,7240,71398.33218018885
2024-10-24,7043,69541.9248084313
2024-10-24,6092,74494.56363560239
2024-10-24,7278,82587.37943538997
2024-10-24,6884,75570.61121789996
2024-10-24,6493,65968.28825220394
2024-10-24,7170,65118.893330857856
2024-10-24,6643,73861.50844375254
2024-10-24,6414,69859.82341016424
2024-10-24,7205,71761.97525686388
2024-10-24,6763,71490.30316573323
2024-10-24,6299,63200.40116658253
2024-10-24,7097,71590.92135861597
2024-10-24,6349,58763.98911654383
2024-10-24,7047,94303.28181085175
2024-10-24,6485,51881.06268842664
2024-10-24,6307,68983.37597836368
2024-10-24,7159,77486.64614126229
2024-10-24,7206,77039.65751953788
2024-10-24,6851,64385.45759950378
2024-10-24,6922,71762.43155200632
2024-10-24,7086,74345.20824758947
2024-10-24,7025,70028.6490935546
2024-10-24,6600,70695.59590546989
2024-10-24,7110,68476.63833307588
2024-10-24,6588,74764.52154940859
2024-10-24,6861,70574.31632877993
2024-10-24,6726,71302.09518664876
2024-10-24,7219,56123.621275695376
2024-10-24,6329,69098.05008319957
2024-10-24,6582,67969.95056410457
2024-10-24,6576,68583.80114563755
2024-10-24,6345,72851.49970062338
2024-10-24,6514,70224.94611995795
2024-10-24,7197,70108.83360086051
2024-10-24,6768,70476.08180138968
2024-10-24,7034,69041.07864846801
2024-10-24,7207,80207.05700706282
2024-10-24,7221,69710.52569928633
2024-10-24,6101,77929.30410833102
2024-10-24,6624,56847.3076114446
2024-10-24,6839,56938.036934282354
2024-10-24,7077,70543.3711386915
2024-10-24,6424,70240.27316102623
2024-10-24,6631,69335.06559484698
2024-10-24,6509,70465.18117734925
2024-10-24,6388,75136.32964054511
2024-10-24,7019,58911.65497549921
2024-10-24,6745,56336.10283042881
2024-10-24,7244,74609.35044660149
2024-10-24,6717,74084.544175752
2024-10-24,7030,70124.63737278483
2024-10-24,6969,70483.21038668731
2024-10-24,6661,70206.4050425115
2024-10-24,6531,67578.45644467589
2024-10-24,6849,62513.28270470316
2024-10-24,6647,70601.75089906558
2024-10-24,6619,67926.33347679683
2024-10-24,7139,73810.56555842127
2024-10-24,6245,69680.87400023258
2024-10-24,6909,70863.48192295984
2024-10-24,6734,63848.56286998283
2024-10-24,6523,71220.18842880323
2024-10-24,6436,71768.37628741894
2024-10-24,6560,71787.07570016784
2024-10-24,6043,71897.76355279617
2024-10-24,6866,70643.6165882989
2024-10-24,6841,69541.4401130005
2024-10-24,6564,73428.1251641776
2024-10-24,6954,65573.29190909323
2024-10-24,6767,71536.33690478926
2024-10-24,6815,65909.34109159873
2024-10-24,7126,63012.34083937004
2024-10-24,6725,70325.19693521483
2024-10-24,6809,69274.56748937894
2024-10-24,7012,67557.96943291339
2024-10-24,6567,70754.5654717922
2024-10-24,7216,69808.83420479044
2024-10-24,6583,64488.64157893364
2024-10-24,6511,69836.53291450755
2024-10-24,6792,62578.30947349534
2024-10-24,7272,73848.32927734892
2024-10-24,6616,77556.77005419222
2024-10-24,7090,74854.52764690635
2024-10-24,6876,72524.56921609896
2024-10-24,7089,75437.91349832632
2024-10-24,7239,152046.91898398002
2024-10-24,7017,73626.05690856167
2024-10-24,7196,70118.43317052849
2024-10-24,6882,69170.2380403903
2024-10-24,7135,72923.91172836989
2024-10-24,7116,74025.11277623016
2024-10-24,6853,59080.50710030585
2024-10-24,7288,69865.73472927428
2024-10-24,7256,76736.48423781416
2024-10-24,6626,70240.27087987114
2024-10-24,7214,68723.35880599635
2024-10-24,6663,71522.57011633077
2024-10-24,7052,67397.34420541725
2024-10-24,7188,69496.39932824067
2024-10-24,6330,62761.296601865426
2024-10-24,6648,73420.15809061458
2024-10-24,6752,63056.961838231895
2024-10-24,6599,73799.31860909399
2024-10-24,6418,74479.86041127448
2024-10-24,6634,69459.64647419639
2024-10-24,6885,70822.81407250535
2024-10-24,6332,69928.92631406532
2024-10-24,7265,72970.88882910216
2024-10-24,6941,68256.92232779929
2024-10-24,7027,70882.80952755726
2024-10-24,6575,55467.19756721219
2024-10-24,6856,70172.59364891889
2024-10-24,6714,69502.2599202512
2024-10-24,7002,67237.30480563118
2024-10-24,7149,72843.4356234262
2024-10-24,7165,60100.02720829135
2024-10-24,6775,74409.51735044314
2024-10-24,6668,75558.8162910779
2024-10-24,7008,71132.98466819164
2024-10-24,6250,69967.39670908498
2024-10-24,6318,68001.66492358032
2024-10-24,6800,67006.2153368924
2024-10-24,6762,68451.366752312475
2024-10-24,6695,72219.58697783163
2024-10-24,7005,70518.62762091722
2024-10-24,7122,73973.96694918476
2024-10-24,6390,70937.16740271788
2024-10-24,6754,60002.51596612995
2024-10-24,7260,69805.27919515874
2024-10-24,6731,72812.83718581745
2024-10-24,6799,69398.55245484531
2024-10-24,6618,70917.17647070602
2024-10-24,7016,70252.3898114806
2024-10-24,6630,69634.30881587364
2024-10-24,6494,70541.02955559142
2024-10-24,6723,56298.06979966287
2024-10-24,6755,57221.211078327215
2024-10-24,6324,64468.37676642869
2024-10-24,6317,70468.24299442214
2024-10-24,6897,69587.45108005118
2024-10-24,6554,50916.98941632158
2024-10-24,7038,75440.32584004065
2024-10-24,6496,68822.23522533893
2024-10-24,6681,71818.91083024428
2024-10-24,7267,77625.66748974599
2024-10-24,7157,72798.56837326901
2024-10-24,6571,70427.55879341888
2024-10-24,6722,64102.69132482924
2024-10-24,6601,71755.07543352836
2024-10-24,6304,71039.9654068515
2024-10-24,7200,69059.86638260183
2024-10-24,6360,69004.33427712224
2024-10-24,6072,70358.27156136611
2024-10-24,7261,70003.94563379155
2024-10-24,6402,70442.53200031375
2024-10-24,6482,73701.66131407162
2024-10-24,6585,76000.5945484714
2024-10-24,7222,100134.09449553142
2024-10-24,6525,73117.47077268711
2024-10-24,6930,72062.84319307901
2024-10-24,6833,74754.81839188677
2024-10-24,7199,73611.99281996147
2024-10-24,6550,69294.48740498982
2024-10-24,6655,70118.25724094363
2024-10-24,6764,65103.29007557749
2024-10-24,7067,73858.90702761651
2024-10-24,6789,69900.69730480117
2024-10-24,6410,59672.13071247605
2024-10-24,6254,73314.26446446675
2024-10-24,6025,72593.30968608927
2024-10-24,6662,71080.80157501268
2024-10-24,6352,74032.93194114759
2024-10-24,6660,72370.4744490412
2024-10-24,6454,75431.49485891643
2024-10-24,6366,69999.31878745231
2024-10-24,6862,69957.25010358202
2024-10-24,6957,70877.06854434447
2024-10-24,7187,62211.23790600808
2024-10-24,7155,69627.49588105197
2024-10-24,7225,70013.7159282209
2024-10-24,7241,58582.94389444668
2024-10-24,6541,70905.33621496882
2024-10-24,6313,70173.23165580568
2024-10-24,6675,71918.80107714557
2024-10-24,7109,62898.08384183975
2024-10-24,6430,101732.20298986486
2024-10-24,7293,75340.9417052297
2024-10-24,6936,50915.77116891349
2024-10-24,6858,67984.53230275773
2024-10-24,6316,70865.5449408436
2024-10-24,7020,74354.96284080231
2024-10-24,7073,72503.40839559856
2024-10-24,6747,60455.90201329553
2024-10-24,7098,64055.95263643914
2024-10-24,6251,62508.94504445675
2024-10-24,6325,69095.2682275071
2024-10-24,7144,74524.13626115215
2024-10-24,6334,73549.51708325728
2024-10-24,7227,73584.12929797583
2024-10-24,6534,70983.22475670064
2024-10-24,7053,62645.916961251736
2024-10-24,6580,67993.395255474
2024-10-24,6490,70944.99241967182
2024-10-24,6948,75920.94065481902
2024-10-24,6400,69487.88597554155
2024-10-24,6590,74493.1171110582
2024-10-24,6818,68182.00275420377
2024-10-24,6445,70541.96617823855
2024-10-24,6503,66483.32107189695
2024-10-24,6370,66487.84772304531
2024-10-24,6753,55532.428092294904
2024-10-24,6267,69540.8041560988
2024-10-24,7223,69703.33221394525
2024-10-24,7268,68423.4151508207
2024-10-24,6338,65152.83102863763
2024-10-24,6804,72916.60637830244
2024-10-24,7010,69820.96886235225
2024-10-24,6971,70804.51782707425
2024-10-24,6649,77434.8813096898
2024-10-24,7085,74086.6125135145
2024-10-24,7087,75891.62621985243
2024-10-24,6644,71238.59988861662
2024-10-24,7007,69530.74738080487
2024-10-24,7246,71901.84601122762
2024-10-24,7137,71417.25474169952
2024-10-24,6351,69137.22097198505
2024-10-24,6923,69039.05686062222
2024-10-24,7106,69595.54739762962
2024-10-24,6535,68112.62519236401
2024-10-24,7250,63644.63719552656
2024-10-24,6602,59454.840623153286
2024-10-24,6586,71593.32543442823
2024-10-24,7068,69469.5766803689
2024-10-24,7193,72629.20461135295
2024-10-24,6335,66022.32629688598
2024-10-24,7295,69187.64014253738
2024-10-24,7185,58317.14763609113
2024-10-24,6846,73657.2925989193
2024-10-24,6761,69048.79212378417
2024-10-24,6538,57268.40945874492
2024-10-24,7186,60353.94936856465
2024-10-24,6904,62632.06769785389
2024-10-24,7111,68158.16352814519
2024-10-24,6594,72216.46526570142
2024-10-24,7069,68667.71909267407
2024-10-24,6736,75145.08606648809
2024-10-24,6693,69447.9874801124
2024-10-24,6425,60237.08854763018
2024-10-24,6966,72862.42979760205
2024-10-24,6940,70876.44119449603
2024-10-24,6934,71895.9170361324
2024-10-24,6452,75630.03080547573
2024-10-24,6437,76280.12881775052
2024-10-24,6549,71488.86592799894
2024-10-24,6782,59154.72464390561
2024-10-24,6491,0
2024-10-24,6892,69557.70868082473
2024-10-24,6448,0
2024-10-24,6591,0
2024-10-24,6949,0
2024-10-24,7212,0
2024-10-24,7273,0
2024-10-24,7218,0
2024-10-24,7192,56316.31206626229
2024-10-25,6769,65827.87663307933
2024-10-25,6524,68969.1302264637
2024-10-25,7170,65057.891009703366
2024-10-25,7017,71897.65318996878
2024-10-25,6496,70100.9318889931
2024-10-25,7183,70860.90212112803
2024-10-25,6522,67887.64039968075
2024-10-25,6799,70214.17317512479
2024-10-25,6494,68470.33777631326
2024-10-25,6503,66814.13871370471
2024-10-25,6519,70296.66579889384
2024-10-25,6525,72143.00200717703
2024-10-25,6420,73204.37347964388
2024-10-25,6531,67602.73265992242
2024-10-25,7151,69698.12642289934
2024-10-25,6568,71039.81584929024
2024-10-25,7113,57799.75584284971
2024-10-25,7012,68110.54679914322
2024-10-25,6454,76129.42485337301
2024-10-25,6933,68230.92454119424
2024-10-25,6869,70658.4280811611
2024-10-25,7109,63220.34260912755
2024-10-25,7155,70192.73158679111
2024-10-25,6396,70838.06574285556
2024-10-25,6966,72549.39379217174
2024-10-25,6716,70950.75091169824
2024-10-25,6485,51418.30996730846
2024-10-25,6801,59747.959384106674
2024-10-25,6414,69218.35998677986
2024-10-25,6493,66082.76539607032
2024-10-25,6844,69470.19542798164
2024-10-25,7063,61955.29480329947
2024-10-25,6936,50782.55144830873
2024-10-25,7214,68127.80773835779
2024-10-25,6533,70553.90332060689
2024-10-25,6660,72745.56322539812
2024-10-25,7070,74039.08407662275
2024-10-25,6655,69626.50347825186
2024-10-25,7275,71106.35344137537
2024-10-25,6547,69067.76138221905
2024-10-25,6887,65084.72809091381
2024-10-25,6352,73320.62230022135
2024-10-25,6750,70451.32620352897
2024-10-25,6307,68240.51100816594
2024-10-25,6670,72960.51012772451
2024-10-25,6639,66885.34005456456
2024-10-25,6872,60904.55089063865
2024-10-25,6445,70602.52544851413
2024-10-25,6883,66837.70502630355
2024-10-25,7196,70861.44393551402
2024-10-25,6382,71759.58994466467
2024-10-25,7125,70119.15438383016
2024-10-25,6904,62472.531397889645
2024-10-25,7081,73111.66034035727
2024-10-25,6800,66969.633673571
2024-10-25,6736,72336.77134740727
2024-10-25,6239,68465.87697941458
2024-10-25,6607,73501.95977348197
2024-10-25,6877,70702.500585195
2024-10-25,7032,65767.6292545721
2024-10-25,6609,71681.3332016496
2024-10-25,6967,70129.63597435283
2024-10-25,6327,69432.44982140852
2024-10-25,6225,66156.44211422092
2024-10-25,7282,70392.58372599106
2024-10-25,7210,69357.60341930565
2024-10-25,6616,77700.96266218403
2024-10-25,7234,57392.74451392456
2024-10-25,6928,73609.74798400133
2024-10-25,7084,63350.18603065984
2024-10-25,7158,73001.01991370217
2024-10-25,7197,70037.91614422637
2024-10-25,6389,71955.50984617666
2024-10-25,7216,70091.08368401005
2024-10-25,6838,68344.30831138219
2024-10-25,6935,71507.62124919612
2024-10-25,6835,75186.21749312498
2024-10-25,6248,64426.09741536489
2024-10-25,6812,67860.2060241776
2024-10-25,6351,69253.01960212621
2024-10-25,6367,67529.3021130092
2024-10-25,6885,70664.514425968
2024-10-25,6659,54660.31677299304
2024-10-25,6896,70195.50405112999
2024-10-25,7213,69921.76606476564
2024-10-25,6567,71204.71703476754
2024-10-25,6747,60389.17987889167
2024-10-25,6480,74892.82684286687
2024-10-25,7200,69674.30671189986
2024-10-25,7020,74442.418648063
2024-10-25,6516,71881.39411835477
2024-10-25,6346,66706.22157635317
2024-10-25,6509,70576.093087700865
2024-10-25,7022,68090.8714452772
2024-10-25,7062,61568.750792251754
2024-10-25,7106,70210.08128728149
2024-10-25,7108,70339.04451295984
2024-10-25,6723,57117.35034652575
2024-10-25,6370,68721.70950314724
2024-10-25,6336,73130.99655571829
2024-10-25,6951,71490.43966535969
2024-10-25,7002,67287.20229510855
2024-10-25,7056,72339.38166181576
2024-10-25,6538,57148.89114236
2024-10-25,6865,71453.22219178974
2024-10-25,7021,70613.81516292843
2024-10-25,7236,72829.17383814535
2024-10-25,7289,72530.79801372945
2024-10-25,7101,71198.11708056487
2024-10-25,7083,69579.83244156803
2024-10-25,7068,69436.37654422429
2024-10-25,6888,72138.26615451662
2024-10-25,6637,54079.338052198655
2024-10-25,7006,68951.06240192351
2024-10-25,6874,68517.10057184413
2024-10-25,6413,70176.04976037209
2024-10-25,6295,70927.55802478001
2024-10-25,6446,72883.86502324662
2024-10-25,6658,59717.32382189892
2024-10-25,6931,60365.01528919818
2024-10-25,6830,72712.84382024583
2024-10-25,6451,70926.25037989901
2024-10-25,6978,69065.13769686823
2024-10-25,6929,69943.15762527022
2024-10-25,6436,71770.49604080373
2024-10-25,7193,72480.04484894227
2024-10-25,6727,66365.23175608057
2024-10-25,7033,71987.22754424466
2024-10-25,6043,71864.8467241458
2024-10-25,6636,73479.74193065875
2024-10-25,7244,74402.99587537661
2024-10-25,6773,64902.982025893434
2024-10-25,7013,68669.64299865757
2024-10-25,6082,71538.25044539793
2024-10-25,6552,72323.66413112049
2024-10-25,6956,64670.29867841866
2024-10-25,7188,69370.90724057503
2024-10-25,7135,71135.2985463618
2024-10-25,6583,64082.32126351095
2024-10-25,6647,70289.62732071958
2024-10-25,7256,76857.05634933163
2024-10-25,7124,56242.4335119102
2024-10-25,7195,72501.9254367843
2024-10-25,6434,73452.3153748803
2024-10-25,7187,62358.78861283585
2024-10-25,6360,69616.41662437085
2024-10-25,6919,71014.48030984195
2024-10-25,7265,72773.231924612
2024-10-25,6798,81139.25409991082
2024-10-25,7036,70622.83756862962
2024-10-25,6940,70987.44475156988
2024-10-25,6722,64321.435840572834
2024-10-25,6860,71355.84754948637
2024-10-25,6504,68341.82263154682
2024-10-25,6897,69762.00788600811
2024-10-25,6891,65632.64957784137
2024-10-25,7276,75449.96390284481
2024-10-25,6746,60966.91209239672
2024-10-25,6512,70200.81639379765
2024-10-25,7206,76041.47261761132
2024-10-25,6092,74720.85964849257
2024-10-25,7258,70066.50129875544
2024-10-25,6342,70408.91518050496
2024-10-25,6441,71164.06930543728
2024-10-25,7287,70058.26666316517
2024-10-25,6507,70175.76937344817
2024-10-25,6937,71473.31613442887
2024-10-25,7250,63518.39123048463
2024-10-25,6999,70346.75401594918
2024-10-25,6764,64866.174700882024
2024-10-25,7171,57973.10965360869
2024-10-25,6598,78623.23953651421
2024-10-25,7178,82368.21059905509
2024-10-25,6599,74323.22587121568
2024-10-25,7267,77604.09815387994
2024-10-25,6435,70851.03763131308
2024-10-25,6390,71056.47905440997
2024-10-25,6624,57674.53913214066
2024-10-25,6767,71135.5376309779
2024-10-25,6025,72792.75095149588
2024-10-25,7031,67923.9517492694
2024-10-25,6728,70275.9130653359
2024-10-25,6431,75211.96370605814
2024-10-25,6804,73119.06907106913
2024-10-25,6329,69040.2409929789
2024-10-25,6325,69225.27053931318
2024-10-25,6898,70150.98896064017
2024-10-25,6406,75260.4252114835
2024-10-25,7242,53852.628240731334
2024-10-25,6540,71038.1201507303
2024-10-25,6977,59158.961310498395
2024-10-25,7096,69852.60309694431
2024-10-25,6734,64037.517494941414
2024-10-25,6426,68539.53375340883
2024-10-25,6245,69766.86061040836
2024-10-25,6392,88661.53036917231
2024-10-25,6963,68905.43320874155
2024-10-25,6715,70043.92096430321
2024-10-25,6498,69865.51421161243
2024-10-25,7140,67293.856093566
2024-10-25,6477,74876.77704912907
2024-10-25,6717,74001.71111304937
2024-10-25,7053,62903.29411483253
2024-10-25,6476,69023.51795686912
2024-10-25,7030,68501.58647344718
2024-10-25,6779,66190.79907736352
2024-10-25,6809,70212.32265552538
2024-10-25,6601,70928.80038882956
2024-10-25,7208,70553.13172229398
2024-10-25,6785,55010.85572194199
2024-10-25,6876,71248.27879537614
2024-10-25,7027,70050.31080072059
2024-10-25,6334,73505.98985655622
2024-10-25,7165,60435.40692931573
2024-10-25,7060,73612.13935782718
2024-10-25,6562,72787.62413834318
2024-10-25,7111,67430.21103340943
2024-10-25,7281,68715.68525115256
2024-10-25,6402,70498.92401758944
2024-10-25,7075,64004.27466209504
2024-10-25,6395,72208.00157910651
2024-10-25,6948,76113.70175297574
2024-10-25,6482,74513.76343330219
2024-10-25,7152,69229.95668013443
2024-10-25,6745,56928.44785828303
2024-10-25,7079,71264.28298101187
2024-10-25,6971,72159.086272618355
2024-10-25,6818,69188.69898554539
2024-10-25,6965,69626.3096457868
2024-10-25,7221,69809.20890931993
2024-10-25,6924,71160.18175321726
2024-10-25,6668,75937.66078645864
2024-10-25,6661,69985.67394037597
2024-10-25,7268,68537.37625694627
2024-10-25,6662,71037.98103721271
2024-10-25,7010,70552.30846802804
2024-10-25,6695,72803.1534113998
2024-10-25,7280,68960.56384691756
2024-10-25,7018,57335.21350685162
2024-10-25,7128,73305.07625144173
2024-10-25,6326,65820.67630898597
2024-10-25,6894,67646.87898096841
2024-10-25,6510,73018.81685945892
2024-10-25,6590,74817.94734662381
2024-10-25,6740,59021.61399232444
2024-10-25,6618,70985.01213794468
2024-10-25,7201,68125.72335333576
2024-10-25,6623,66432.55374803738
2024-10-25,7292,70663.42631582805
2024-10-25,6644,70967.21230912005
2024-10-25,7169,72355.1995519774
2024-10-25,6560,71910.69698718801
2024-10-25,7186,60705.069188370304
2024-10-25,7156,69448.30869460436
2024-10-25,6604,74383.3565681354
2024-10-25,6832,74131.94683540276
2024-10-25,6829,69366.42973821633
2024-10-25,6754,61445.01023430036
2024-10-25,6388,75348.12561683862
2024-10-25,6718,62140.682580848086
2024-10-25,6634,69120.67663478463
2024-10-25,7035,69203.89160566765
2024-10-25,6845,71490.33182768132
2024-10-25,7080,65321.80244329065
2024-10-25,6737,72259.40067780692
2024-10-25,6575,53974.19349976388
2024-10-25,7026,71087.66685475482
2024-10-25,7175,69420.10605027033
2024-10-25,6316,71384.13849117473
2024-10-25,6072,71302.57060852066
2024-10-25,6870,70845.4628889807
2024-10-25,6453,71492.18529907952
2024-10-25,6664,75852.99932947145
2024-10-25,7134,72107.71710443984
2024-10-25,6833,74999.34085122606
2024-10-25,7168,62540.52092765125
2024-10-25,7291,54759.83569696199
2024-10-25,6925,73746.83363401894
2024-10-25,7009,85736.97545395988
2024-10-25,6810,69615.81775221766
2024-10-25,7008,71159.18234690747
2024-10-25,7139,73001.95010457515
2024-10-25,7199,74528.45498169246
2024-10-25,6565,75001.90082913655
2024-10-25,6899,73381.67224712958
2024-10-25,6962,71189.7612991667
2024-10-25,6251,62983.883101694686
2024-10-25,7064,69736.2698157151
2024-10-25,6518,70252.76942201817
2024-10-25,6331,67138.81836317305
2024-10-25,6246,68930.90145814237
2024-10-25,6942,64985.82280489393
2024-10-25,6696,70926.06128845926
2024-10-25,6291,62644.96640360434
2024-10-25,7043,72064.45190755266
2024-10-25,7097,70967.24063478381
2024-10-25,6641,64115.668932738045
2024-10-25,7209,57580.34229320998
2024-10-25,6973,72998.39222892166
2024-10-25,6268,70259.28482026308
2024-10-25,7190,63101.820247243515
2024-10-25,7261,69550.97113808591
2024-10-25,6815,66114.01798640781
2024-10-25,6681,71578.25114175788
2024-10-25,6879,71466.7069814182
2024-10-25,6317,70347.01997188659
2024-10-25,6505,73233.76927223979
2024-10-25,7226,69166.83310859288
2024-10-25,6088,70346.08132115354
2024-10-25,6374,70598.92826224779
2024-10-25,7004,69368.67477725976
2024-10-25,6741,68559.63083051026
2024-10-25,6862,70038.44870178535
2024-10-25,6506,74300.17329757582
2024-10-25,7000,75457.36492494804
2024-10-25,7116,73058.62075031159
2024-10-25,6776,70774.10560026388
2024-10-25,7086,76241.72562337406
2024-10-25,6777,62780.79740405687
2024-10-25,6330,62885.87666635464
2024-10-25,6849,66486.87188068364
2024-10-25,7078,56163.63425286651
2024-10-25,7174,72187.73858750654
2024-10-25,6249,70459.30856223087
2024-10-25,7117,67643.50316767058
2024-10-25,6932,69733.48316602323
2024-10-25,6756,62588.11184035279
2024-10-25,6759,59363.01714960501
2024-10-25,6298,61206.95800338893
2024-10-25,6581,69713.1230214227
2024-10-25,6320,72544.21383127556
2024-10-25,7072,61806.175630410966
2024-10-25,7172,59538.379239761256
2024-10-25,6854,72626.07847905757
2024-10-25,6544,69052.39474084681
2024-10-25,6450,70599.59851321031
2024-10-25,6852,67571.3823644914
2024-10-25,6900,69718.33390022705
2024-10-25,6792,63520.12501231155
2024-10-25,6866,70608.38262175246
2024-10-25,6911,71614.98875693703
2024-10-25,6630,69660.03460134592
2024-10-25,6953,57039.75833258692
2024-10-25,6534,70943.0733023885
2024-10-25,6297,68908.24007761644
2024-10-25,7238,73336.1681597287
2024-10-25,6687,73926.12741082371
2024-10-25,6535,68589.75504787698
2024-10-25,6363,77573.74448751018
2024-10-25,6594,72511.48459985571
2024-10-25,6626,70082.4032603737
2024-10-25,6571,70645.40397379457
2024-10-25,6553,52251.48115592094
2024-10-25,6407,68556.49065977037
2024-10-25,7251,72617.08570664021
2024-10-25,6689,71269.32672519439
2024-10-25,6603,69328.97488024159
2024-10-25,6287,70506.71615289352
2024-10-25,6101,77775.8360808672
2024-10-25,6676,70600.86916169374
2024-10-25,7159,78634.08994374519
2024-10-25,6335,66612.82847857878
2024-10-25,6586,83369.58707296415
2024-10-25,6851,64562.98674640604
2024-10-25,6972,73385.9806157375
2024-10-25,6714,69885.67119377496
2024-10-25,7182,69742.29543077268
2024-10-25,6318,69244.3353531911
2024-10-25,6366,69912.32539181587
2024-10-25,7225,69949.62070895298
2024-10-25,6267,69676.46748092592
2024-10-25,7095,74242.48722680606
2024-10-25,6635,70923.21075523547
2024-10-25,6669,69634.70675374333
2024-10-25,6427,72805.80745063159
2024-10-25,7003,71589.36626700008
2024-10-25,6675,72012.67214359865
2024-10-25,6550,69300.90168070723
2024-10-25,7102,72369.32869930967
2024-10-25,7115,69986.00622909765
2024-10-25,7147,67687.8854783503
2024-10-25,6839,57057.464331978605
2024-10-25,6803,62308.17276877129
2024-10-25,6580,69593.35680236956
2024-10-25,6569,64481.358904360975
2024-10-25,6758,54349.781082763395
2024-10-25,7049,67677.89127880502
2024-10-25,6559,68466.57338444369
2024-10-25,6906,78000.12762679372
2024-10-25,7180,56995.23817584614
2024-10-25,7038,76577.15192802019
2024-10-25,6666,73719.569311283
2024-10-25,6679,71661.4389095325
2024-10-25,7207,75808.51857827751
2024-10-25,6875,70159.91408145092
2024-10-25,6357,68592.52521155446
2024-10-25,7076,69930.2687381809
2024-10-25,6952,65857.00383023525
2024-10-25,6643,73499.96614460977
2024-10-25,7224,73434.32512455447
2024-10-25,6930,72349.45614266286
2024-10-25,6775,74694.00259114649
2024-10-25,6985,71497.79462536021
2024-10-25,6926,74674.08231774892
2024-10-25,7042,75101.50297662742
2024-10-25,7098,64144.75923212433
2024-10-25,6789,70160.90674415861
2024-10-25,6447,69425.7990191663
2024-10-25,6813,69719.5358968644
2024-10-25,7295,69753.56119096372
2024-10-25,6338,66023.89875184803
2024-10-25,6304,69537.31942554053
2024-10-25,7005,71360.24931203075
2024-10-25,6424,70996.21627163838
2024-10-25,6564,74054.72840771507
2024-10-25,7278,83696.34670006284
2024-10-25,7248,70374.02083234082
2024-10-25,7246,71750.66192774425
2024-10-25,6827,73226.59428727369
2024-10-25,6345,72405.10053801394
2024-10-25,6649,77197.18288609928
2024-10-25,7219,57103.68862297218
2024-10-25,6423,70419.76568004828
2024-10-25,7185,58621.40758538703
2024-10-25,7150,71470.33186130837
2024-10-25,7087,75903.23849625475
2024-10-25,6585,74076.43253670333
2024-10-25,7144,74419.58040579762
2024-10-25,6968,66087.33589198848
2024-10-25,7090,74813.19938722513
2024-10-25,6692,76726.74696311564
2024-10-25,7288,69788.02070310914
2024-10-25,7107,65472.17645458106
2024-10-25,6548,69215.23415218161
2024-10-25,6501,71558.36273480533
2024-10-25,6674,70912.06888579902
2024-10-25,7137,71348.21873499689
2024-10-25,6364,71177.35826590548
2024-10-25,7173,56723.51937656997
2024-10-25,6349,58799.916601250145
2024-10-25,6882,69450.2573236193
2024-10-25,6752,62808.68637333542
2024-10-25,6039,68727.7230207485
2024-10-25,6250,69937.65549890285
2024-10-25,6439,71637.49065760888
2024-10-25,7048,73682.911670218
2024-10-25,6393,69607.1508467711
2024-10-25,6761,69228.60679840113
2024-10-25,6873,69393.44444457191
2024-10-25,6921,73214.87575624058
2024-10-25,7110,68745.80658492244
2024-10-25,6768,70404.69186698252
2024-10-25,7260,70496.41115921261
2024-10-25,6880,68716.22692936123
2024-10-25,6997,74103.03364037076
2024-10-25,6443,74331.06649310568
2024-10-25,6959,66646.67026344458
2024-10-25,6794,61482.12483859594
2024-10-25,7217,69531.09407282902
2024-10-25,6757,56070.037479242645
2024-10-25,6969,70721.34907429092
2024-10-25,6663,71628.08513709248
2024-10-25,6619,69923.55576500692
2024-10-25,7240,71475.8737407867
2024-10-25,6508,70017.3638594202
2024-10-25,6846,73813.40511766163
2024-10-25,6648,70950.02920795605
2024-10-25,6350,68287.95628261588
2024-10-25,6410,59690.15364088244
2024-10-25,6328,71414.23820316928
2024-10-25,7069,69158.1861242053
2024-10-25,7126,62900.69684626695
2024-10-25,6541,70533.11494987193
2024-10-25,7269,71493.53798423753
2024-10-25,6884,75471.28413889762
2024-10-25,7011,69213.31961925217
2024-10-25,6878,66287.59763074668
2024-10-25,6487,71962.5130897498
2024-10-25,6266,74438.67233937644
2024-10-25,6724,67875.77106203618
2024-10-25,6629,73617.96513782795
2024-10-25,6600,71551.23385294939
2024-10-25,6726,71579.10577171095
2024-10-25,7034,68945.07930450342
2024-10-25,6558,70125.59971562291
2024-10-25,6563,70611.17083257977
2024-10-25,6438,69380.00931778278
2024-10-25,6372,67607.96845017176
2024-10-25,6831,78805.85398709451
2024-10-25,6853,60547.18674957256
2024-10-25,6536,57440.50518660134
2024-10-25,7145,68636.79247339797
2024-10-25,6379,71683.28149255094
2024-10-25,7085,73972.31536849863
2024-10-25,7016,70001.33027367241
2024-10-25,7198,127865.97885702016
2024-10-25,6960,76349.97337613517
2024-10-25,6087,72527.56674318784
2024-10-25,7105,78584.49185869117
2024-10-25,7028,70202.38237627968
2024-10-25,7239,149355.95824392742
2024-10-25,6863,70475.20559653771
2024-10-25,7254,70223.55093209831
2024-10-25,6797,72884.66574162975
2024-10-25,6811,72257.93749741123
2024-10-25,7283,69143.96856775897
2024-10-25,7279,71515.97646471912
2024-10-25,6582,68791.96655480555
2024-10-25,6511,69859.66958585294
2024-10-25,7146,72506.41916710226
2024-10-25,6456,71827.54958067277
2024-10-25,6923,69002.05900496288
2024-10-25,7157,72032.23556548016
2024-10-25,6373,73714.05192566312
2024-10-25,6762,68196.69944405246
2024-10-25,6432,69756.77889845801
2024-10-25,6120,70022.8227693223
2024-10-25,7189,63325.05062118178
2024-10-25,6731,72769.42832899194
2024-10-25,6633,53192.11108702694
2024-10-25,6546,70527.34178310918
2024-10-25,6753,55191.59766758645
2024-10-25,6574,69433.13447172988
2024-10-25,6842,69750.41330114656
2024-10-25,6417,72909.27767503519
2024-10-25,6755,57308.663924365705
2024-10-25,7104,70702.9646480541
2024-10-25,6961,72795.12103908548
2024-10-25,7241,58708.06277902269
2024-10-25,7272,73782.58893916577
2024-10-25,6514,70153.16498065299
2024-10-25,6632,71029.75518600152
2024-10-25,6856,70025.01663513955
2024-10-25,6751,66928.42282609807
2024-10-25,7141,70664.00415389595
2024-10-25,6324,64758.00284456831
2024-10-25,6903,78555.06946243352
2024-10-25,6788,69520.31408083098
2024-10-25,7112,70133.53151523894
2024-10-25,6545,65744.65710785789
2024-10-25,6455,68168.9609655612
2024-10-25,6927,78054.44664729625
2024-10-25,7089,75837.13597240203
2024-10-25,6780,70137.06662463836
2024-10-25,6167,73103.3852729931
2024-10-25,6430,102106.02980866891
2024-10-25,6272,71423.32665889167
2024-10-25,6774,66213.03482037198
2024-10-25,7037,63505.50654835072
2024-10-25,6520,70535.92835421664
2024-10-25,7220,70091.97121776521
2024-10-25,6858,68076.31832679
2024-10-25,7100,59405.76241840103
2024-10-25,6429,68924.90603522825
2024-10-25,6680,67161.24271131266
2024-10-25,6400,69514.75465645108
2024-10-25,6783,72897.26474371243
2024-10-25,6523,71119.2027130174
2024-10-25,6577,70174.88023665168
2024-10-25,6526,65324.153396868285
2024-10-25,6408,76991.5972367532
2024-10-25,6332,70561.39543456242
2024-10-25,7130,62760.814406986814
2024-10-25,7052,68383.31467760897
2024-10-25,6358,74212.15816519274
2024-10-25,6993,66258.65483159512
2024-10-25,6384,70727.0022658748
2024-10-25,7073,72529.09983150456
2024-10-25,6385,70111.53322138698
2024-10-25,6475,70573.56680274816
2024-10-25,7149,72747.84653063229
2024-10-25,6054,67630.50738559154
2024-10-25,7293,75522.59219869961
2024-10-25,6492,77761.29349023562
2024-10-25,6094,73907.89002869766
2024-10-25,7205,71361.14067969946
2024-10-25,6323,71484.59245779141
2024-10-25,7066,63368.8027635462
2024-10-25,6922,71743.7165040119
2024-10-25,6313,70750.4101301757
2024-10-25,7296,69740.50961738561
2024-10-25,6787,68085.4644530886
2024-10-25,6554,52324.32347042703
2024-10-25,6488,68653.74763090035
2024-10-25,6368,68075.52844537728
2024-10-25,7121,61989.71735211041
2024-10-25,6941,68073.74082429554
2024-10-25,6749,61581.80124733494
2024-10-25,6602,56380.89787670291
2024-10-25,6693,70397.42938216447
2024-10-25,7025,70401.6085106874
2024-10-25,6576,68836.77471854685
2024-10-25,6957,71053.69040845282
2024-10-25,6597,74328.485166327
2024-10-25,7007,69013.65014808186
2024-10-25,7202,73438.61605336018
2024-10-25,7222,96873.77082818696
2024-10-25,6642,69175.39164196115
2024-10-25,7253,73558.74262535681
2024-10-25,7024,73067.94576464793
2024-10-25,6490,70716.68561672198
2024-10-25,7136,74247.614397558
2024-10-25,6411,60518.88502501506
2024-10-25,6954,64259.00925989372
2024-10-25,7092,75956.38268692158
2024-10-25,6333,72423.85518065223
2024-10-25,7091,73151.43282032867
2024-10-25,7184,64201.591600135114
2024-10-25,6944,85553.59664588915
2024-10-25,6042,73738.46423366848
2024-10-25,6515,71699.53903465273
2024-10-25,6254,72097.27861517179
2024-10-25,7065,70598.85237107301
2024-10-25,6299,61484.205813776665
2024-10-25,6994,82679.64609733256
2024-10-25,7211,68996.35579773788
2024-10-25,6686,71154.1909779902
2024-10-25,6588,74740.43366444128
2024-10-25,7223,69800.49672532328
2024-10-25,6398,84087.5038753384
2024-10-25,6418,73931.40747388474
2024-10-25,6970,71798.0831006566
2024-10-25,6905,61570.23272415183
2024-10-25,7054,68470.25859184489
2024-10-25,6719,66718.12004357629
2024-10-25,6631,69186.44595513954
2024-10-25,6428,76704.60914866648
2024-10-25,6857,68350.98221152804
2024-10-25,7129,69785.0305908827
2024-10-25,6918,73491.25372520082
2024-10-25,7040,66461.64579343048
2024-10-25,6425,61274.455640268505
2024-10-25,6784,69108.32157331404
2024-10-25,7274,67881.5085946926
2024-10-25,6733,63259.44267899687
2024-10-25,7227,73401.13719492231
2024-10-25,6824,67380.53083445676
2024-10-25,6232,76027.7133561347
2024-10-25,7050,56819.285481016945
2024-10-25,7014,73624.17614050883
2024-10-25,6517,73425.50785312658
2024-10-25,6763,71488.5277198613
2024-10-25,7271,72693.3028941708
2024-10-25,7047,93582.74822657811
2024-10-25,7231,69227.26686730588
2024-10-25,6380,54222.085709769686
2024-10-25,7077,71785.34762390792
2024-10-25,7131,69899.94074857044
2024-10-25,6561,70130.51127737721
2024-10-25,6826,68470.07428657239
2024-10-25,6213,69876.96329111437
2024-10-25,6909,71661.00139621201
2024-10-25,6817,73667.83801726722
2024-10-25,7245,70143.28046464449
2024-10-25,7019,58624.612322268666
2024-10-25,6348,68200.50819428707
2024-10-25,6861,70495.0560590816
2024-10-25,6387,70107.81198335541
2024-10-25,6841,69745.96458182757
2024-10-25,7122,74106.71366705257
2024-10-25,7127,68532.16845575118
2024-10-25,6730,58191.71916191633
2024-10-25,6934,72075.51682972127
2024-10-25,7039,67810.46101733901
2024-10-25,6881,60788.73816545487
2024-10-25,6725,70294.91736659221
2024-10-25,7249,62735.47315804736
2024-10-25,7067,73872.54507489385
2024-10-25,6834,74389.04836221659
2024-10-25,6974,67441.56206230073
2024-10-25,6437,75995.89693282077
2024-10-25,6452,75377.58181845603
2024-10-25,6782,59642.450776354635
2024-10-25,6549,70897.21899047554
2024-10-25,6892,69575.84015684751
2024-10-25,6448,0
2024-10-25,6491,0
2024-10-25,6591,0
2024-10-25,6949,0
2024-10-25,7212,0
2024-10-25,7218,0
2024-10-25,7273,0
2024-10-25,7192,56279.450191530195
2024-10-26,6326,65571.40130171765
2024-10-26,6675,71786.10260568144
2024-10-26,6338,65676.71900135485
2024-10-26,7296,69701.53543876213
2024-10-26,6637,53844.38059873047
2024-10-26,6849,65923.76384509976
2024-10-26,7225,69927.92708885823
2024-10-26,6514,69999.42259488282
2024-10-26,6888,72137.26719093634
2024-10-26,6424,70512.725431509185
2024-10-26,6658,59705.511775572224
2024-10-26,6373,73353.99281244965
2024-10-26,6441,70917.58248923052
2024-10-26,7272,73976.00666830504
2024-10-26,6769,66602.35863370856
2024-10-26,7209,57550.03503201874
2024-10-26,6561,69841.70861742698
2024-10-26,6863,70381.8116206696
2024-10-26,6647,70418.6647362466
2024-10-26,7170,65258.77068369739
2024-10-26,6974,67451.75760371886
2024-10-26,7280,69200.54996759279
2024-10-26,6810,69551.67895477908
2024-10-26,6364,69936.65957535933
2024-10-26,6921,73585.73999928667
2024-10-26,7254,70472.16629626727
2024-10-26,6777,62550.35283701678
2024-10-26,6717,73696.39957740571
2024-10-26,7216,69880.67803955871
2024-10-26,6931,60532.74443685383
2024-10-26,6323,71466.1913811127
2024-10-26,6506,73655.142453775
2024-10-26,7134,72582.43265642512
2024-10-26,6389,71930.52687128117
2024-10-26,6882,67722.24358102816
2024-10-26,7169,73037.39152315566
2024-10-26,6120,70093.42312289577
2024-10-26,6533,70536.86913176811
2024-10-26,6944,85011.43536440913
2024-10-26,6425,61359.57654306647
2024-10-26,6809,70266.91030528012
2024-10-26,6446,73041.47983484525
2024-10-26,6745,55985.13735619983
2024-10-26,7091,73245.05403890289
2024-10-26,7052,68104.58802829006
2024-10-26,7199,73660.97037014243
2024-10-26,6562,72731.63028206513
2024-10-26,6550,68846.32518926777
2024-10-26,6348,68238.73364693896
2024-10-26,7238,72935.84021666687
2024-10-26,6609,71859.6800428841
2024-10-26,6575,53700.37329646512
2024-10-26,7146,72693.03559868857
2024-10-26,7112,70154.78857914088
2024-10-26,6167,72377.82256775114
2024-10-26,7182,69726.7331618477
2024-10-26,6905,61876.81018594722
2024-10-26,6643,73987.03662220122
2024-10-26,7295,69426.4752927843
2024-10-26,6891,62823.17424326502
2024-10-26,6324,64754.1878790917
2024-10-26,7100,59384.19133677857
2024-10-26,6881,60993.004477207745
2024-10-26,6436,71865.53894035348
2024-10-26,6972,73548.90183437744
2024-10-26,7222,98918.39320428332
2024-10-26,6866,69832.35210733161
2024-10-26,7108,69827.94210621502
2024-10-26,7287,69976.22396421955
2024-10-26,6496,70047.58855790789
2024-10-26,6569,65385.64175500777
2024-10-26,6559,69912.47803596778
2024-10-26,6804,73023.88805081292
2024-10-26,6498,69934.20519570592
2024-10-26,7104,69672.4345467142
2024-10-26,7125,69837.21099671323
2024-10-26,6368,67822.54190050333
2024-10-26,6734,64192.97897020489
2024-10-26,6406,76062.9601336699
2024-10-26,6832,74073.20457308704
2024-10-26,7289,71935.5122383726
2024-10-26,7171,58142.55278429579
2024-10-26,6101,78818.98841447043
2024-10-26,6597,74125.95479388932
2024-10-26,6679,71390.4139855521
2024-10-26,6318,69670.22789461988
2024-10-26,6387,69955.1938263433
2024-10-26,6626,70004.01946439563
2024-10-26,6508,69931.91064806379
2024-10-26,7076,70315.57351828451
2024-10-26,6418,75657.20006945988
2024-10-26,6903,78258.43930500171
2024-10-26,6932,69072.16480271923
2024-10-26,7261,69205.20349191666
2024-10-26,6719,66733.9049112801
2024-10-26,6926,74435.87112485433
2024-10-26,6861,70773.93109561903
2024-10-26,6757,55705.011425150326
2024-10-26,6295,71246.30626638411
2024-10-26,6402,70261.4961545665
2024-10-26,6833,74847.85383738438
2024-10-26,6723,58431.72912992768
2024-10-26,6618,70935.02172048904
2024-10-26,7220,69961.23225699563
2024-10-26,7115,71252.52257775678
2024-10-26,7168,62244.55688224136
2024-10-26,6453,71596.15529129987
2024-10-26,6511,69912.32422628802
2024-10-26,6423,70318.90562294757
2024-10-26,7278,82889.45472613674
2024-10-26,7241,58234.870403661174
2024-10-26,6594,72277.46208400598
2024-10-26,6834,74023.91453260287
2024-10-26,7004,68960.87749698736
2024-10-26,7174,72202.05030408427
2024-10-26,6876,70688.9292086861
2024-10-26,7003,72146.87753482703
2024-10-26,6756,62372.13621340529
2024-10-26,6789,70064.83378744841
2024-10-26,6351,69217.53243872078
2024-10-26,6844,69383.877454869
2024-10-26,7244,74497.18224712228
2024-10-26,7097,71306.76745818625
2024-10-26,6880,67950.4194090794
2024-10-26,6812,68056.5367500111
2024-10-26,6408,76336.15596274547
2024-10-26,7172,60210.59216815132
2024-10-26,6838,68373.06374628781
2024-10-26,6335,66043.07461542552
2024-10-26,7006,68167.90057550507
2024-10-26,6447,68886.40032208651
2024-10-26,7095,72820.45596605168
2024-10-26,7279,70155.86614827944
2024-10-26,6959,66351.40068815036
2024-10-26,7293,76059.60299676709
2024-10-26,7180,57175.45071690094
2024-10-26,6733,63197.73994627408
2024-10-26,6504,67023.6852648769
2024-10-26,7205,72611.89300056375
2024-10-26,7152,68857.99805213469
2024-10-26,6490,70458.03528471474
2024-10-26,6505,72068.83222509238
2024-10-26,6924,71402.51793763966
2024-10-26,6333,73345.51076589545
2024-10-26,6616,81525.79562384405
2024-10-26,6885,71096.05898918191
2024-10-26,7035,68959.05003946996
2024-10-26,7072,61445.42004720742
2024-10-26,6350,68360.25847799782
2024-10-26,7116,73055.55465848892
2024-10-26,6715,70197.61020566516
2024-10-26,6997,73378.8009414045
2024-10-26,7013,68530.36933589123
2024-10-26,6911,71747.38343242145
2024-10-26,6245,70550.71651333846
2024-10-26,6927,77668.005687822
2024-10-26,7012,66888.9911103012
2024-10-26,6439,71456.3156451271
2024-10-26,6043,71704.95224516341
2024-10-26,7005,70345.26199557331
2024-10-26,7140,67329.14964419472
2024-10-26,6773,65147.44044978433
2024-10-26,6488,68825.22225632647
2024-10-26,6758,54158.07473610358
2024-10-26,7275,71577.77428915164
2024-10-26,7155,70756.81554742233
2024-10-26,6900,69833.0091189627
2024-10-26,6960,76258.78966155957
2024-10-26,6564,73446.67160721555
2024-10-26,7117,67532.47225247581
2024-10-26,6385,69979.41056739542
2024-10-26,6380,52957.52378417722
2024-10-26,6779,65771.39531538267
2024-10-26,6918,73153.93519227079
2024-10-26,6687,73360.9209426392
2024-10-26,6624,56875.55763726867
2024-10-26,6686,71147.13748366277
2024-10-26,6865,71394.234740473
2024-10-26,7245,70608.91771721552
2024-10-26,6774,65058.24184865918
2024-10-26,6763,71314.7696508869
2024-10-26,6803,62218.588955348816
2024-10-26,7202,73009.00285048618
2024-10-26,6731,72478.5558935755
2024-10-26,6307,68645.13096518627
2024-10-26,6951,71248.99818755387
2024-10-26,6856,69995.28769426739
2024-10-26,6787,68072.75793854537
2024-10-26,7173,56996.71398609724
2024-10-26,7010,69873.66402422481
2024-10-26,6783,72868.5830487267
2024-10-26,6634,69051.74400639598
2024-10-26,6042,73780.20332248285
2024-10-26,7025,70249.2485699289
2024-10-26,7017,72306.79464682014
2024-10-26,7258,69658.38227836571
2024-10-26,6266,74621.16687941957
2024-10-26,6839,57650.79962278291
2024-10-26,6716,70885.78964860448
2024-10-26,7269,70198.86291880246
2024-10-26,6598,75849.77731612753
2024-10-26,7141,70353.4986634097
2024-10-26,7079,71024.81870354159
2024-10-26,7105,78525.62252613471
2024-10-26,6878,65788.65573483477
2024-10-26,7268,68351.56651411818
2024-10-26,6629,73975.3772791208
2024-10-26,6817,73650.56789775527
2024-10-26,7039,69356.14038372644
2024-10-26,7106,70088.1452594449
2024-10-26,6692,75793.50651415595
2024-10-26,7189,63015.85200535868
2024-10-26,7089,74827.56726842231
2024-10-26,7178,81543.90116037909
2024-10-26,7096,68996.40033896951
2024-10-26,6331,66085.14580845312
2024-10-26,6879,71549.39960201258
2024-10-26,6414,70185.65500999033
2024-10-26,6287,68644.43087462922
2024-10-26,6352,73366.0719169234
2024-10-26,6534,70880.75424771123
2024-10-26,6829,69111.1930095048
2024-10-26,6503,65506.95592400552
2024-10-26,6400,69572.84869536536
2024-10-26,7131,69920.3907572724
2024-10-26,6899,73147.22048510789
2024-10-26,6725,68659.77195480755
2024-10-26,6858,67891.81548424567
2024-10-26,7147,67567.35397677372
2024-10-26,6632,70309.15821624147
2024-10-26,7000,75356.99139756533
2024-10-26,6267,69405.50973912027
2024-10-26,6726,71341.2256365213
2024-10-26,6392,95521.26190853704
2024-10-26,7038,76875.02209459296
2024-10-26,6875,67641.4561203814
2024-10-26,6494,70478.70195283623
2024-10-26,6225,66026.69955195233
2024-10-26,6366,69877.98651904745
2024-10-26,6670,72287.83231103704
2024-10-26,6547,69059.19282412772
2024-10-26,6801,59719.57247432556
2024-10-26,6330,62407.678363480416
2024-10-26,6860,71396.0868383996
2024-10-26,7109,63099.18223581224
2024-10-26,6929,69762.33740849393
2024-10-26,7078,50765.6291825506
2024-10-26,6660,72380.10507283745
2024-10-26,6630,70107.88322802995
2024-10-26,6967,70068.01701196005
2024-10-26,7130,62532.878457430954
2024-10-26,7065,72115.01321348808
2024-10-26,6897,69692.24151433616
2024-10-26,6328,71424.19959529821
2024-10-26,7239,140865.94341866544
2024-10-26,7190,63064.55455356025
2024-10-26,6516,72715.44764930294
2024-10-26,7188,69270.98157402598
2024-10-26,6853,61020.388701535914
2024-10-26,6842,69863.51715193912
2024-10-26,6395,71414.28569109672
2024-10-26,7054,68798.07693496332
2024-10-26,7063,63170.54211151004
2024-10-26,7098,63904.94497192946
2024-10-26,7211,69410.8001810161
2024-10-26,6388,75683.76236150331
2024-10-26,6746,61267.76939116003
2024-10-26,6937,71358.36490472018
2024-10-26,6623,66405.94607550638
2024-10-26,6602,57631.6385201686
2024-10-26,6524,68202.07227023665
2024-10-26,6753,55362.71290896195
2024-10-26,6429,69113.7232738376
2024-10-26,6826,67482.676537693
2024-10-26,7111,66486.78765136082
2024-10-26,7053,62462.0850279016
2024-10-26,6854,72046.15249676665
2024-10-26,6546,70060.14274676837
2024-10-26,6520,70458.38191561199
2024-10-26,7126,63245.537880935495
2024-10-26,6904,62456.85733171301
2024-10-26,6374,70482.46858752676
2024-10-26,7157,71797.4133880875
2024-10-26,6586,71160.42974845244
2024-10-26,6785,55955.02987754166
2024-10-26,7260,70254.8278188444
2024-10-26,6971,71302.15272774175
2024-10-26,7085,73840.16736477672
2024-10-26,6581,70277.94434063594
2024-10-26,7066,63351.50757951042
2024-10-26,6740,58872.57005522458
2024-10-26,6563,69652.55207993147
2024-10-26,6437,76677.83637879357
2024-10-26,7208,70430.16189155029
2024-10-26,7198,137889.18313857997
2024-10-26,7251,72173.9750494452
2024-10-26,7020,74808.7615538249
2024-10-26,6431,76849.39585080443
2024-10-26,6430,102074.46218542596
2024-10-26,7032,66173.64998970844
2024-10-26,6898,69679.49141819226
2024-10-26,7271,72520.97621142244
2024-10-26,7137,70913.11703275533
2024-10-26,7042,74691.61887536883
2024-10-26,7249,63198.244434212495
2024-10-26,7156,69867.83996008664
2024-10-26,7107,65301.611880635006
2024-10-26,7129,69994.74952691908
2024-10-26,7037,64245.72158289777
2024-10-26,6435,71304.68131020697
2024-10-26,6963,69115.55643575128
2024-10-26,7083,69483.78568427316
2024-10-26,6332,70156.83473881856
2024-10-26,7149,72373.59572944991
2024-10-26,6668,74904.41067062302
2024-10-26,7139,72335.69091988297
2024-10-26,7217,70426.75851193786
2024-10-26,7081,73514.07916606076
2024-10-26,6788,69207.46689270035
2024-10-26,6582,69807.09285066629
2024-10-26,6336,72942.37691124243
2024-10-26,6411,60361.11919279258
2024-10-26,7040,66343.41036078749
2024-10-26,7060,74012.34481428577
2024-10-26,6304,69756.56636880523
2024-10-26,6565,74921.6185253968
2024-10-26,6780,70172.78296912703
2024-10-26,6432,69811.73109779501
2024-10-26,6417,72255.18069283574
2024-10-26,6558,70016.70266321852
2024-10-26,6659,56629.37678031618
2024-10-26,6985,71254.91776752187
2024-10-26,7240,70882.68539079749
2024-10-26,6357,68449.70786642047
2024-10-26,6727,66792.36765979773
2024-10-26,7033,71905.48996817955
2024-10-26,6588,74747.28414031769
2024-10-26,6540,70981.57132876273
2024-10-26,7158,72176.42268462425
2024-10-26,6413,71214.25135856256
2024-10-26,7159,78496.86594528059
2024-10-26,6655,69367.64327078551
2024-10-26,7121,61929.64213670443
2024-10-26,7064,68820.04622703316
2024-10-26,7187,62116.19445099242
2024-10-26,6476,69270.31046271324
2024-10-26,6452,75195.20705702812
2024-10-26,6663,71877.15099484213
2024-10-26,7021,70484.55613111143
2024-10-26,6482,73812.2268921682
2024-10-26,6299,61097.20278872208
2024-10-26,6512,70527.39702736065
2024-10-26,6327,70026.71693349352
2024-10-26,6434,70514.57475257471
2024-10-26,7080,66304.45732229682
2024-10-26,7242,53769.155834688856
2024-10-26,6445,70528.6840606666
2024-10-26,6649,75570.97100971374
2024-10-26,6571,70480.01384023594
2024-10-26,7135,71519.26796457778
2024-10-26,6487,72301.99264506265
2024-10-26,6695,72817.49018585568
2024-10-26,7250,63458.848618982265
2024-10-26,6869,71063.44478362726
2024-10-26,6754,60230.83880620977
2024-10-26,6360,69786.62891672581
2024-10-26,6320,72606.53445536578
2024-10-26,7018,57336.80276560516
2024-10-26,6767,71147.25346863107
2024-10-26,7197,70028.94087578464
2024-10-26,7151,69067.46785328383
2024-10-26,6507,69249.746968588
2024-10-26,6811,74012.72597269497
2024-10-26,6978,69429.52535636091
2024-10-26,6396,70903.65096308498
2024-10-26,6522,68126.59378844283
2024-10-26,6768,70397.37286384669
2024-10-26,7030,70179.89764478315
2024-10-26,6249,70185.23554929659
2024-10-26,6382,72220.83303839849
2024-10-26,6884,75398.47093890293
2024-10-26,6525,72243.87516896124
2024-10-26,6977,58661.147530076094
2024-10-26,6873,69322.96896262658
2024-10-26,6948,76417.09726132877
2024-10-26,6054,67872.85680816534
2024-10-26,6666,73499.5511415525
2024-10-26,6737,72036.37876112678
2024-10-26,6741,68300.25035102003
2024-10-26,6393,70119.04050432498
2024-10-26,6574,68934.33926292922
2024-10-26,6039,68574.44974520463
2024-10-26,6633,53401.763213268925
2024-10-26,6451,71487.3479052507
2024-10-26,6919,70470.8394856842
2024-10-26,7207,73453.96445074947
2024-10-26,6552,72591.51166264803
2024-10-26,6577,70563.65993706044
2024-10-26,6639,66346.27582395556
2024-10-26,7011,69956.53011172413
2024-10-26,6239,68888.80138162522
2024-10-26,6718,61759.17597163355
2024-10-26,7201,68526.79171345166
2024-10-26,6554,53098.620009135695
2024-10-26,6590,74737.75036777598
2024-10-26,6082,71089.52469192243
2024-10-26,6298,61136.82089223865
2024-10-26,6025,73027.23674089035
2024-10-26,6232,76626.52099813045
2024-10-26,6857,68210.01619945826
2024-10-26,6092,74645.08338045383
2024-10-26,6680,67646.0159719512
2024-10-26,6724,66618.45608584434
2024-10-26,6755,57291.87713604771
2024-10-26,7210,69032.05572677535
2024-10-26,6585,74091.26581705375
2024-10-26,6775,73518.33437098408
2024-10-26,7070,74176.9513059491
2024-10-26,7102,71889.11360296363
2024-10-26,7265,73116.60744636341
2024-10-26,6835,74614.65681537335
2024-10-26,6722,63839.3541821034
2024-10-26,6538,57128.387089639655
2024-10-26,7113,57766.831181174646
2024-10-26,6450,69978.0464219097
2024-10-26,6379,71477.76843858474
2024-10-26,6896,70490.81051443744
2024-10-26,6553,51736.205458479504
2024-10-26,6517,72201.365977528
2024-10-26,6797,72878.16161426573
2024-10-26,7028,70472.49181982703
2024-10-26,6580,68286.72476088925
2024-10-26,6941,67977.77600647733
2024-10-26,6922,71626.30790401914
2024-10-26,6515,72801.17512037013
2024-10-26,6874,68457.42723751681
2024-10-26,6799,70180.01690773192
2024-10-26,6846,73671.96874485844
2024-10-26,7101,71829.00835819487
2024-10-26,6994,80092.58032597025
2024-10-26,6736,72470.87638919882
2024-10-26,6567,70591.64153839352
2024-10-26,6815,67090.21328879533
2024-10-26,6438,68769.74834974519
2024-10-26,6087,72608.2446070412
2024-10-26,7248,73304.20052459776
2024-10-26,7276,75444.03521144413
2024-10-26,7231,69283.24521870898
2024-10-26,6604,74179.2631362868
2024-10-26,7246,71544.79214559632
2024-10-26,7048,73909.9960479327
2024-10-26,7224,73526.31672720311
2024-10-26,6966,72279.9496605721
2024-10-26,7092,75902.6418503523
2024-10-26,6933,67052.5668392087
2024-10-26,7283,68685.55340660972
2024-10-26,6824,67458.57468832021
2024-10-26,6877,70431.3263407285
2024-10-26,6372,67654.07751781671
2024-10-26,6317,70448.74312649178
2024-10-26,6501,71244.51111727688
2024-10-26,7186,60608.77848553467
2024-10-26,6993,66889.89472052094
2024-10-26,6329,68543.05285949333
2024-10-26,7062,61568.4434212249
2024-10-26,6428,76711.70588471534
2024-10-26,7047,95343.14738989664
2024-10-26,6619,69450.80805992664
2024-10-26,6297,69100.02959252197
2024-10-26,6962,73379.29915877957
2024-10-26,6480,74747.90241971376
2024-10-26,6334,73443.19940356909
2024-10-26,6213,69675.14897563889
2024-10-26,6420,73029.14339583428
2024-10-26,6818,68632.47438016046
2024-10-26,7227,73295.51234801848
2024-10-26,7110,67985.79325521701
2024-10-26,6631,70413.33223058142
2024-10-26,6316,71505.03746705408
2024-10-26,6674,70440.32834182044
2024-10-26,7223,70290.6663084107
2024-10-26,6291,62878.15878477877
2024-10-26,6883,66547.0314520697
2024-10-26,6475,70994.50301432454
2024-10-26,7036,70933.5332258114
2024-10-26,7073,72852.56042058206
2024-10-26,6443,74745.93871280864
2024-10-26,7292,70734.88049379995
2024-10-26,7022,67839.05848167457
2024-10-26,6641,65661.024962706535
2024-10-26,6830,72602.03987825659
2024-10-26,6363,77458.29951937006
2024-10-26,7165,59451.35644641768
2024-10-26,7009,84229.41710299964
2024-10-26,6648,73190.49347530433
2024-10-26,6676,70720.58327592579
2024-10-26,7200,68445.5282859275
2024-10-26,7145,69905.46583358874
2024-10-26,7274,68544.75648140113
2024-10-26,6642,69343.90640489534
2024-10-26,6576,68713.91623309415
2024-10-26,6662,70865.97799049041
2024-10-26,7124,56330.744277925936
2024-10-26,6548,69087.11815178662
2024-10-26,6693,69988.09286016392
2024-10-26,7014,73905.28736033331
2024-10-26,7090,74837.17901105485
2024-10-26,6961,74232.34928321018
2024-10-26,6456,71956.7726445338
2024-10-26,6934,71888.29478094415
2024-10-26,7084,62914.351139159495
2024-10-26,6870,70739.86582688295
2024-10-26,6272,70697.93623222766
2024-10-26,6800,67392.15914537621
2024-10-26,6862,69834.46451184138
2024-10-26,6999,69169.85927197558
2024-10-26,6957,71243.65377330326
2024-10-26,7016,69904.5147310991
2024-10-26,7236,72945.10133695601
2024-10-26,7144,74558.79543146421
2024-10-26,6935,72344.16761318801
2024-10-26,6410,59274.37103678059
2024-10-26,7049,67535.03201583154
2024-10-26,7056,72374.56434437925
2024-10-26,7256,75314.13431869725
2024-10-26,6894,67671.51047811194
2024-10-26,6930,72358.51780636089
2024-10-26,6728,71105.36786347555
2024-10-26,6601,71157.33241280331
2024-10-26,6526,66533.05816698076
2024-10-26,6384,71327.80371554368
2024-10-26,6969,70505.72556855978
2024-10-26,7234,57269.28494894031
2024-10-26,6246,68652.2788685805
2024-10-26,6909,72875.48637123931
2024-10-26,6541,70938.26253393006
2024-10-26,7087,76322.88786190425
2024-10-26,7050,55406.12070336062
2024-10-26,6250,69835.22153616665
2024-10-26,6794,60441.65161577283
2024-10-26,6954,63493.82748283872
2024-10-26,7122,73925.63255987168
2024-10-26,6644,70651.96436125408
2024-10-26,6370,68254.08032236343
2024-10-26,6852,67398.2582414815
2024-10-26,7002,67310.21180410185
2024-10-26,6827,73035.30114596643
2024-10-26,6953,60643.1650731608
2024-10-26,6345,72386.4924903822
2024-10-26,6841,69625.19062943634
2024-10-26,6358,74471.61505867173
2024-10-26,7086,75956.6073584497
2024-10-26,7031,67746.72546920697
2024-10-26,7291,55146.92782325318
2024-10-26,6088,70512.18240456232
2024-10-26,6455,67123.8682277425
2024-10-26,7034,68873.81112179196
2024-10-26,7288,69635.4954930075
2024-10-26,7019,58872.6199231084
2024-10-26,7185,57886.49478744886
2024-10-26,6251,62334.95605751314
2024-10-26,7026,71123.92897527874
2024-10-26,6531,66920.69613745123
2024-10-26,6970,72606.70991913487
2024-10-26,6750,70457.50243861583
2024-10-26,6519,69976.59490070908
2024-10-26,6784,69087.4426207238
2024-10-26,6535,68153.15033625207
2024-10-26,6560,71681.1987450423
2024-10-26,6545,65275.274572997216
2024-10-26,6510,73705.68918002634
2024-10-26,6407,66275.17962306693
2024-10-26,6759,59354.62437686538
2024-10-26,6923,67400.53095681097
2024-10-26,6342,70079.3551868211
2024-10-26,6956,64657.81211283426
2024-10-26,6973,73052.61891169997
2024-10-26,6568,71100.35362126373
2024-10-26,6764,64326.221150988946
2024-10-26,6968,66555.41889050431
2024-10-26,6752,62719.51634175835
2024-10-26,7213,70154.29633547981
2024-10-26,7008,70715.12160519432
2024-10-26,7193,72560.070926646
2024-10-26,6928,72867.89594544625
2024-10-26,6872,61062.279345875315
2024-10-26,7214,68456.41014567872
2024-10-26,7206,76007.23796214553
2024-10-26,6426,68445.12987811421
2024-10-26,7195,72681.19543272813
2024-10-26,6248,64279.10961316861
2024-10-26,6518,69542.77789484084
2024-10-26,7067,73780.09803793592
2024-10-26,6367,67235.20187689246
2024-10-26,6599,71737.53847892089
2024-10-26,6492,76782.5384762698
2024-10-26,6936,51030.04071629684
2024-10-26,6831,78344.5481922363
2024-10-26,6965,69557.08539673945
2024-10-26,6509,70689.07529123806
2024-10-26,6600,71220.94805125384
2024-10-26,7068,68210.25127164935
2024-10-26,7027,69793.94857127675
2024-10-26,7127,67247.68895962603
2024-10-26,6681,71875.46347038666
2024-10-26,6751,66921.33577875035
2024-10-26,7150,71031.4111166849
2024-10-26,6635,70616.56218514299
2024-10-26,6477,74588.6824985169
2024-10-26,6485,51199.81230180543
2024-10-26,6925,73754.0015849474
2024-10-26,6747,60433.833373409594
2024-10-26,6696,71092.8606368448
2024-10-26,6398,83644.4602204703
2024-10-26,6583,64054.30468165396
2024-10-26,6313,70636.53377280783
2024-10-26,6714,69675.3650514538
2024-10-26,6454,75473.76451343115
2024-10-26,7281,67966.33081546916
2024-10-26,6664,78274.99012717258
2024-10-26,7253,73046.31752034495
2024-10-26,6887,65819.93133986012
2024-10-26,6798,82135.2832552404
2024-10-26,6072,71188.76289758987
2024-10-26,6942,65276.45212336728
2024-10-26,6952,66376.82436861652
2024-10-26,6845,70970.29513529291
2024-10-26,7077,77055.33253305298
2024-10-26,6636,71236.21657081714
2024-10-26,7175,69496.77190917202
2024-10-26,6851,63869.90130303685
2024-10-26,7267,77515.3801301422
2024-10-26,6544,69010.08197876759
2024-10-26,7219,49552.08144238131
2024-10-26,6536,57446.850694117624
2024-10-26,6689,71139.9917450025
2024-10-26,6346,67038.02690365673
2024-10-26,6749,62598.55373498099
2024-10-26,7226,69731.94600443495
2024-10-26,7183,70530.58934167473
2024-10-26,7043,71653.66153721609
2024-10-26,6776,67109.60326540505
2024-10-26,6254,71837.77718589878
2024-10-26,7196,70759.44496583175
2024-10-26,7282,70725.20842031154
2024-10-26,6493,65954.40179959752
2024-10-26,6792,62677.364081335574
2024-10-26,7024,72840.39282017638
2024-10-26,7221,69665.58837881182
2024-10-26,6427,72725.59032804146
2024-10-26,7136,74528.88881862581
2024-10-26,6669,69900.72696226813
2024-10-26,6661,70116.97462154119
2024-10-26,7184,64572.04376313409
2024-10-26,7007,69487.93698632206
2024-10-26,6761,69544.48916195161
2024-10-26,6730,57668.100138777125
2024-10-26,7075,64024.80951620551
2024-10-26,6906,75109.01190370125
2024-10-26,7128,73317.79314433874
2024-10-26,6268,69985.07551425489
2024-10-26,6349,59278.79408519069
2024-10-26,6762,68614.94572973375
2024-10-26,6325,69674.68302613226
2024-10-26,6523,70823.35298149493
2024-10-26,6603,69512.43214900336
2024-10-26,6094,73790.34040652204
2024-10-26,6607,73768.86032822453
2024-10-26,6813,69849.42164575262
2024-10-26,7069,69107.27895281556
2024-10-26,6940,70758.49818979569
2024-10-26,6390,70751.56588111153
2024-10-26,6782,59389.66926723441
2024-10-26,6549,69491.62488664944
2024-10-26,6892,69441.25768354296
2024-10-26,6491,0
2024-10-26,6448,0
2024-10-26,6591,0
2024-10-26,6949,0
2024-10-26,7212,0
2024-10-26,7218,0
2024-10-26,7273,0
2024-10-26,7192,54784.34800782034
2024-10-27,6751,66828.04319964966
2024-10-27,7169,72421.18261799935
2024-10-27,6758,53967.6363309023
2024-10-27,7206,76674.05193982905
2024-10-27,7175,69455.59194568964
2024-10-27,6482,73366.01339301858
2024-10-27,7032,65728.71218873574
2024-10-27,6877,71227.0586958907
2024-10-27,6783,73302.78886876615
2024-10-27,7000,75289.76008663305
2024-10-27,6582,69310.13663177917
2024-10-27,7225,70066.17467732621
2024-10-27,6762,68636.31211837266
2024-10-27,6842,69751.71388178262
2024-10-27,6925,72999.55768715651
2024-10-27,6492,77368.63652590035
2024-10-27,7039,69304.35058995904
2024-10-27,6810,69446.69218889176
2024-10-27,6756,61817.48024679283
2024-10-27,6585,72448.4302205797
2024-10-27,7269,73035.29518058796
2024-10-27,6251,62590.43689417559
2024-10-27,6641,64581.60618860184
2024-10-27,6475,71341.71022179205
2024-10-27,6779,66314.02963244496
2024-10-27,6590,74348.73404101904
2024-10-27,6860,71284.1358573312
2024-10-27,7080,65570.87888817699
2024-10-27,6930,72411.6169782932
2024-10-27,6392,88592.66775550283
2024-10-27,6520,70571.6327950652
2024-10-27,6849,65433.6471076615
2024-10-27,6833,75092.95184650425
2024-10-27,6956,65561.13436796598
2024-10-27,7214,68756.76459203007
2024-10-27,7049,67907.09896136732
2024-10-27,7042,75113.33739577424
2024-10-27,6961,74058.69939016148
2024-10-27,6538,57194.674875362245
2024-10-27,6798,81489.80282992945
2024-10-27,7087,76407.48995361914
2024-10-27,7210,69049.19843177345
2024-10-27,6598,78519.08645750121
2024-10-27,6087,72642.17142139885
2024-10-27,6441,71302.76649724242
2024-10-27,7188,69264.66527822496
2024-10-27,7036,70944.47494702527
2024-10-27,6818,68302.94553981388
2024-10-27,7109,63877.33778645556
2024-10-27,7056,72357.51135614254
2024-10-27,6663,72064.16922882921
2024-10-27,6785,54584.23624806849
2024-10-27,6254,72077.49547274108
2024-10-27,7131,69784.90182687553
2024-10-27,6997,74648.23705312148
2024-10-27,7219,57143.00830218722
2024-10-27,6522,68023.3802263871
2024-10-27,7291,54302.979317254554
2024-10-27,6824,67483.89780789154
2024-10-27,6317,70453.56184116527
2024-10-27,6759,59674.7933877167
2024-10-27,6445,70583.2903474632
2024-10-27,6554,51576.64046196816
2024-10-27,6769,67890.15419495493
2024-10-27,6660,70855.95806248431
2024-10-27,7031,68193.39085710763
2024-10-27,6885,71037.40878463376
2024-10-27,6649,77923.39426410125
2024-10-27,6424,70712.55311864814
2024-10-27,6328,71751.38426161304
2024-10-27,7134,72695.2938485878
2024-10-27,6540,70863.89721474671
2024-10-27,6569,64132.37081240888
2024-10-27,6616,77975.73128386734
2024-10-27,6924,70445.56046656055
2024-10-27,6511,69765.67192237885
2024-10-27,6333,73340.19072705269
2024-10-27,6324,64443.28956041278
2024-10-27,6603,69159.97247046678
2024-10-27,6929,69829.49150330402
2024-10-27,6452,75166.862455286755
2024-10-27,7096,70027.55210187785
2024-10-27,7140,67410.81907794107
2024-10-27,6335,66561.98022485133
2024-10-27,6360,70206.24176233412
2024-10-27,7187,62376.18979837415
2024-10-27,6348,68158.89894023682
2024-10-27,6494,70433.26865715365
2024-10-27,6250,69712.35299032555
2024-10-27,6485,51766.56823261165
2024-10-27,7022,67927.13975082681
2024-10-27,6487,72096.27426540715
2024-10-27,6965,69642.27719035311
2024-10-27,7180,56684.05427326456
2024-10-27,6789,70452.83197891299
2024-10-27,6719,66891.0917376314
2024-10-27,6266,75127.2995284084
2024-10-27,7043,71930.71262773381
2024-10-27,6455,66855.16866207682
2024-10-27,7234,57217.79880838901
2024-10-27,6784,68919.83734217053
2024-10-27,6417,72629.2035837759
2024-10-27,6526,66689.03427166767
2024-10-27,6757,54424.006537424415
2024-10-27,6043,72229.65733020839
2024-10-27,7238,72728.26041685273
2024-10-27,6935,75262.19510077733
2024-10-27,6088,70441.14809032275
2024-10-27,6574,69118.8328373833
2024-10-27,6801,59640.313074707934
2024-10-27,6664,77659.05018715332
2024-10-27,6899,72784.7472521026
2024-10-27,6447,68911.3023180103
2024-10-27,6862,70010.06981716868
2024-10-27,7030,70079.90898874993
2024-10-27,7182,69134.45669452808
2024-10-27,7105,78632.34024033761
2024-10-27,6826,68495.41787721575
2024-10-27,7209,58214.12703056185
2024-10-27,7174,72138.52855528779
2024-10-27,7145,66716.01341672556
2024-10-27,6545,65710.00100767388
2024-10-27,6523,71099.97139370744
2024-10-27,6661,70079.11173971013
2024-10-27,6583,63631.99225710141
2024-10-27,6304,70253.35759158584
2024-10-27,6973,73543.72860861426
2024-10-27,6418,74647.23602742667
2024-10-27,7275,71447.53621212425
2024-10-27,6420,72862.29334859105
2024-10-27,6390,70971.35166188962
2024-10-27,6423,70691.02422067437
2024-10-27,6563,70558.68981115465
2024-10-27,6493,66493.2371190258
2024-10-27,6525,73395.76037245066
2024-10-27,6752,63020.10642265647
2024-10-27,6799,70377.15334439195
2024-10-27,6737,72447.2835469783
2024-10-27,7003,72149.41683189143
2024-10-27,7047,95380.51434680117
2024-10-27,6352,73253.94283358466
2024-10-27,6846,73929.95294803665
2024-10-27,6544,68998.86217801784
2024-10-27,6875,71435.23182214613
2024-10-27,6408,77583.42949654335
2024-10-27,7081,73469.8320410544
2024-10-27,6963,68924.00704670232
2024-10-27,6883,66728.7485684207
2024-10-27,6382,72617.3598421898
2024-10-27,7231,69022.86944062881
2024-10-27,7276,75012.86660042727
2024-10-27,7156,69404.46137374747
2024-10-27,7121,62300.1787935958
2024-10-27,6389,69836.43531834308
2024-10-27,6380,54155.46766363488
2024-10-27,7198,138630.9018557774
2024-10-27,7260,70319.10045376717
2024-10-27,6496,70055.22699977663
2024-10-27,6503,65634.54618121799
2024-10-27,7251,73112.51386478133
2024-10-27,6733,63019.69519589352
2024-10-27,6687,73558.32696195961
2024-10-27,6454,75904.43582614296
2024-10-27,6225,65964.001195155
2024-10-27,6297,68816.61589139761
2024-10-27,6507,69691.96997835081
2024-10-27,7245,70517.68556408437
2024-10-27,6313,70710.91721224289
2024-10-27,7035,69290.52980201317
2024-10-27,7129,70051.20938058531
2024-10-27,7076,70067.6966093298
2024-10-27,7283,69223.72834239913
2024-10-27,6368,67970.59239845727
2024-10-27,6609,71559.50432636157
2024-10-27,6346,66809.53721729665
2024-10-27,7124,57244.96428620372
2024-10-27,6327,70298.33354541475
2024-10-27,6414,69845.45166476836
2024-10-27,6813,69825.52023183559
2024-10-27,6714,69996.73299649327
2024-10-27,7282,70931.86674381791
2024-10-27,7199,73813.36540594489
2024-10-27,6728,71802.82468230234
2024-10-27,6634,70625.54069256003
2024-10-27,7267,77556.21049524848
2024-10-27,6402,70322.14212016556
2024-10-27,7141,70798.06052996726
2024-10-27,6953,57593.51347473513
2024-10-27,6618,71396.49593491119
2024-10-27,7265,72895.19509438095
2024-10-27,6971,72181.78096502251
2024-10-27,6367,65867.59330005266
2024-10-27,7027,70785.60112072708
2024-10-27,6428,76776.6296072485
2024-10-27,6696,71345.48174939585
2024-10-27,6655,69391.10158942078
2024-10-27,6900,69766.87018776694
2024-10-27,6926,74521.38579734505
2024-10-27,6832,73601.95920322071
2024-10-27,6504,68235.72075532228
2024-10-27,6434,71851.0156357043
2024-10-27,6560,71633.72350535083
2024-10-27,6937,71610.74758912664
2024-10-27,6630,70054.64212535939
2024-10-27,7227,73235.43660567811
2024-10-27,7289,72593.81779031052
2024-10-27,7111,67026.09470032534
2024-10-27,7223,70303.23604941068
2024-10-27,6594,72581.94605032117
2024-10-27,7216,69959.6529722201
2024-10-27,6643,73721.37390516652
2024-10-27,7107,65896.03456618391
2024-10-27,6358,74945.49274560378
2024-10-27,6432,69490.35874191432
2024-10-27,7037,64332.66645082246
2024-10-27,6562,72252.81359037291
2024-10-27,6857,68463.80129263975
2024-10-27,7172,60174.031616323475
2024-10-27,7173,56789.91503231869
2024-10-27,6577,70458.84755869683
2024-10-27,7083,68803.47793828175
2024-10-27,7048,74507.20513539013
2024-10-27,6853,60184.63565530195
2024-10-27,7195,72710.33577068696
2024-10-27,6878,65763.71723615998
2024-10-27,6718,62523.11933903964
2024-10-27,7288,69532.13811287042
2024-10-27,7079,71020.35384405435
2024-10-27,6948,76391.10734791768
2024-10-27,6509,70775.20320173775
2024-10-27,6841,69510.40072027889
2024-10-27,7060,73326.57539612659
2024-10-27,7157,71421.7465775708
2024-10-27,6316,71186.00763215782
2024-10-27,7062,61654.464278002866
2024-10-27,7197,69802.11583540759
2024-10-27,6287,71135.02136058635
2024-10-27,6524,68470.35044700353
2024-10-27,7155,68892.01934109414
2024-10-27,6725,70454.27394806557
2024-10-27,6680,67601.61402225839
2024-10-27,6298,61145.15135945683
2024-10-27,6518,69922.63148946586
2024-10-27,6681,71931.50281925134
2024-10-27,6675,72095.87761564215
2024-10-27,6553,53756.0006775065
2024-10-27,6393,70831.13442090883
2024-10-27,6325,69775.2490309619
2024-10-27,6851,64202.44284204762
2024-10-27,6332,70765.07677874409
2024-10-27,6831,80614.16656371977
2024-10-27,7090,74892.43367756032
2024-10-27,7258,70288.13602755559
2024-10-27,6372,67484.96797695795
2024-10-27,6588,73165.94880781912
2024-10-27,7151,69237.96626659475
2024-10-27,7018,57481.06678986008
2024-10-27,6647,70434.15553199612
2024-10-27,6879,71968.56999211556
2024-10-27,7053,63113.95713224696
2024-10-27,6510,73553.44380915322
2024-10-27,6631,68805.49480607097
2024-10-27,6800,66926.93974301608
2024-10-27,6512,70755.54390163606
2024-10-27,6373,73282.35168440001
2024-10-27,7125,69931.13231585303
2024-10-27,6429,69374.96649660812
2024-10-27,6954,61629.02019467596
2024-10-27,6773,65215.12772917507
2024-10-27,7040,66358.48386436436
2024-10-27,7196,70896.32931015626
2024-10-27,6430,102400.48221910332
2024-10-27,6658,59895.18991096643
2024-10-27,6740,59106.36199556625
2024-10-27,6533,70546.89497396623
2024-10-27,6978,68781.79504205516
2024-10-27,6384,71554.30120616613
2024-10-27,6548,69501.32159948711
2024-10-27,7144,74464.90171463133
2024-10-27,6922,71724.03642085331
2024-10-27,6508,68371.86406376582
2024-10-27,6804,72622.45148445529
2024-10-27,7242,55475.40563052551
2024-10-27,6439,71855.34264826977
2024-10-27,6426,68673.50661870463
2024-10-27,6167,73402.92454575186
2024-10-27,7130,62542.13172132575
2024-10-27,6546,70485.2121213431
2024-10-27,6844,69359.3959949211
2024-10-27,6761,69148.27085117178
2024-10-27,6039,68510.12025346915
2024-10-27,7208,70297.94258628615
2024-10-27,7115,70866.13608151958
2024-10-27,6905,61730.80195358686
2024-10-27,6571,70678.85847438454
2024-10-27,6727,67338.50364346156
2024-10-27,6516,71873.99262344066
2024-10-27,6094,73890.68060845268
2024-10-27,6388,75713.98716721415
2024-10-27,6968,68726.34625556975
2024-10-27,6531,67446.66936182854
2024-10-27,6406,74370.08230665403
2024-10-27,6695,72792.91786722452
2024-10-27,6845,71151.3906131066
2024-10-27,6326,65826.23127081628
2024-10-27,6232,77111.5849105537
2024-10-27,6942,64914.3422876666
2024-10-27,7002,67242.94393594778
2024-10-27,7246,71472.05409732941
2024-10-27,6453,71854.5288323801
2024-10-27,6239,69239.02446017608
2024-10-27,6505,72797.36142870366
2024-10-27,7278,84426.41836285238
2024-10-27,6025,72980.7370213345
2024-10-27,6881,61442.63366001919
2024-10-27,6906,75335.53880501338
2024-10-27,7250,64413.36413850388
2024-10-27,6623,66536.54355315003
2024-10-27,6295,71222.31178679275
2024-10-27,6723,57205.2455972947
2024-10-27,7064,69754.76584671611
2024-10-27,7077,71812.83630726693
2024-10-27,6880,68864.17209720236
2024-10-27,6750,70559.44203278153
2024-10-27,7025,69843.34123298727
2024-10-27,7190,61556.749953890416
2024-10-27,6919,70683.40875046422
2024-10-27,7201,68759.96576916636
2024-10-27,6350,68333.01324454557
2024-10-27,7005,70694.34219524919
2024-10-27,6323,71112.22682302
2024-10-27,7217,70018.48145477926
2024-10-27,6835,75415.16357469725
2024-10-27,7248,72919.54005017251
2024-10-27,6977,58327.92135668008
2024-10-27,6379,72960.8710902437
2024-10-27,6967,70117.36958646766
2024-10-27,7084,63743.84388593103
2024-10-27,6374,70480.52628481529
2024-10-27,6436,71831.40560948089
2024-10-27,7127,68803.11336747324
2024-10-27,6398,84248.73931992633
2024-10-27,6903,78303.60780591897
2024-10-27,6896,70159.76182999171
2024-10-27,6345,72597.19104157978
2024-10-27,6644,70968.66137044762
2024-10-27,7066,63686.88647568176
2024-10-27,6370,67663.03775830909
2024-10-27,6904,62213.288139035976
2024-10-27,6754,59159.969720508874
2024-10-27,6435,71983.86779281925
2024-10-27,7010,69835.54273794372
2024-10-27,7186,60023.39840037627
2024-10-27,6933,67414.054286644
2024-10-27,6536,57422.56967355757
2024-10-27,6632,70613.81173409769
2024-10-27,6597,74951.83404193052
2024-10-27,6558,70147.89095231831
2024-10-27,7272,73830.47988074775
2024-10-27,7070,74703.78904119966
2024-10-27,7220,70096.94963509632
2024-10-27,7136,74475.85107130962
2024-10-27,6662,70382.5881663149
2024-10-27,6564,73602.51054899635
2024-10-27,6330,62797.268277672534
2024-10-27,7207,76113.05865405068
2024-10-27,6927,77745.81495707818
2024-10-27,6331,66896.48797319634
2024-10-27,6120,70082.33068646531
2024-10-27,6601,71132.55467057995
2024-10-27,6787,68457.27614117495
2024-10-27,6291,62827.217236230026
2024-10-27,6940,70880.2812817885
2024-10-27,7067,73698.1322642333
2024-10-27,7117,67415.5699526699
2024-10-27,7178,82129.51891428899
2024-10-27,6755,56163.44761716272
2024-10-27,7159,79500.0032950429
2024-10-27,6715,70096.19358822207
2024-10-27,6364,70861.09332401562
2024-10-27,6272,70887.6323889554
2024-10-27,6803,62365.04823138105
2024-10-27,6659,56323.74939186435
2024-10-27,6635,71190.48279487687
2024-10-27,6396,70954.3475441691
2024-10-27,6936,50737.23051610961
2024-10-27,7012,68029.1989576458
2024-10-27,6607,73741.0226553603
2024-10-27,7150,71131.99159643576
2024-10-27,6092,74757.30278577286
2024-10-27,6438,70218.26459176937
2024-10-27,6515,71650.42201714398
2024-10-27,7213,69968.38522345589
2024-10-27,6876,68793.27747660532
2024-10-27,6329,69324.50074277612
2024-10-27,6817,73630.02757994588
2024-10-27,6268,70005.81232288122
2024-10-27,6626,69635.20305083113
2024-10-27,6774,66461.42851692438
2024-10-27,7004,69188.79103645406
2024-10-27,6246,68449.82979456583
2024-10-27,6349,59156.21360775013
2024-10-27,6724,67826.93027976099
2024-10-27,6777,60991.24220873714
2024-10-27,7280,69217.82379539416
2024-10-27,7185,57833.61675450441
2024-10-27,6547,69348.59691489443
2024-10-27,7152,68956.0856991187
2024-10-27,6815,66706.40596441063
2024-10-27,7019,58274.87733958817
2024-10-27,7106,70762.83937558596
2024-10-27,6882,70160.19077935301
2024-10-27,6580,69026.74989813924
2024-10-27,6425,61745.83880413526
2024-10-27,7224,73395.31181938249
2024-10-27,6969,70765.6029839102
2024-10-27,6746,61187.45426312344
2024-10-27,6400,69435.5107467784
2024-10-27,7170,65051.08507114565
2024-10-27,7239,146266.74185517733
2024-10-27,7072,60857.36227500437
2024-10-27,7240,71755.78881210656
2024-10-27,7249,63388.770749002266
2024-10-27,7017,72198.70897585919
2024-10-27,6410,59768.22388613403
2024-10-27,6338,66024.9515727895
2024-10-27,6731,72835.27095856704
2024-10-27,6648,73425.23323035295
2024-10-27,6809,70245.19200098379
2024-10-27,6575,53443.885991167495
2024-10-27,7073,72899.41755760134
2024-10-27,6363,77461.57384750948
2024-10-27,6679,71817.80319686742
2024-10-27,7183,69014.4666970901
2024-10-27,7193,72146.92592643703
2024-10-27,7028,70634.29376437896
2024-10-27,6552,72275.79865695343
2024-10-27,6488,69282.45176321188
2024-10-27,6747,60772.03240663604
2024-10-27,7113,57331.099914439976
2024-10-27,6213,69829.65214778556
2024-10-27,6827,73298.07499634099
2024-10-27,7101,71675.98422260498
2024-10-27,7241,58110.2448303935
2024-10-27,6952,66362.77802690213
2024-10-27,6726,71438.73865858236
2024-10-27,6869,70655.15510788756
2024-10-27,7254,70502.68752223559
2024-10-27,7007,68859.07042335051
2024-10-27,6944,84829.18096675914
2024-10-27,7165,59555.783347606026
2024-10-27,7068,69032.30669770262
2024-10-27,6407,67628.32888068576
2024-10-27,6874,68563.86510517124
2024-10-27,7256,75904.368517012
2024-10-27,7024,73054.34503064213
2024-10-27,6972,73447.06329850967
2024-10-27,6717,73709.08980742705
2024-10-27,7054,68611.2747118759
2024-10-27,6888,72210.80911064585
2024-10-27,6911,71816.28297323897
2024-10-27,7097,71428.7271635433
2024-10-27,6506,74067.26819599948
2024-10-27,7205,71826.82979884259
2024-10-27,6307,68222.75811939432
2024-10-27,6941,68508.97708510398
2024-10-27,6722,63689.1112308628
2024-10-27,6387,70044.81183844463
2024-10-27,7065,70603.38497988801
2024-10-27,7202,73028.57975143193
2024-10-27,6431,75984.42749766592
2024-10-27,6792,61843.4806769788
2024-10-27,6763,70952.15270412999
2024-10-27,6351,69240.81373336291
2024-10-27,7075,63869.68231705472
2024-10-27,7200,70308.522332551
2024-10-27,7026,71151.66420851313
2024-10-27,6668,75869.8794988625
2024-10-27,7078,50972.99784819338
2024-10-27,6633,53093.054889004416
2024-10-27,7128,73340.0249870082
2024-10-27,6249,70364.514000407
2024-10-27,6559,69925.75423048959
2024-10-27,6413,70939.7909421812
2024-10-27,6501,71323.86106862704
2024-10-27,6517,74160.8962525838
2024-10-27,6863,70469.23484492254
2024-10-27,6834,74470.93024858936
2024-10-27,6866,70491.43559937195
2024-10-27,6451,72097.90283849365
2024-10-27,6753,54962.37083347498
2024-10-27,6267,69467.03140114521
2024-10-27,6586,83133.77162884951
2024-10-27,6320,72853.31804020479
2024-10-27,7098,63124.97518388526
2024-10-27,7095,74261.68019583935
2024-10-27,7184,65049.27228928544
2024-10-27,6686,71342.09696430752
2024-10-27,6437,76543.10992546439
2024-10-27,6856,70194.72992968588
2024-10-27,6741,68373.92526080448
2024-10-27,6873,69311.28847310829
2024-10-27,6477,74601.11532153135
2024-10-27,7221,71381.87902018406
2024-10-27,6767,71105.38671566677
2024-10-27,6693,70233.45687707089
2024-10-27,6480,75216.29659822934
2024-10-27,6534,70920.1776000326
2024-10-27,6861,70629.7403510935
2024-10-27,6535,68764.3422163066
2024-10-27,6852,67547.89904810078
2024-10-27,6829,69123.06163229104
2024-10-27,6245,70232.41803635097
2024-10-27,6897,68871.82320214805
2024-10-27,7006,68868.59278402297
2024-10-27,6666,73940.93477406671
2024-10-27,7034,69027.47852373365
2024-10-27,6336,73007.3460742955
2024-10-27,6887,65283.89748422899
2024-10-27,6957,71080.84481643306
2024-10-27,6676,70934.64541180493
2024-10-27,6959,66466.82019341561
2024-10-27,7147,67571.69382741487
2024-10-27,7296,69540.49329740673
2024-10-27,6385,70268.0339209445
2024-10-27,7126,62920.97252253896
2024-10-27,7295,69382.65385207997
2024-10-27,6476,69343.56523748748
2024-10-27,7211,69150.97722594923
2024-10-27,7274,67831.57460888785
2024-10-27,6072,71135.07097830143
2024-10-27,6775,73940.1358748311
2024-10-27,6342,70422.0577969104
2024-10-27,7089,74798.52407543025
2024-10-27,6838,68229.91372681287
2024-10-27,6891,62604.49619559401
2024-10-27,6734,64492.38352492355
2024-10-27,6974,67553.86713153252
2024-10-27,6830,72821.9736501733
2024-10-27,7222,101897.02899473
2024-10-27,7052,67854.36147712686
2024-10-27,6576,69124.0580798125
2024-10-27,6966,72578.68203171996
2024-10-27,6054,67504.01553334581
2024-10-27,6561,70329.10844871178
2024-10-27,6768,70299.33634958343
2024-10-27,6669,69755.09442662707
2024-10-27,6674,71520.61868512076
2024-10-27,6299,62331.78242696681
2024-10-27,6082,71718.96024822159
2024-10-27,6456,72620.96872739773
2024-10-27,7008,70731.16055073302
2024-10-27,6248,64626.148442423815
2024-10-27,6639,67124.69537102368
2024-10-27,6839,57276.37958285079
2024-10-27,6749,62514.34022494196
2024-10-27,6519,69901.47881091715
2024-10-27,7137,71016.15407698568
2024-10-27,7171,57797.43878348367
2024-10-27,6619,69581.10297606394
2024-10-27,7271,72301.59881309651
2024-10-27,6599,72490.71647644769
2024-10-27,7168,62299.50920470764
2024-10-27,6357,68515.54402847389
2024-10-27,7135,71777.27523685631
2024-10-27,6642,69140.62362432195
2024-10-27,6730,57931.406180359016
2024-10-27,6928,73331.21872032713
2024-10-27,7139,72470.55958831444
2024-10-27,6541,71055.04245130449
2024-10-27,7021,71002.53302583024
2024-10-27,7110,68503.99538615702
2024-10-27,6898,70752.38589725838
2024-10-27,6689,71838.98752191268
2024-10-27,6395,71108.79210108235
2024-10-27,7014,69569.35650732995
2024-10-27,6870,70835.88222611102
2024-10-27,6776,70931.28520778514
2024-10-27,7149,72505.07478389182
2024-10-27,6334,73480.97285853069
2024-10-27,6602,58516.11687853444
2024-10-27,7011,69967.04838206412
2024-10-27,6567,70769.02397080383
2024-10-27,6568,70852.74045416206
2024-10-27,6993,67874.46023038782
2024-10-27,6636,73566.65733470362
2024-10-27,7293,76037.46787999512
2024-10-27,6951,71525.71153511797
2024-10-27,6624,57350.81823771505
2024-10-27,6909,71551.42532469623
2024-10-27,7016,70820.79551727508
2024-10-27,7279,71298.82944440743
2024-10-27,6932,69064.25940205707
2024-10-27,6550,69481.86457944677
2024-10-27,7189,64256.85680011921
2024-10-27,7158,72415.11019717029
2024-10-27,7244,74245.14258185032
2024-10-27,6884,75958.648231532
2024-10-27,6858,67905.19846142059
2024-10-27,7116,73472.49548731206
2024-10-27,7236,73005.75254957951
2024-10-27,6042,73887.04962830535
2024-10-27,7069,68685.83567087947
2024-10-27,6670,73241.62963226771
2024-10-27,7104,71224.76817784536
2024-10-27,6923,69740.4561695242
2024-10-27,6581,70202.50640727382
2024-10-27,7085,74082.07800534558
2024-10-27,7050,56106.669804657045
2024-10-27,7287,70024.6807534087
2024-10-27,6736,73057.20828364653
2024-10-27,6443,74773.23973156956
2024-10-27,7281,69417.50849525596
2024-10-27,6427,72807.65622215305
2024-10-27,6637,53598.54090370242
2024-10-27,7009,82462.45374209715
2024-10-27,6101,77894.44654326055
2024-10-27,6931,60700.85514813706
2024-10-27,7091,73106.71182499436
2024-10-27,6411,61802.10355686911
2024-10-27,6498,70778.62833867331
2024-10-27,6629,73829.18488182727
2024-10-27,6854,72576.37101463263
2024-10-27,6604,74169.25392911005
2024-10-27,7092,75911.21983158488
2024-10-27,6994,78641.86148817207
2024-10-27,7063,65396.980536503674
2024-10-27,6780,70306.17035905075
2024-10-27,7253,73418.94423190915
2024-10-27,6716,71057.06335975994
2024-10-27,7268,68509.50106638524
2024-10-27,7292,70649.93237262851
2024-10-27,6745,56309.18136937232
2024-10-27,6970,72447.2011297843
2024-10-27,7020,74558.37642671219
2024-10-27,6934,72424.97282984703
2024-10-27,7102,72045.36766269137
2024-10-27,6565,75092.46388851068
2024-10-27,6985,71495.03848766771
2024-10-27,6764,64435.522646863974
2024-10-27,6812,67637.36166982407
2024-10-27,7038,76179.22583182834
2024-10-27,6366,70134.46127881415
2024-10-27,6514,70205.4796829551
2024-10-27,6600,71357.56199888034
2024-10-27,6921,73590.04159124107
2024-10-27,7226,69753.05422491132
2024-10-27,6960,76515.47262715116
2024-10-27,7013,68455.48131600358
2024-10-27,7033,71873.99986422168
2024-10-27,6692,76809.35912510645
2024-10-27,7146,73052.04307440016
2024-10-27,6894,67159.02168141623
2024-10-27,6490,70408.90534753511
2024-10-27,6918,73575.4044434391
2024-10-27,7108,70379.80629853613
2024-10-27,6872,61046.16706362247
2024-10-27,7100,59108.63516868644
2024-10-27,6450,70087.67264755667
2024-10-27,6788,69113.12637738725
2024-10-27,7086,76111.61157604163
2024-10-27,6811,72385.90018621845
2024-10-27,6318,71039.18589891707
2024-10-27,7112,69839.77000937145
2024-10-27,6797,72770.2788823878
2024-10-27,6999,70312.0338920225
2024-10-27,6446,72538.30285148887
2024-10-27,6962,77627.54732168719
2024-10-27,6794,61367.52557686225
2024-10-27,7261,69814.82589057738
2024-10-27,7122,74000.85032647774
2024-10-27,6865,71535.18273907399
2024-10-27,6549,70742.38397734048
2024-10-27,6782,60728.75256854783
2024-10-27,6491,0
2024-10-27,6892,69376.14130417902
2024-10-27,6448,0
2024-10-27,6591,0
2024-10-27,6949,0
2024-10-27,7218,0
2024-10-27,7212,0
2024-10-27,7273,0
2024-10-27,7192,57077.47126317992
2024-10-28,7217,70175.86220014901
2024-10-28,7089,74804.83003227029
2024-10-28,7271,72384.33909528278
2024-10-28,7075,64141.588562245575
2024-10-28,6417,72263.68558336805
2024-10-28,7096,69461.92572872785
2024-10-28,6336,73713.18830711122
2024-10-28,6768,70524.04951014019
2024-10-28,6880,68886.72573258985
2024-10-28,7152,69024.9492522979
2024-10-28,6751,66913.8785572808
2024-10-28,7028,71044.01749811461
2024-10-28,7018,57494.82146119309
2024-10-28,7195,72876.50749038324
2024-10-28,6965,69647.83441646984
2024-10-28,6327,70350.92027302881
2024-10-28,6737,72646.31161665036
2024-10-28,6881,61167.62140733817
2024-10-28,7221,70822.37629551748
2024-10-28,7274,68089.74204829807
2024-10-28,7009,77138.75023691377
2024-10-28,6025,72856.55918251096
2024-10-28,6803,62189.19017922933
2024-10-28,7213,70094.33290051376
2024-10-28,7189,63650.16135634706
2024-10-28,6287,71000.14308476198
2024-10-28,6406,74481.09595411445
2024-10-28,7022,67950.78720797105
2024-10-28,6585,74111.07679040823
2024-10-28,7178,82216.95873235051
2024-10-28,6414,69000.64703328385
2024-10-28,6879,71861.66222838745
2024-10-28,7053,63580.423968513926
2024-10-28,7250,64500.08986343772
2024-10-28,6929,69808.09821468672
2024-10-28,6082,71785.45488463505
2024-10-28,6862,70005.18755984321
2024-10-28,6407,67689.21811876286
2024-10-28,6870,70791.40509376793
2024-10-28,6897,69585.62275744659
2024-10-28,6352,73391.93960448964
2024-10-28,7006,69121.91086714127
2024-10-28,6239,69456.31053384805
2024-10-28,7288,69638.07702395324
2024-10-28,7200,70303.67101622443
2024-10-28,6811,72839.63759225019
2024-10-28,6845,71235.83948046027
2024-10-28,7256,76850.62312915176
2024-10-28,6430,102232.6065976848
2024-10-28,7196,70845.8987670455
2024-10-28,6367,67152.62718563463
2024-10-28,6731,72744.92842737671
2024-10-28,7037,64318.77775086528
2024-10-28,6372,67727.12337018634
2024-10-28,7279,71134.91865556374
2024-10-28,6568,71018.05909027607
2024-10-28,7050,56090.69990827606
2024-10-28,6623,66652.5767518664
2024-10-28,7198,137488.3866457669
2024-10-28,6524,67928.47254320665
2024-10-28,7130,62238.59252280662
2024-10-28,6918,73612.36066346696
2024-10-28,6581,70431.38690032705
2024-10-28,7109,63515.50547157546
2024-10-28,7083,69376.8478446302
2024-10-28,7007,68845.27081699297
2024-10-28,6884,75665.4383739055
2024-10-28,6427,72812.35443204394
2024-10-28,6320,72773.56726328461
2024-10-28,7033,72055.30122881041
2024-10-28,7180,56842.93915469079
2024-10-28,6552,72474.69604819654
2024-10-28,6888,72150.63684331029
2024-10-28,6387,70497.02339820078
2024-10-28,6757,54091.80901290823
2024-10-28,6358,73730.65892676049
2024-10-28,6718,61990.82135488922
2024-10-28,6756,61653.1974392296
2024-10-28,6101,77756.46242017916
2024-10-28,6054,67407.7791352626
2024-10-28,6402,70255.15867236478
2024-10-28,6773,64959.26072385636
2024-10-28,6909,71529.0074166663
2024-10-28,6919,70622.88689282727
2024-10-28,6932,69042.68350877111
2024-10-28,6533,70564.64814375131
2024-10-28,6213,70068.93750572251
2024-10-28,6384,71326.44268683848
2024-10-28,7032,65841.39480200563
2024-10-28,6564,73904.14059239737
2024-10-28,7208,70270.01698062533
2024-10-28,7222,97402.09596867397
2024-10-28,6429,69381.63743585702
2024-10-28,6392,97980.2872627646
2024-10-28,6784,69223.65697832772
2024-10-28,6851,64211.59783418034
2024-10-28,6395,71201.00653387609
2024-10-28,7104,70813.62538765137
2024-10-28,7239,147562.51970979266
2024-10-28,6866,70522.62360500444
2024-10-28,6390,70962.98865591954
2024-10-28,6526,65358.49006595852
2024-10-28,6536,57403.00203003982
2024-10-28,7039,69834.33415568108
2024-10-28,7150,72451.09222957186
2024-10-28,6968,68426.60826344728
2024-10-28,6618,71342.43880277345
2024-10-28,6715,70200.63111115969
2024-10-28,6364,69655.25004788983
2024-10-28,6926,74678.01869144407
2024-10-28,7226,69574.94130933855
2024-10-28,7238,73309.31370119765
2024-10-28,6957,71105.23362642055
2024-10-28,6993,66646.37519689012
2024-10-28,6838,68349.40577048917
2024-10-28,6267,69540.44647538208
2024-10-28,6042,74209.80118106233
2024-10-28,6560,71742.00322636835
2024-10-28,7087,75899.49999183277
2024-10-28,6662,71114.02365187672
2024-10-28,7268,68521.76423998302
2024-10-28,6553,51872.220098584665
2024-10-28,6342,70397.76322105965
2024-10-28,6631,70399.96186776843
2024-10-28,6317,70349.78447408407
2024-10-28,6885,70724.10204940334
2024-10-28,6232,78245.03012606353
2024-10-28,7000,75200.99472851558
2024-10-28,6648,73432.84998667715
2024-10-28,7246,71568.94307001472
2024-10-28,6891,62552.70754174492
2024-10-28,6334,73609.93274353178
2024-10-28,6535,68776.31170825413
2024-10-28,6368,68176.19550290341
2024-10-28,7202,73268.85753086154
2024-10-28,7056,72481.07759537602
2024-10-28,6985,71237.68897641245
2024-10-28,7010,69523.0839919542
2024-10-28,6924,70236.06372048156
2024-10-28,7025,70387.92311731174
2024-10-28,6441,71178.46110701113
2024-10-28,7280,69222.21939966251
2024-10-28,7175,69633.47188790246
2024-10-28,7282,70752.14708155913
2024-10-28,6842,69842.39169574859
2024-10-28,6477,74896.96927430858
2024-10-28,6088,70367.58748405782
2024-10-28,6927,77762.97486371802
2024-10-28,6764,64409.95043813453
2024-10-28,6493,65901.71815101297
2024-10-28,6494,70527.08489120506
2024-10-28,6687,73504.48582098112
2024-10-28,6385,70208.97387881501
2024-10-28,7003,72278.01453381231
2024-10-28,6971,72353.41852942471
2024-10-28,6498,70586.77843176431
2024-10-28,6599,72464.83262998227
2024-10-28,6830,73088.84553464685
2024-10-28,6663,71983.0138648317
2024-10-28,6492,77364.53539917785
2024-10-28,6785,53939.42482667559
2024-10-28,6877,71589.87833827347
2024-10-28,7283,69081.53881653436
2024-10-28,6624,57408.94452110859
2024-10-28,6974,67561.50018303428
2024-10-28,6833,74934.67422708633
2024-10-28,7291,54213.76504127972
2024-10-28,6510,73629.31041178196
2024-10-28,6936,49550.64555966446
2024-10-28,6588,74597.0492519969
2024-10-28,6313,70715.14635196401
2024-10-28,6509,70939.84502470061
2024-10-28,6411,61909.5647073209
2024-10-28,7173,56749.75752193074
2024-10-28,7287,70032.46905442924
2024-10-28,7105,78690.00953890073
2024-10-28,6507,69698.72800267364
2024-10-28,6318,70353.77552585247
2024-10-28,7117,67711.15841867705
2024-10-28,7030,70048.38136084416
2024-10-28,7038,76029.8032592199
2024-10-28,7272,73932.13327353395
2024-10-28,6246,68393.87213256877
2024-10-28,6504,68266.43780409273
2024-10-28,7014,72438.5668706735
2024-10-28,6505,71794.77264884468
2024-10-28,6425,61197.01538358837
2024-10-28,6567,70967.61101455058
2024-10-28,6875,71060.30714839912
2024-10-28,7157,71560.19436197828
2024-10-28,6559,69912.24249107279
2024-10-28,6332,70200.78329258227
2024-10-28,6762,68479.14263814477
2024-10-28,7206,76115.34533712328
2024-10-28,7067,74451.10197667255
2024-10-28,6726,71678.40598852874
2024-10-28,7249,63735.845569165904
2024-10-28,6619,68849.14514396741
2024-10-28,6630,69547.42731997474
2024-10-28,6717,73630.52945452856
2024-10-28,6380,54207.59333956602
2024-10-28,7149,72560.25083032608
2024-10-28,6072,71382.07748544274
2024-10-28,6767,71129.11408349828
2024-10-28,6563,70626.03857237901
2024-10-28,6872,61011.08721925065
2024-10-28,6629,73899.2131607093
2024-10-28,6714,69950.90346607893
2024-10-28,7066,63492.86427539568
2024-10-28,6844,69342.91515442336
2024-10-28,6815,66975.69676700621
2024-10-28,7201,68438.54375219706
2024-10-28,7184,65169.74407272028
2024-10-28,6953,62341.28668227927
2024-10-28,7295,69039.91526059942
2024-10-28,6393,69702.59688041547
2024-10-28,7054,68583.7805996493
2024-10-28,6423,70779.70921932592
2024-10-28,6900,69798.82712376484
2024-10-28,6574,70463.88173790237
2024-10-28,7267,77570.94680555662
2024-10-28,7016,70748.70898991368
2024-10-28,6480,75067.23101674694
2024-10-28,7042,75055.16769868766
2024-10-28,6689,71947.46512096746
2024-10-28,7224,73364.35534700881
2024-10-28,6727,66800.15715260795
2024-10-28,6603,69172.60956678797
2024-10-28,6328,71628.78198009807
2024-10-28,6245,69452.96104920682
2024-10-28,6669,69620.04727333906
2024-10-28,7165,59428.83411695738
2024-10-28,6561,70181.92159651287
2024-10-28,6590,74197.96242860737
2024-10-28,7106,70771.4234654994
2024-10-28,6330,63146.112921417334
2024-10-28,6787,68495.54476105882
2024-10-28,7011,69306.37648072533
2024-10-28,6722,64078.3732228039
2024-10-28,6357,68667.34532311952
2024-10-28,7269,71969.05397288201
2024-10-28,7244,74449.59532544001
2024-10-28,6863,70431.91216378265
2024-10-28,6454,75612.2580187152
2024-10-28,6514,70430.67323145289
2024-10-28,6923,69746.85430695707
2024-10-28,7080,65991.76330234192
2024-10-28,6944,85895.07529208774
2024-10-28,7147,67645.93308377247
2024-10-28,6488,69254.57732817314
2024-10-28,7145,69632.65135500231
2024-10-28,6951,71611.10704101625
2024-10-28,6382,72629.86644461259
2024-10-28,7134,72695.04090704804
2024-10-28,6745,56549.82647480614
2024-10-28,6447,69098.73024053483
2024-10-28,7139,73070.02710414377
2024-10-28,6966,72874.62717471995
2024-10-28,6896,70396.99393951168
2024-10-28,6911,71710.46468651606
2024-10-28,6812,67764.0024150511
2024-10-28,6960,76607.04929612625
2024-10-28,7211,69444.6213814635
2024-10-28,7091,72997.05479940436
2024-10-28,7131,69548.59904094398
2024-10-28,6841,69725.72697223505
2024-10-28,7098,63970.75928157175
2024-10-28,6856,70267.2592824736
2024-10-28,6577,70617.08197511875
2024-10-28,7183,70821.4593263368
2024-10-28,7092,75907.0374609568
2024-10-28,7245,70146.74066370215
2024-10-28,6674,71282.12480427384
2024-10-28,6087,72657.29394232295
2024-10-28,6799,70164.64094029237
2024-10-28,6925,73087.86774407004
2024-10-28,6755,56199.030723673975
2024-10-28,6410,58994.20404929395
2024-10-28,6602,58525.6664398845
2024-10-28,7172,60190.738169191616
2024-10-28,6948,76398.43439425655
2024-10-28,6636,73822.91149427314
2024-10-28,6835,75066.41963295292
2024-10-28,6644,70941.71578434283
2024-10-28,7225,70132.85745964177
2024-10-28,6780,70335.27273283426
2024-10-28,6818,68097.14616874402
2024-10-28,6331,66727.84135285101
2024-10-28,6043,71921.96105063191
2024-10-28,6952,66392.53012475315
2024-10-28,6516,73037.45392518367
2024-10-28,6846,73592.33638680898
2024-10-28,7253,73859.28392411042
2024-10-28,6829,69347.6802773849
2024-10-28,6558,70429.3213232452
2024-10-28,6443,74605.09917724303
2024-10-28,6969,70756.38694783744
2024-10-28,6649,77571.08208001613
2024-10-28,7125,69884.70231655354
2024-10-28,6675,71896.69560326639
2024-10-28,6534,70706.46149159771
2024-10-28,6798,84675.10604422253
2024-10-28,6569,63357.575098439425
2024-10-28,6420,72834.89190901148
2024-10-28,6519,69990.72248664137
2024-10-28,6858,67856.57035848712
2024-10-28,7081,73434.32962629736
2024-10-28,7170,65335.839495588385
2024-10-28,6801,59577.17708937715
2024-10-28,7223,70298.79827358793
2024-10-28,7144,74890.35967694079
2024-10-28,6438,70251.34938879425
2024-10-28,6774,66451.68116136511
2024-10-28,6977,58159.1727217463
2024-10-28,6664,78221.77183574864
2024-10-28,7034,69489.33884633836
2024-10-28,7141,70781.61243630748
2024-10-28,7254,70531.09914186549
2024-10-28,6366,70080.90495110565
2024-10-28,6580,69254.27474085099
2024-10-28,6538,57197.208497183005
2024-10-28,6525,73322.65368426083
2024-10-28,6887,65209.62004050659
2024-10-28,6323,71546.85799984889
2024-10-28,6942,65531.63628391745
2024-10-28,6956,65636.34900911532
2024-10-28,6616,78155.8797735028
2024-10-28,7231,68996.62335414047
2024-10-28,6388,75289.61734419265
2024-10-28,6789,70158.02715258916
2024-10-28,6831,80354.24141987729
2024-10-28,6826,68403.29726145421
2024-10-28,6852,67191.31705407766
2024-10-28,6601,70996.63004546371
2024-10-28,6967,70302.81051934075
2024-10-28,7020,75289.86313180946
2024-10-28,7070,73474.27773605484
2024-10-28,6632,71411.16032325874
2024-10-28,6747,60400.570266144234
2024-10-28,6476,69366.77493756944
2024-10-28,7227,73314.19906351072
2024-10-28,6517,73274.78174318705
2024-10-28,6482,74170.54580060857
2024-10-28,6272,71038.33785246275
2024-10-28,7102,72003.55855938072
2024-10-28,6723,56773.997802609454
2024-10-28,6759,59641.26793657193
2024-10-28,6861,70629.59133987992
2024-10-28,7171,58262.05310739515
2024-10-28,6777,61028.68319371847
2024-10-28,7220,70194.84729151172
2024-10-28,7205,72156.22618623385
2024-10-28,7155,71236.94865882157
2024-10-28,6304,71043.3008836962
2024-10-28,7248,72918.45861473965
2024-10-28,7101,71823.47464412716
2024-10-28,7040,66431.30157943662
2024-10-28,6432,69487.65809936982
2024-10-28,6565,75138.67327244248
2024-10-28,7073,73004.7529039242
2024-10-28,6445,70478.6851038572
2024-10-28,6094,73786.7370226832
2024-10-28,6594,72620.47571236381
2024-10-28,6523,70840.02847250093
2024-10-28,6487,71997.06011399443
2024-10-28,6396,71466.90144097786
2024-10-28,6788,69195.82424919271
2024-10-28,6696,71165.0836687284
2024-10-28,6583,64328.16908494597
2024-10-28,6370,68471.06195134445
2024-10-28,6400,69241.05477632367
2024-10-28,6873,69445.85746021791
2024-10-28,6733,63326.67189083102
2024-10-28,6508,71834.83251518731
2024-10-28,7108,70766.42185497236
2024-10-28,6921,73261.30339659806
2024-10-28,6635,71531.57959528897
2024-10-28,7216,70003.03447978022
2024-10-28,6959,66532.48948394225
2024-10-28,6544,68947.77552083817
2024-10-28,7188,69293.56413600763
2024-10-28,6639,63140.644872748104
2024-10-28,7052,68387.42760242014
2024-10-28,6754,59980.685633301306
2024-10-28,6540,70930.23679267605
2024-10-28,6750,70489.11337000798
2024-10-28,7069,69053.5693187176
2024-10-28,6297,69067.69145206633
2024-10-28,6758,53189.35251097195
2024-10-28,6546,70020.09791459823
2024-10-28,7008,71072.14458195074
2024-10-28,6485,51100.06507984161
2024-10-28,6761,69074.25494167698
2024-10-28,6506,74107.02133794573
2024-10-28,6428,77281.15453878317
2024-10-28,6597,74734.39113898203
2024-10-28,7062,61500.18537342359
2024-10-28,7129,69940.1816481237
2024-10-28,6547,69286.9815131449
2024-10-28,7021,70847.11676824738
2024-10-28,6600,71271.48417893673
2024-10-28,6894,67390.74349258396
2024-10-28,6800,66827.57046269259
2024-10-28,7078,50453.16201532437
2024-10-28,6679,71822.28262616649
2024-10-28,6661,70130.36507754808
2024-10-28,6475,70961.67756885166
2024-10-28,6418,76696.55864754731
2024-10-28,6930,72390.23260151347
2024-10-28,6398,84403.93450688056
2024-10-28,6869,70995.19023570126
2024-10-28,6496,69285.48953927742
2024-10-28,6817,73521.36423773399
2024-10-28,6413,70987.82134766052
2024-10-28,6251,63188.67408997421
2024-10-28,7197,70024.48338161029
2024-10-28,6307,68796.79015981138
2024-10-28,6562,72230.21541325553
2024-10-28,7035,69279.67371170485
2024-10-28,7289,71864.18617699844
2024-10-28,6575,53635.5365368546
2024-10-28,6994,79403.95024602619
2024-10-28,7127,68622.61781248188
2024-10-28,7292,70673.53905917061
2024-10-28,7207,74600.31353386756
2024-10-28,7156,69333.68460417459
2024-10-28,7135,72077.14507885766
2024-10-28,6325,69891.0132594046
2024-10-28,6882,69758.67597741778
2024-10-28,7111,66780.83754505056
2024-10-28,7281,69591.98657103104
2024-10-28,6970,72308.37114485525
2024-10-28,6360,68163.85611062637
2024-10-28,7241,59486.49869918461
2024-10-28,7049,65277.23619814291
2024-10-28,7031,68252.64472377613
2024-10-28,7158,72391.89724373355
2024-10-28,6779,66378.8195737807
2024-10-28,6582,68356.3613639662
2024-10-28,6941,68558.92116101709
2024-10-28,6849,62524.283539491364
2024-10-28,7068,69140.93503238895
2024-10-28,6813,69841.09594576743
2024-10-28,6898,70717.17603966163
2024-10-28,7214,68829.8446244882
2024-10-28,7100,59338.36349106292
2024-10-28,7159,79691.72692652373
2024-10-28,6379,73054.20659000328
2024-10-28,6753,54239.18554913947
2024-10-28,6451,70849.14308143411
2024-10-28,6931,59880.072829352874
2024-10-28,7115,70982.3944501494
2024-10-28,6586,72490.11204979221
2024-10-28,6734,64199.39145186439
2024-10-28,7095,74228.22126869523
2024-10-28,6775,74882.008035018
2024-10-28,6686,71281.10555252996
2024-10-28,6832,74452.3560543197
2024-10-28,7193,72429.04154114559
2024-10-28,6695,72798.008529118335
2024-10-28,7113,57145.221401060786
2024-10-28,7236,72989.07911689444
2024-10-28,6299,65094.10710321505
2024-10-28,7107,65885.33695297617
2024-10-28,6834,74509.47172373936
2024-10-28,6503,65675.0467327169
2024-10-28,7240,71874.79273316597
2024-10-28,6453,72526.88873305918
2024-10-28,7278,82513.86918941306
2024-10-28,7261,69582.51698615552
2024-10-28,6741,68401.36424389339
2024-10-28,6435,71657.17627719107
2024-10-28,7085,73954.6518831886
2024-10-28,6548,69154.49455726547
2024-10-28,7187,62002.344432859776
2024-10-28,6298,61227.69704558432
2024-10-28,7116,73243.98011045279
2024-10-28,6928,73786.07335868815
2024-10-28,6641,65589.6433099812
2024-10-28,6655,69371.78894174122
2024-10-28,7076,70266.77792100566
2024-10-28,7122,74129.4856149134
2024-10-28,6424,70337.0378953328
2024-10-28,6531,67457.60766779067
2024-10-28,6554,50635.083717607
2024-10-28,7060,73342.49327427975
2024-10-28,6515,72402.63434362752
2024-10-28,6854,71843.58672725406
2024-10-28,6225,66038.09513720145
2024-10-28,6860,70926.83077311568
2024-10-28,7086,75968.05973582467
2024-10-28,6634,69445.79740468382
2024-10-28,6719,66837.24187225038
2024-10-28,6349,59096.50331896645
2024-10-28,6794,61294.130579899866
2024-10-28,7242,55594.264537550014
2024-10-28,6541,70892.36401194353
2024-10-28,6680,67701.4685646341
2024-10-28,6878,66538.3569278967
2024-10-28,6607,73690.83339291232
2024-10-28,6512,70755.74851256692
2024-10-28,7026,71142.7381792923
2024-10-28,6643,73616.00763489713
2024-10-28,7168,62626.966907002046
2024-10-28,6746,61620.322029573144
2024-10-28,6268,69954.7989136056
2024-10-28,6642,69330.25925857839
2024-10-28,6693,70251.41811458966
2024-10-28,6839,57359.622531620465
2024-10-28,6972,72215.16052956489
2024-10-28,6490,70646.86167291395
2024-10-28,6350,68644.79318320662
2024-10-28,6904,62121.693437145594
2024-10-28,6518,69878.15163485425
2024-10-28,7017,72130.11206956764
2024-10-28,6658,59833.82468971473
2024-10-28,7251,71606.34589560199
2024-10-28,6668,74452.36360801006
2024-10-28,6716,70955.59926812488
2024-10-28,7190,63697.70690563781
2024-10-28,7048,74485.99691448153
2024-10-28,6934,72500.20863280477
2024-10-28,6906,74611.3448687932
2024-10-28,7012,68002.41954246795
2024-10-28,6039,69121.02659616078
2024-10-28,7140,67908.16911906701
2024-10-28,7265,73126.54227448125
2024-10-28,7084,63795.83664669051
2024-10-28,7110,68462.58296620392
2024-10-28,6676,70588.79139452722
2024-10-28,7128,73344.64473869957
2024-10-28,6749,62410.42273177549
2024-10-28,6730,57958.15347849064
2024-10-28,6933,68650.07139709934
2024-10-28,7182,69029.2233102537
2024-10-28,6426,68773.6746577807
2024-10-28,6763,70967.82954234665
2024-10-28,6329,69287.39623284835
2024-10-28,6724,66987.54376846361
2024-10-28,6978,69144.65503921722
2024-10-28,6522,68329.7786069613
2024-10-28,7005,71362.16975230147
2024-10-28,6752,62970.79169042281
2024-10-28,7136,74287.62198573897
2024-10-28,6973,73615.26977998894
2024-10-28,6351,69278.42485414965
2024-10-28,6348,68217.41776869215
2024-10-28,6725,70172.13402826835
2024-10-28,7027,71425.22605770327
2024-10-28,7210,69092.90059444476
2024-10-28,7126,62765.08332459976
2024-10-28,6450,70200.15570645717
2024-10-28,6954,61717.12030252063
2024-10-28,6922,71770.5095139571
2024-10-28,6728,71491.16374393801
2024-10-28,6681,71919.2144198433
2024-10-28,7174,72380.86092152155
2024-10-28,6769,66481.67636599799
2024-10-28,7185,57612.703523420634
2024-10-28,7151,69124.62580386276
2024-10-28,6935,72518.13570504959
2024-10-28,7276,74711.26679810828
2024-10-28,6249,70516.42774983948
2024-10-28,6827,73513.62064390125
2024-10-28,6374,70552.33454164726
2024-10-28,7097,71012.20876601312
2024-10-28,6434,71591.50986699233
2024-10-28,6647,70384.02647568758
2024-10-28,6545,65725.17434337393
2024-10-28,6857,68452.00236243672
2024-10-28,6740,59041.488777467406
2024-10-28,7124,56631.74485252357
2024-10-28,6520,70631.14166527256
2024-10-28,6316,71200.69219705097
2024-10-28,7258,69733.46790978948
2024-10-28,6363,77637.091821819107
2024-10-28,7013,68531.39298841021
2024-10-28,6666,73968.54617317338
2024-10-28,6266,75143.0019890559
2024-10-28,7065,69624.6031404459
2024-10-28,6439,71776.12758166192
2024-10-28,6997,74383.63045680388
2024-10-28,6326,65701.30888553803
2024-10-28,6809,70223.58439030992
2024-10-28,7296,69397.26751858077
2024-10-28,6937,71612.60876352112
2024-10-28,6335,65994.2394761438
2024-10-28,7072,60846.82277058599
2024-10-28,6962,75802.82966954283
2024-10-28,6373,73385.31370371666
2024-10-28,6248,64846.07526438211
2024-10-28,6626,69960.1573360999
2024-10-28,6905,62273.20665639927
2024-10-28,7079,71047.94248566382
2024-10-28,6550,69303.63878889468
2024-10-28,6291,62643.957438966354
2024-10-28,7137,71157.31590732918
2024-10-28,6660,72381.2628758547
2024-10-28,6736,73080.46522928885
2024-10-28,6810,68975.16257212772
2024-10-28,6346,66754.01550974442
2024-10-28,6501,71250.42945151796
2024-10-28,7146,73112.34130178542
2024-10-28,7024,73229.29865045569
2024-10-28,7169,72889.87815653606
2024-10-28,6511,69971.82518257697
2024-10-28,7186,61114.97391625012
2024-10-28,6899,73260.70660942842
2024-10-28,7112,70421.46022135651
2024-10-28,6333,73394.04208689732
2024-10-28,6963,68885.89525618633
2024-10-28,6874,68791.58691049759
2024-10-28,6250,69739.77567165045
2024-10-28,6637,53211.53725081765
2024-10-28,6940,70763.71949164591
2024-10-28,7077,71955.62017760829
2024-10-28,7260,70309.9150472237
2024-10-28,7043,71988.78304284021
2024-10-28,6776,70297.13622828755
2024-10-28,7002,67154.81081740522
2024-10-28,7275,71443.82225725992
2024-10-28,6408,77237.44059935118
2024-10-28,6446,72951.11544685988
2024-10-28,6853,60264.74940951775
2024-10-28,6345,72439.21553997575
2024-10-28,6804,73153.7199899996
2024-10-28,6783,72674.9454051332
2024-10-28,6633,53137.37908463
2024-10-28,6659,56452.53998840319
2024-10-28,7064,70200.76567041654
2024-10-28,6389,71390.75877611895
2024-10-28,7047,95316.5391186454
2024-10-28,6571,70609.282989947
2024-10-28,6456,72838.37438316012
2024-10-28,6338,65459.88302770435
2024-10-28,7293,75438.4936638332
2024-10-28,7199,73068.03169462651
2024-10-28,7063,63380.80044838659
2024-10-28,6254,72088.70179803499
2024-10-28,7219,57337.01821721928
2024-10-28,6865,71493.52083494778
2024-10-28,6455,67442.27546156484
2024-10-28,6120,70265.20813463195
2024-10-28,7121,62538.33078191138
2024-10-28,6824,67400.77514036045
2024-10-28,6670,73149.68111233189
2024-10-28,6092,74457.11974994461
2024-10-28,6295,71854.36408792515
2024-10-28,6692,76898.75899913737
2024-10-28,6876,71266.40533656109
2024-10-28,6431,76276.69870758365
2024-10-28,6883,66626.65614850564
2024-10-28,6961,74228.08446635796
2024-10-28,6792,62921.62194767547
2024-10-28,7234,57043.78809386385
2024-10-28,6604,74201.43916241807
2024-10-28,7209,58396.03088155506
2024-10-28,6436,71751.62255108477
2024-10-28,6167,72786.09244916461
2024-10-28,6598,78235.60942303699
2024-10-28,7036,70936.9193134999
2024-10-28,6324,64523.21459195842
2024-10-28,6609,71460.57911512606
2024-10-28,7004,69199.46449545879
2024-10-28,6999,70286.80276636613
2024-10-28,6797,72827.61707791376
2024-10-28,7090,75177.18246269882
2024-10-28,6576,68852.42348713023
2024-10-28,6903,78100.28163067758
2024-10-28,7019,58957.677103489325
2024-10-28,6437,76464.0094286908
2024-10-28,6452,75537.19970816608
2024-10-28,6549,70411.20410545096
2024-10-28,6782,63642.534890145784
2024-10-28,6892,69328.53537964314
2024-10-28,6491,0
2024-10-28,6448,0
2024-10-28,6591,0
2024-10-28,6949,0
2024-10-28,7212,0
2024-10-28,7273,0
2024-10-28,7218,0
2024-10-28,7192,57380.33050593547
2024-10-29,6803,62686.5606962628
2024-10-29,7078,50620.70930126115
2024-10-29,6863,70573.27414014084
2024-10-29,6834,74241.5377766548
2024-10-29,7108,69863.4104333064
2024-10-29,6757,55422.25357670947
2024-10-29,6392,102223.24031506432
2024-10-29,6508,67449.08173962269
2024-10-29,6393,71047.62316447622
2024-10-29,7152,69194.91702901188
2024-10-29,7156,69879.04673459248
2024-10-29,7292,70552.14258095228
2024-10-29,6517,71801.90647484672
2024-10-29,6268,69959.68689361779
2024-10-29,6518,69876.13244442825
2024-10-29,6446,73618.43356028385
2024-10-29,6952,66375.96619862906
2024-10-29,6728,71679.129820904
2024-10-29,7280,68909.99001586446
2024-10-29,7083,69472.66752284228
2024-10-29,6447,69029.57446763132
2024-10-29,6559,70272.77830131553
2024-10-29,6504,68267.09474635459
2024-10-29,6773,64311.599925251074
2024-10-29,6372,67720.07887355097
2024-10-29,6680,67836.19587497484
2024-10-29,7189,63650.68250453451
2024-10-29,6692,76193.28887392221
2024-10-29,7081,74431.55199427337
2024-10-29,6944,85623.82399488846
2024-10-29,6323,69575.24181715274
2024-10-29,6249,70398.53824965989
2024-10-29,6382,72239.295206559
2024-10-29,7117,67421.2759205926
2024-10-29,6942,64340.40514395819
2024-10-29,7042,75174.83998042159
2024-10-29,6636,72920.38978424249
2024-10-29,7236,72835.02950776991
2024-10-29,6623,66681.92364538938
2024-10-29,7180,57529.00471145573
2024-10-29,7040,66452.8792741567
2024-10-29,6876,66832.55165663073
2024-10-29,7089,76009.96531541475
2024-10-29,6326,65660.78033761984
2024-10-29,6524,72205.79710826917
2024-10-29,6629,74036.3059593584
2024-10-29,6812,67835.34378102003
2024-10-29,6603,69295.76916435888
2024-10-29,7011,70059.11556410383
2024-10-29,7283,68582.1971638646
2024-10-29,6827,73419.01805957459
2024-10-29,7151,69747.60114814615
2024-10-29,6965,69640.97889675935
2024-10-29,6492,77697.41206720422
2024-10-29,6025,72831.57984464307
2024-10-29,6662,71039.02696362225
2024-10-29,6352,73837.05268605916
2024-10-29,6660,72655.02971379209
2024-10-29,6715,69447.37937406843
2024-10-29,6348,68357.67167960973
2024-10-29,6632,71401.73767089666
2024-10-29,7272,74360.33618362375
2024-10-29,6616,78910.83443014733
2024-10-29,7090,74833.97555213915
2024-10-29,6406,75688.28452055833
2024-10-29,6835,75428.38795993655
2024-10-29,6746,61390.43620837484
2024-10-29,6924,71343.5178709253
2024-10-29,6874,68878.25439764188
2024-10-29,6896,70417.66561218981
2024-10-29,6931,60975.38667476304
2024-10-29,6358,74159.58458012597
2024-10-29,7095,72605.30925102871
2024-10-29,6384,71314.83906752891
2024-10-29,6780,70373.00189397876
2024-10-29,6842,69992.27262231447
2024-10-29,6899,73238.47450557254
2024-10-29,6994,78917.6430024549
2024-10-29,7248,72927.94410034963
2024-10-29,6906,76865.16845076303
2024-10-29,7267,78020.03224944553
2024-10-29,6476,69623.30613295532
2024-10-29,6777,62354.184574001534
2024-10-29,6951,71342.20331757992
2024-10-29,6477,74629.64365934285
2024-10-29,7141,70949.79287837437
2024-10-29,6413,71206.04841161739
2024-10-29,6505,72111.96904656093
2024-10-29,7121,62130.03701449733
2024-10-29,6925,72815.51560887857
2024-10-29,6883,66706.02847359699
2024-10-29,6956,65719.6914736178
2024-10-29,7217,70156.25313978607
2024-10-29,7253,73742.14951270464
2024-10-29,6787,68501.23307666268
2024-10-29,6498,70029.80409884342
2024-10-29,6581,70248.67917188026
2024-10-29,6423,70719.42903660004
2024-10-29,6921,73611.42672291506
2024-10-29,6727,67251.22267331045
2024-10-29,6607,74078.79542161556
2024-10-29,6905,61912.966156304436
2024-10-29,6696,70962.00223392021
2024-10-29,6844,69377.21976189737
2024-10-29,6810,69104.08117079489
2024-10-29,6962,74579.65644017141
2024-10-29,6968,68672.18500919681
2024-10-29,7281,69259.24254617472
2024-10-29,7113,56490.53143635785
2024-10-29,6686,70825.84432795148
2024-10-29,6560,71089.33498509185
2024-10-29,6043,72513.04305572186
2024-10-29,6824,67310.06121739042
2024-10-29,6373,73877.43925432113
2024-10-29,6689,71952.17977382481
2024-10-29,6429,69388.71142324588
2024-10-29,7000,75236.811665296
2024-10-29,7060,73226.22695742402
2024-10-29,6387,70251.21145526631
2024-10-29,6450,69434.02508904207
2024-10-29,6832,74545.817139061
2024-10-29,6245,70301.08162652259
2024-10-29,6909,71863.17039851302
2024-10-29,6734,64097.245018223344
2024-10-29,6523,71082.01439970393
2024-10-29,6436,71825.85777830255
2024-10-29,6919,71036.75073276692
2024-10-29,6298,61095.67825569493
2024-10-29,7006,68835.14125211127
2024-10-29,6857,68259.57678691947
2024-10-29,7072,61878.80117408723
2024-10-29,6434,73329.76480841136
2024-10-29,7231,69466.86499456562
2024-10-29,7018,57525.52675826719
2024-10-29,6872,60989.47518165649
2024-10-29,6730,57565.959241827986
2024-10-29,6389,71104.81642315819
2024-10-29,7269,71923.17782280498
2024-10-29,6669,69796.3928589703
2024-10-29,6553,53231.0940582073
2024-10-29,7150,72234.25723581195
2024-10-29,6959,66629.37121860612
2024-10-29,7175,69495.71814481005
2024-10-29,7282,70844.66680629324
2024-10-29,6438,70150.09198389381
2024-10-29,7105,79203.61069180879
2024-10-29,7127,68650.42065333693
2024-10-29,6087,72695.56677552409
2024-10-29,6679,71661.37071956886
2024-10-29,7035,69228.93049256629
2024-10-29,6724,67182.60469262445
2024-10-29,6642,69198.84070957731
2024-10-29,7009,83016.76145195568
2024-10-29,6831,79542.14601949262
2024-10-29,6775,74970.4012337258
2024-10-29,6668,75810.59975430749
2024-10-29,7008,71213.97210626713
2024-10-29,6250,69688.9245992489
2024-10-29,7193,69337.13175795345
2024-10-29,6335,66921.94682866373
2024-10-29,7295,69102.60058649752
2024-10-29,7185,57430.64335303002
2024-10-29,6870,70899.0773241547
2024-10-29,6540,70944.74623399366
2024-10-29,6798,82556.6667753331
2024-10-29,6213,70074.02699121584
2024-10-29,6487,72017.2199155978
2024-10-29,6948,73599.12924325331
2024-10-29,6400,69594.64913100738
2024-10-29,6590,73992.12963681472
2024-10-29,7026,71006.30128225221
2024-10-29,6246,68660.9524458458
2024-10-29,6571,70651.97866932934
2024-10-29,6722,64151.54746225638
2024-10-29,7122,74038.53929762363
2024-10-29,6390,71006.95492498283
2024-10-29,6754,60165.83865077336
2024-10-29,7239,130806.99623301189
2024-10-29,7017,72196.72726596025
2024-10-29,7196,70819.91643778642
2024-10-29,6882,69905.20887389254
2024-10-29,6829,69123.58621628833
2024-10-29,6536,57129.09273363814
2024-10-29,6845,70605.43087020291
2024-10-29,6687,73418.35271660988
2024-10-29,6784,69107.02356173989
2024-10-29,6516,72841.76141478027
2024-10-29,6977,58914.6016926651
2024-10-29,6818,68148.68469560583
2024-10-29,6445,70555.21201326943
2024-10-29,6503,65254.78593256416
2024-10-29,6370,68120.73335168467
2024-10-29,6753,54379.543593888266
2024-10-29,6267,69489.46636637599
2024-10-29,7223,70105.09378354062
2024-10-29,6752,62839.53694494432
2024-10-29,6599,72143.34234211803
2024-10-29,6826,68492.26245714854
2024-10-29,7091,73285.9146971504
2024-10-29,7064,69737.50469714437
2024-10-29,7129,70037.96068429817
2024-10-29,6272,70996.20219088648
2024-10-29,6291,62759.36506719099
2024-10-29,6846,73559.49021716803
2024-10-29,7065,70569.59528872791
2024-10-29,6776,70678.29771603685
2024-10-29,6456,72894.4058185622
2024-10-29,6664,78815.0782546741
2024-10-29,6935,76979.65109933064
2024-10-29,6533,70588.04466170467
2024-10-29,6441,71376.6875114272
2024-10-29,7048,74852.7338422797
2024-10-29,6054,67377.27210415674
2024-10-29,6094,73768.98516756967
2024-10-29,7234,57069.62612623822
2024-10-29,7201,69195.5018301985
2024-10-29,6716,71183.49224484357
2024-10-29,7032,64717.0398973284
2024-10-29,6324,65053.95336849786
2024-10-29,6317,70507.33842402122
2024-10-29,6428,75005.13788708324
2024-10-29,7027,70844.83040586155
2024-10-29,6569,64293.48852662952
2024-10-29,7062,61245.94465194699
2024-10-29,6756,62232.52289749347
2024-10-29,6039,69006.47574413498
2024-10-29,7254,70757.53513758125
2024-10-29,6758,54186.42753790226
2024-10-29,7125,69907.04909850468
2024-10-29,7037,64183.985367255926
2024-10-29,6088,70975.8264793963
2024-10-29,7173,56844.320383787875
2024-10-29,6417,72400.23073647732
2024-10-29,6839,57482.71521989768
2024-10-29,7077,70903.46531746692
2024-10-29,6424,70633.91676702573
2024-10-29,6631,68168.24996906663
2024-10-29,6509,70201.47478959522
2024-10-29,6388,75081.88400995778
2024-10-29,7019,58851.630913246874
2024-10-29,6534,71310.17532371003
2024-10-29,7053,63975.765638232515
2024-10-29,6580,69168.87047370739
2024-10-29,6490,70816.89463607148
2024-10-29,6900,69781.44904365789
2024-10-29,6475,71402.14928596611
2024-10-29,7039,69343.03329733125
2024-10-29,6649,75913.53796887772
2024-10-29,7085,73617.72692329976
2024-10-29,6626,69722.44312063316
2024-10-29,7214,68253.14980947645
2024-10-29,6663,72009.35803110474
2024-10-29,7052,68463.56139500513
2024-10-29,7188,69305.45668878242
2024-10-29,6330,62952.22903899408
2024-10-29,6648,73452.97957011066
2024-10-29,7092,75458.79393819149
2024-10-29,7070,74250.30283364034
2024-10-29,6327,70260.7229934276
2024-10-29,7066,63537.97083993133
2024-10-29,6546,69757.6601982694
2024-10-29,7174,72414.13919629925
2024-10-29,6558,70960.86595334129
2024-10-29,6454,77078.5434923279
2024-10-29,6366,71114.924651014735
2024-10-29,6862,70002.72052567948
2024-10-29,6957,70925.88773041361
2024-10-29,7130,63430.50436870709
2024-10-29,6453,71634.60542843505
2024-10-29,6582,68914.45824898047
2024-10-29,6576,68855.34514818036
2024-10-29,6345,72600.49980846231
2024-10-29,6514,70297.32179446149
2024-10-29,6511,69921.30502736999
2024-10-29,6792,61962.81338388885
2024-10-29,7024,73244.90076684883
2024-10-29,6522,68273.30667903321
2024-10-29,6507,69690.306649586375
2024-10-29,6817,73653.71446353423
2024-10-29,7197,70019.77450015175
2024-10-29,6768,70584.85870105628
2024-10-29,7034,68952.16960680769
2024-10-29,7207,89383.8620838487
2024-10-29,7221,70989.13608915656
2024-10-29,6661,70115.6484239592
2024-10-29,6531,66921.31373414745
2024-10-29,6849,66200.72741945845
2024-10-29,6647,70472.44970410496
2024-10-29,6619,69077.60220794853
2024-10-29,7139,72568.17574931499
2024-10-29,6745,57555.39523532733
2024-10-29,7244,74415.21219316755
2024-10-29,6717,73790.12480464927
2024-10-29,7030,69834.10910244129
2024-10-29,6676,70484.51029135019
2024-10-29,6225,65966.11177033382
2024-10-29,7076,69983.42413218592
2024-10-29,6693,70644.44149935832
2024-10-29,6425,61271.12183107975
2024-10-29,6966,72818.62512303758
2024-10-29,6940,70560.21583548975
2024-10-29,7157,71968.28253482544
2024-10-29,6318,70757.6647243522
2024-10-29,6800,66340.46390710725
2024-10-29,6762,68502.52115067445
2024-10-29,7007,68842.58635976499
2024-10-29,7246,72484.88505773293
2024-10-29,7137,71054.86536820653
2024-10-29,6351,68588.72781162188
2024-10-29,6923,67173.86589273521
2024-10-29,7106,70469.05145438232
2024-10-29,6535,68451.01404028383
2024-10-29,7250,63985.20156728267
2024-10-29,6552,72689.50274463822
2024-10-29,6633,53004.53862285069
2024-10-29,7031,68183.10127352919
2024-10-29,6342,70395.37728614206
2024-10-29,6297,68724.70133074897
2024-10-29,6432,69897.2370172309
2024-10-29,6385,70193.63871681191
2024-10-29,6602,57535.22620243565
2024-10-29,6586,72095.20482162808
2024-10-29,7068,68899.2326188694
2024-10-29,7288,69566.74575448762
2024-10-29,7256,75539.62997724798
2024-10-29,6480,75079.68878358295
2024-10-29,6562,73739.4342576882
2024-10-29,6751,66932.7934360076
2024-10-29,7172,59116.3648001145
2024-10-29,6443,74439.61921826132
2024-10-29,6878,66581.41455149333
2024-10-29,6368,68573.92976415106
2024-10-29,7135,71878.27768481316
2024-10-29,7116,73980.236506802
2024-10-29,6853,60870.02258303367
2024-10-29,6866,70527.51326220488
2024-10-29,6841,69611.10892144614
2024-10-29,6564,74042.66060513497
2024-10-29,6954,63614.897130418445
2024-10-29,6767,71224.4763174765
2024-10-29,6815,66956.51755298028
2024-10-29,7126,62827.67791504877
2024-10-29,6725,70477.3694119195
2024-10-29,6809,70225.18993714114
2024-10-29,7012,68086.93771179965
2024-10-29,6547,69323.59862603924
2024-10-29,7107,65966.39443595789
2024-10-29,7147,67563.33065280523
2024-10-29,6865,71386.18740862388
2024-10-29,6967,70179.00359240662
2024-10-29,6858,67942.27813668169
2024-10-29,6316,71104.23978234857
2024-10-29,7020,74125.34496491704
2024-10-29,7073,73138.58071324794
2024-10-29,6747,61716.041261106584
2024-10-29,7098,64091.63064244589
2024-10-29,6251,62958.50208570911
2024-10-29,6232,78320.76549003695
2024-10-29,6526,65492.63181701312
2024-10-29,6898,70708.7326289436
2024-10-29,6897,69723.79515882723
2024-10-29,6554,50545.9094994609
2024-10-29,7038,76557.79324845909
2024-10-29,6496,69740.89849777138
2024-10-29,6681,72317.29081715793
2024-10-29,6325,69785.72709831697
2024-10-29,7144,73507.60330464417
2024-10-29,6334,73620.77310654396
2024-10-29,7227,73259.10194446292
2024-10-29,6408,76870.32077661665
2024-10-29,6042,73591.82123279
2024-10-29,6719,66688.50240407234
2024-10-29,6577,70734.66641403771
2024-10-29,6601,70998.6317514972
2024-10-29,6869,70636.19427109593
2024-10-29,7258,69855.53387786601
2024-10-29,6838,68408.98207929988
2024-10-29,7169,73029.42609172683
2024-10-29,6888,72488.0493428863
2024-10-29,7245,70204.75563778226
2024-10-29,6891,62876.52211702645
2024-10-29,6749,62317.16223666228
2024-10-29,6363,77581.18634366167
2024-10-29,6420,72742.25326132543
2024-10-29,6670,73327.99925825572
2024-10-29,7101,71753.79677586259
2024-10-29,7187,62192.15827226245
2024-10-29,7155,70970.91356608532
2024-10-29,7225,70138.76233375819
2024-10-29,7241,59890.3386877826
2024-10-29,6881,61504.23876626081
2024-10-29,6427,72856.39056716197
2024-10-29,7296,70453.94796022729
2024-10-29,6769,65225.05231603627
2024-10-29,6726,71905.96570808056
2024-10-29,7219,51474.20829663696
2024-10-29,6329,69415.89849340898
2024-10-29,7096,69540.09200481842
2024-10-29,7050,56762.91578331372
2024-10-29,6974,67480.55856238205
2024-10-29,6794,61683.60526390216
2024-10-29,7145,67401.26186220015
2024-10-29,6350,68488.13642949225
2024-10-29,7195,72808.77838695362
2024-10-29,6918,73604.26027088086
2024-10-29,6287,71253.86801516188
2024-10-29,6877,71530.78356557376
2024-10-29,6999,70253.8747008495
2024-10-29,6718,62148.722232011816
2024-10-29,6545,65702.8175737461
2024-10-29,6978,68712.99316620654
2024-10-29,6548,69206.3770959237
2024-10-29,6374,70481.83586766628
2024-10-29,6879,71531.31533755518
2024-10-29,6367,65762.58666461485
2024-10-29,7202,73673.31968640645
2024-10-29,7276,74958.12771458694
2024-10-29,7178,80564.63016333751
2024-10-29,6455,67584.26452997999
2024-10-29,7004,69245.26940343536
2024-10-29,7209,57336.388547689334
2024-10-29,7115,71024.79197223681
2024-10-29,6248,64581.61122898005
2024-10-29,6597,74674.22268963231
2024-10-29,6567,70870.76043220666
2024-10-29,7216,70168.07908369154
2024-10-29,6583,64177.29054038396
2024-10-29,7268,68419.86996559196
2024-10-29,6338,65980.83445062692
2024-10-29,6804,71012.79983301825
2024-10-29,7010,69402.01877645805
2024-10-29,6971,71471.68328941886
2024-10-29,6761,70144.42213272392
2024-10-29,6538,57370.504712803115
2024-10-29,6167,73209.06786294024
2024-10-29,6985,71242.72505401341
2024-10-29,7036,70980.61173323441
2024-10-29,6993,67262.71331438728
2024-10-29,6328,71916.38922540804
2024-10-29,6928,72965.16776925547
2024-10-29,7279,70832.29410431974
2024-10-29,6887,64917.26072857729
2024-10-29,6568,71156.1832236411
2024-10-29,6972,72376.08950989114
2024-10-29,6797,72860.78371374526
2024-10-29,6299,62143.84089259545
2024-10-29,7097,71656.60204092046
2024-10-29,6349,59027.0570333695
2024-10-29,7047,93152.47804313872
2024-10-29,6485,51187.46002824343
2024-10-29,6550,69295.20636210397
2024-10-29,6655,69383.9586744161
2024-10-29,6764,64034.08684536687
2024-10-29,7067,73749.96672852781
2024-10-29,6789,70264.26745376916
2024-10-29,6493,65949.57989892263
2024-10-29,7170,65458.155567654205
2024-10-29,6643,73722.25045153365
2024-10-29,6414,69068.94599842803
2024-10-29,7205,72060.8096989907
2024-10-29,6763,71350.1240419277
2024-10-29,7158,71748.88431432853
2024-10-29,6541,71070.53787929258
2024-10-29,6313,70655.75161535916
2024-10-29,6675,72449.84718269118
2024-10-29,7109,63463.2783981209
2024-10-29,6430,102715.62489186428
2024-10-29,6783,73263.29759880992
2024-10-29,6426,68799.04186279545
2024-10-29,7016,70759.90958055781
2024-10-29,6630,69468.58673082328
2024-10-29,7293,75630.32892109652
2024-10-29,6936,50075.79761828516
2024-10-29,6695,72796.42966111856
2024-10-29,7005,71001.87780453383
2024-10-29,6418,75682.7652012017
2024-10-29,6634,68976.46665578966
2024-10-29,6574,68646.98599235037
2024-10-29,7140,67786.31663324081
2024-10-29,6785,55875.52647414725
2024-10-29,6637,51164.49193835471
2024-10-29,6969,70812.71861232274
2024-10-29,7271,72383.22168733588
2024-10-29,6961,74127.21343356672
2024-10-29,6926,74974.90599225696
2024-10-29,7146,73275.27609691196
2024-10-29,6336,73022.38879236799
2024-10-29,6997,74692.3082838557
2024-10-29,7028,70489.26038718091
2024-10-29,7168,62099.234587900326
2024-10-29,6953,63149.03950795886
2024-10-29,6639,61497.76555863932
2024-10-29,7104,70110.25760807314
2024-10-29,6779,65650.61864223715
2024-10-29,7190,63048.229167435486
2024-10-29,7289,72896.1035902611
2024-10-29,6880,68828.37136671468
2024-10-29,6575,54137.503126832
2024-10-29,6856,70197.78314172536
2024-10-29,6830,73053.68913102835
2024-10-29,7063,62750.93168654195
2024-10-29,6960,76360.10380651573
2024-10-29,7242,55606.046991497504
2024-10-29,6488,68602.74357859236
2024-10-29,6120,70030.1633873974
2024-10-29,7056,72434.46521601324
2024-10-29,6295,72073.09760166454
2024-10-29,6927,77901.30943681678
2024-10-29,7128,73940.7202036989
2024-10-29,6813,69885.33951370607
2024-10-29,6439,71686.51074864695
2024-10-29,6082,71652.266876965
2024-10-29,6903,78379.61103434191
2024-10-29,7222,88953.64386950101
2024-10-29,6525,74380.43878602488
2024-10-29,6930,71882.7400529748
2024-10-29,6833,75077.57596908176
2024-10-29,7199,73106.0082839403
2024-10-29,6307,68760.67386028635
2024-10-29,7159,79936.85163472293
2024-10-29,7206,77256.43832352315
2024-10-29,6851,64238.6558853639
2024-10-29,7087,75554.27017232291
2024-10-29,6644,70543.79173955892
2024-10-29,7226,69405.31567008869
2024-10-29,7136,74681.09905232783
2024-10-29,7100,59382.29911809297
2024-10-29,7080,65652.95368485514
2024-10-29,7182,69820.45206665182
2024-10-29,7134,72888.17499805115
2024-10-29,6561,70524.37345446578
2024-10-29,6520,70841.72207381709
2024-10-29,6609,71631.92348262353
2024-10-29,7124,56622.71243749895
2024-10-29,6515,72725.52847105144
2024-10-29,6101,77952.16758238409
2024-10-29,6624,56994.02216865339
2024-10-29,6333,73467.36502525223
2024-10-29,6666,73946.18429422817
2024-10-29,6811,72249.8913565793
2024-10-29,6740,59042.60514650562
2024-10-29,7184,65044.67078156858
2024-10-29,6266,74740.10972937018
2024-10-29,6674,70127.3455258027
2024-10-29,6357,68714.81476077801
2024-10-29,7260,70349.63352770367
2024-10-29,7224,73520.13847281651
2024-10-29,7049,63798.679604880526
2024-10-29,7022,67951.82557402039
2024-10-29,7211,69310.92594062471
2024-10-29,6320,72799.57155966005
2024-10-29,6860,71728.001597022
2024-10-29,7014,73893.64337357646
2024-10-29,7183,70956.99267162412
2024-10-29,6451,71948.92048753322
2024-10-29,6411,64734.55559006817
2024-10-29,6512,70755.0731160344
2024-10-29,6731,73077.67352738489
2024-10-29,7054,68685.5746134286
2024-10-29,7249,62919.4650156029
2024-10-29,6911,71629.44125610524
2024-10-29,6852,67868.48908012982
2024-10-29,6933,67426.41459736007
2024-10-29,7291,55166.98517690529
2024-10-29,7274,67761.5568542721
2024-10-29,6750,70340.89809964392
2024-10-29,6494,70523.17715493929
2024-10-29,6723,57212.42298691321
2024-10-29,6755,55926.32154398919
2024-10-29,7003,72289.32572660364
2024-10-29,6741,68360.42429748003
2024-10-29,6563,70532.61787170435
2024-10-29,6600,71344.659751385
2024-10-29,7110,68760.66382392739
2024-10-29,6588,74639.36440793995
2024-10-29,6861,70509.91838002663
2024-10-29,6885,71266.76662678589
2024-10-29,6332,70322.36369421071
2024-10-29,7265,72882.32270554198
2024-10-29,6941,68502.6124460242
2024-10-29,6239,69216.78456437046
2024-10-29,6331,67040.10597431829
2024-10-29,7275,73741.42565167787
2024-10-29,6873,69477.95806280975
2024-10-29,6364,69348.4843739148
2024-10-29,6854,72547.64516773279
2024-10-29,7131,69856.5213704265
2024-10-29,7208,70382.98795854356
2024-10-29,6544,68980.78301169974
2024-10-29,6635,71321.89788974464
2024-10-29,7013,68573.40824433342
2024-10-29,6641,64181.517738477225
2024-10-29,6894,67655.34719419404
2024-10-29,7238,73316.78565714414
2024-10-29,7240,73455.05174713825
2024-10-29,7043,72041.12180733046
2024-10-29,6092,74537.38589843959
2024-10-29,7278,83540.90306673163
2024-10-29,6884,75111.27142918912
2024-10-29,6922,71708.7451672261
2024-10-29,7086,76365.5055282098
2024-10-29,7025,70391.42442766548
2024-10-29,6799,70466.64735405163
2024-10-29,6618,71387.67970398323
2024-10-29,6410,59721.49314274394
2024-10-29,6254,72055.22981387566
2024-10-29,6932,69272.1233656519
2024-10-29,7033,72053.51801348118
2024-10-29,6759,58477.63068167537
2024-10-29,6929,69831.98698720105
2024-10-29,6380,54746.11388776591
2024-10-29,6714,70005.58943157087
2024-10-29,7002,67230.13777865068
2024-10-29,7149,72609.56031410613
2024-10-29,7165,60738.27825682473
2024-10-29,7220,70040.58306902369
2024-10-29,6395,71110.27394412007
2024-10-29,6774,66505.16741953147
2024-10-29,6435,71855.38300133738
2024-10-29,6396,71047.7916345477
2024-10-29,7251,71747.93922457763
2024-10-29,7186,60285.77554317995
2024-10-29,6904,61589.21232878312
2024-10-29,7111,65261.63145555896
2024-10-29,6594,72628.95758666786
2024-10-29,7069,69405.42212127412
2024-10-29,6736,73068.31977356704
2024-10-29,7213,69940.3744903037
2024-10-29,7084,63498.690108334835
2024-10-29,6510,72388.52603618208
2024-10-29,6506,74256.27848097381
2024-10-29,7075,64209.89859850529
2024-10-29,6604,74273.1566310709
2024-10-29,6565,74945.08480311373
2024-10-29,6737,72482.74486636648
2024-10-29,6598,76834.43857417263
2024-10-29,6963,69313.0666375457
2024-10-29,6970,72328.49274648257
2024-10-29,6407,66947.8873643593
2024-10-29,6501,71370.4137601329
2024-10-29,7287,69993.93441416264
2024-10-29,6875,68335.18973125484
2024-10-29,6658,60097.0617699125
2024-10-29,6659,57486.54700245627
2024-10-29,6973,73149.87774853749
2024-10-29,6937,71183.86828462892
2024-10-29,6519,70024.93528082136
2024-10-29,7198,127672.61153166513
2024-10-29,6431,76231.27411030649
2024-10-29,6379,72917.12462726432
2024-10-29,7112,70216.33231781311
2024-10-29,7021,70817.64766240519
2024-10-29,6801,59603.2378498817
2024-10-29,7210,69100.38253204586
2024-10-29,6398,84374.25807405563
2024-10-29,6346,66766.43359347896
2024-10-29,7079,71057.05559609654
2024-10-29,7171,58374.2614932238
2024-10-29,6788,69282.44354183217
2024-10-29,6733,63082.74955701085
2024-10-29,6304,70295.81529285831
2024-10-29,7200,70275.87065069792
2024-10-29,6360,69997.83928482191
2024-10-29,6072,70896.68487624482
2024-10-29,7261,69803.60615086337
2024-10-29,6402,70444.6807095698
2024-10-29,6482,74541.5761979903
2024-10-29,6585,72705.73098878382
2024-10-29,6452,75117.87222324319
2024-10-29,6934,72769.92533318026
2024-10-29,6437,76397.45280923077
2024-10-29,6782,60431.45977800898
2024-10-29,6549,70612.7004438856
2024-10-29,6448,0
2024-10-29,6892,69634.14274764447
2024-10-29,6591,0
2024-10-29,6491,0
2024-10-29,6949,0
2024-10-29,7218,0
2024-10-29,7273,0
2024-10-29,7212,0
2024-10-29,7192,57416.783755732074
2024-10-30,6307,68719.88119335669
2024-10-30,7027,70503.74860065404
2024-10-30,7144,74496.36941210464
2024-10-30,7244,74066.2846169462
2024-10-30,6891,62155.40955717514
2024-10-30,6488,69369.8254161806
2024-10-30,6607,73557.15246306002
2024-10-30,6581,69236.00744619187
2024-10-30,7183,71092.86340656437
2024-10-30,7245,70342.42897805244
2024-10-30,7291,54817.45185513559
2024-10-30,7137,71001.25933013632
2024-10-30,6590,73917.94703386723
2024-10-30,7042,74707.33356932086
2024-10-30,6374,70551.1756162514
2024-10-30,6764,63894.83981794007
2024-10-30,6762,68439.92306627757
2024-10-30,6436,71614.44153675287
2024-10-30,6360,68813.0097507332
2024-10-30,7121,61827.20217822248
2024-10-30,6746,60578.30106148231
2024-10-30,7182,68459.03660675972
2024-10-30,6932,69199.73599853832
2024-10-30,6367,66925.66664297451
2024-10-30,7185,57925.40979657989
2024-10-30,6515,71888.84111915907
2024-10-30,6954,62376.5265574123
2024-10-30,6602,59500.9829542143
2024-10-30,6576,68966.13515062135
2024-10-30,6541,68897.69524015873
2024-10-30,6506,73709.09092463923
2024-10-30,6726,71474.7972441206
2024-10-30,6911,71577.64560635595
2024-10-30,6886,68340.93611153042
2024-10-30,6088,70366.84051957415
2024-10-30,6042,73935.45776792518
2024-10-30,7077,71770.68290641534
2024-10-30,7124,56569.40819991466
2024-10-30,6395,70997.77828936261
2024-10-30,7087,75547.49853326472
2024-10-30,6597,74586.59335030202
2024-10-30,6636,73819.46576284477
2024-10-30,6767,70926.54074120983
2024-10-30,6903,77870.65322838839
2024-10-30,7289,70881.40549906311
2024-10-30,6533,70247.5811997563
2024-10-30,7279,70205.48318054169
2024-10-30,6524,69897.4423574522
2024-10-30,7026,70483.79209697695
2024-10-30,7002,67137.99278165543
2024-10-30,7066,62195.73529892137
2024-10-30,7280,69591.15891176923
2024-10-30,6039,69004.31730760816
2024-10-30,7084,62913.45334835279
2024-10-30,7129,66468.51028080846
2024-10-30,7085,73111.62504028648
2024-10-30,7165,59546.01726661444
2024-10-30,6512,70650.82328163956
2024-10-30,6817,73669.58017874266
2024-10-30,6741,68543.3393262898
2024-10-30,7139,72642.4676803344
2024-10-30,6633,53701.37454106448
2024-10-30,6295,71973.680332577
2024-10-30,7052,67934.5617264621
2024-10-30,6443,72551.73055237297
2024-10-30,7030,70342.10621613516
2024-10-30,6455,67509.00174476687
2024-10-30,7032,65160.46988335064
2024-10-30,7188,69155.33527665428
2024-10-30,6507,70188.42222359503
2024-10-30,6804,71070.66167290712
2024-10-30,6323,70511.13449086092
2024-10-30,7239,139088.7372799668
2024-10-30,6750,70116.25346689744
2024-10-30,6429,67974.61778721663
2024-10-30,7016,70678.42159602928
2024-10-30,6431,75963.53699441721
2024-10-30,6969,70773.49318789724
2024-10-30,6333,73251.24914167177
2024-10-30,6758,53303.90716137804
2024-10-30,6505,72775.49309451865
2024-10-30,7128,73354.84727787635
2024-10-30,6774,66111.10826876324
2024-10-30,7048,73333.100622525
2024-10-30,6681,72030.99288829688
2024-10-30,6970,72070.04363237065
2024-10-30,7076,70247.26198305424
2024-10-30,7178,79620.80388267768
2024-10-30,7039,69706.9315521873
2024-10-30,6368,68116.77157415521
2024-10-30,6918,73609.06471300698
2024-10-30,6794,61604.47452622817
2024-10-30,6643,73144.9518754247
2024-10-30,6423,70308.70320216838
2024-10-30,6897,69600.58722393947
2024-10-30,7012,67305.13532028944
2024-10-30,7157,71733.45061918313
2024-10-30,6784,68860.32142193987
2024-10-30,6797,72888.34871656445
2024-10-30,6087,72562.66326075725
2024-10-30,6366,69850.20212227735
2024-10-30,7206,76290.2989337554
2024-10-30,7073,73119.38591066765
2024-10-30,6818,69381.65722697225
2024-10-30,6326,64656.2766357292
2024-10-30,6562,72913.00926081078
2024-10-30,6248,64257.829386027224
2024-10-30,6618,71021.42059275109
2024-10-30,6598,75896.21792040247
2024-10-30,6747,59062.486378640555
2024-10-30,6647,70450.49248298415
2024-10-30,6689,71973.30804459233
2024-10-30,7101,71334.34973573433
2024-10-30,7222,88982.29297078507
2024-10-30,6232,77795.43922024648
2024-10-30,7003,72619.12694869415
2024-10-30,7199,73048.91055214046
2024-10-30,6952,67740.7067029235
2024-10-30,7127,66683.37874973966
2024-10-30,6930,71929.11226891205
2024-10-30,6586,72504.80499610218
2024-10-30,6408,77610.18457085338
2024-10-30,7011,69256.03167342972
2024-10-30,6582,68498.36946987691
2024-10-30,6389,72395.25805556537
2024-10-30,6327,69039.40167473092
2024-10-30,6568,71450.02506034198
2024-10-30,6364,69950.63073780626
2024-10-30,6993,67712.00143414037
2024-10-30,6649,76257.98718560945
2024-10-30,7196,70231.11293998864
2024-10-30,7100,59118.95217639589
2024-10-30,7271,72752.28094934762
2024-10-30,6860,71741.59702113368
2024-10-30,6783,75230.36705531392
2024-10-30,7047,92557.63114218996
2024-10-30,7201,68903.83997871121
2024-10-30,7265,73034.1051353121
2024-10-30,7216,69756.14687911636
2024-10-30,6756,61860.99298779433
2024-10-30,6239,68340.74044795398
2024-10-30,6291,62919.55813324307
2024-10-30,6693,70112.79115149213
2024-10-30,6634,69188.48703453684
2024-10-30,7158,72235.67311517209
2024-10-30,7008,70728.48962683711
2024-10-30,6734,64535.292267094905
2024-10-30,6447,67493.9891917533
2024-10-30,6503,65428.60914634891
2024-10-30,6670,73255.90070036515
2024-10-30,7063,67259.96272262813
2024-10-30,6453,71589.08923137223
2024-10-30,6978,69096.55756674286
2024-10-30,7062,62282.21191889932
2024-10-30,6845,73500.53481434996
2024-10-30,7122,73927.76468816916
2024-10-30,6583,63177.39516832294
2024-10-30,6985,71632.77659153902
2024-10-30,6737,73079.87657194225
2024-10-30,6299,61205.97721402233
2024-10-30,7112,70477.97881884778
2024-10-30,7253,73649.68332779601
2024-10-30,6966,73256.84332557632
2024-10-30,6809,66913.6035480113
2024-10-30,6641,64450.72138385683
2024-10-30,7037,64385.36791975693
2024-10-30,6869,70531.64304754089
2024-10-30,7209,56826.90567399973
2024-10-30,6331,67611.1231650625
2024-10-30,6680,66461.76543041413
2024-10-30,6974,67670.1599005417
2024-10-30,6328,71947.42721753109
2024-10-30,6853,59705.15272065496
2024-10-30,6072,70769.46703321874
2024-10-30,7208,69820.39109917589
2024-10-30,6686,70586.08893268951
2024-10-30,6798,84117.27379726821
2024-10-30,7092,76065.26146212469
2024-10-30,7207,119182.80074214473
2024-10-30,6631,70240.50622919442
2024-10-30,6687,72597.50349466078
2024-10-30,6342,69984.07026187479
2024-10-30,6316,70962.28152371965
2024-10-30,7126,62913.90434644165
2024-10-30,7276,75378.88958958877
2024-10-30,6629,73570.92515921615
2024-10-30,7090,74846.34738299946
2024-10-30,6604,72360.1748880861
2024-10-30,6854,72400.74247933444
2024-10-30,6937,71163.82240701739
2024-10-30,6757,54779.53080486708
2024-10-30,6298,61097.96674513797
2024-10-30,6494,70391.10484775336
2024-10-30,7168,62385.95799414856
2024-10-30,7184,64867.72647870032
2024-10-30,7054,68509.4586447172
2024-10-30,6413,70615.63332896071
2024-10-30,6844,66936.24392409174
2024-10-30,6519,69852.92926227138
2024-10-30,6663,72006.6760469331
2024-10-30,6833,73719.15001291702
2024-10-30,7135,71793.72994558589
2024-10-30,7223,66164.47194587029
2024-10-30,6550,69227.69943108688
2024-10-30,7281,68335.14052714934
2024-10-30,7225,69668.0558024531
2024-10-30,6475,71068.93008237549
2024-10-30,7169,72816.00200820068
2024-10-30,6925,73371.77115486092
2024-10-30,6450,69422.12731460462
2024-10-30,6884,75571.11148582677
2024-10-30,7136,74289.68156829596
2024-10-30,6430,102280.0171429362
2024-10-30,6827,73843.57501679173
2024-10-30,6960,76625.31843610959
2024-10-30,6852,66563.69356337935
2024-10-30,6400,69573.16559791635
2024-10-30,6487,72047.79182359521
2024-10-30,6941,67681.60338197074
2024-10-30,7017,72153.02646098284
2024-10-30,6535,68455.17944540763
2024-10-30,7231,69977.26782804495
2024-10-30,6564,73134.45103964274
2024-10-30,6899,72920.09913913929
2024-10-30,6520,70661.57259861619
2024-10-30,7049,66778.01226930316
2024-10-30,6695,72807.2337823558
2024-10-30,6427,71736.72921667712
2024-10-30,6780,70225.9131297122
2024-10-30,6390,70916.67871177064
2024-10-30,6120,69776.66793686034
2024-10-30,6953,62484.80316786268
2024-10-30,6642,68813.41573480627
2024-10-30,6167,72698.59414799657
2024-10-30,7221,70756.46952404798
2024-10-30,6664,77410.3352677175
2024-10-30,7043,71071.20523893263
2024-10-30,6384,71551.316811565
2024-10-30,6407,66594.94381358165
2024-10-30,6851,64329.5588390598
2024-10-30,7056,73548.292017665
2024-10-30,6921,73602.61900705383
2024-10-30,7075,64569.95450902464
2024-10-30,7246,71842.60818611935
2024-10-30,7110,71071.93473432472
2024-10-30,6320,73271.84916268112
2024-10-30,6779,65047.56059368552
2024-10-30,6942,65576.7419119206
2024-10-30,7267,77643.12860613913
2024-10-30,6919,70437.6551762786
2024-10-30,6510,73573.381904084
2024-10-30,6883,66414.84447896287
2024-10-30,6588,74684.07554442267
2024-10-30,6358,74506.55133830768
2024-10-30,6345,72335.38959307462
2024-10-30,6761,68775.55959752818
2024-10-30,6872,60656.59972441011
2024-10-30,6420,72815.05752070679
2024-10-30,7004,69289.58299265227
2024-10-30,7117,67348.53335551772
2024-10-30,6674,70020.85582550411
2024-10-30,6838,67813.18341337756
2024-10-30,6856,67030.86827676599
2024-10-30,6287,70785.20044447001
2024-10-30,6692,75839.41623394149
2024-10-30,6842,69779.97517677904
2024-10-30,6485,51173.64357313357
2024-10-30,6971,71340.40361293663
2024-10-30,6927,77896.1751692086
2024-10-30,7197,69656.45648987903
2024-10-30,6425,61012.26672925311
2024-10-30,6863,70597.88711814913
2024-10-30,6213,69772.78340106457
2024-10-30,6792,62555.95321796057
2024-10-30,6246,68560.08450984392
2024-10-30,6716,70403.75538152605
2024-10-30,6372,67262.14501971433
2024-10-30,6599,72307.87131569919
2024-10-30,6335,66905.10993668069
2024-10-30,6428,76837.40038748247
2024-10-30,7083,68987.44964141886
2024-10-30,6696,70243.90591403923
2024-10-30,6522,68531.83869569916
2024-10-30,7079,71070.19577511308
2024-10-30,6251,62342.07564628158
2024-10-30,6523,71123.89588917649
2024-10-30,7021,70867.29527823161
2024-10-30,6476,68492.67395402188
2024-10-30,7149,72643.87567761558
2024-10-30,7172,58781.47539726285
2024-10-30,6725,70820.10781850285
2024-10-30,6956,64677.07790682195
2024-10-30,7234,57295.017644606654
2024-10-30,6924,71628.054199094855
2024-10-30,7180,57987.39889882738
2024-10-30,6272,70891.68212045508
2024-10-30,6477,74933.0996227581
2024-10-30,6554,51237.04811968923
2024-10-30,7005,71534.25504762876
2024-10-30,6940,70359.87274743189
2024-10-30,6517,72007.88252859465
2024-10-30,6835,75161.59254641215
2024-10-30,6547,66894.49484321818
2024-10-30,7150,72194.37758245667
2024-10-30,6826,68131.76267341503
2024-10-30,6346,67082.49975756607
2024-10-30,7193,72998.53369872982
2024-10-30,7261,69785.89655784772
2024-10-30,6025,72827.66211926151
2024-10-30,6574,68466.11027140962
2024-10-30,6575,54125.02978431597
2024-10-30,7268,69035.836195762007
2024-10-30,7195,72531.93805724481
2024-10-30,6832,73193.3584419475
2024-10-30,6800,66908.76382075038
2024-10-30,6787,67386.79275392956
2024-10-30,6338,66085.55004625197
2024-10-30,7113,56614.19271805097
2024-10-30,6297,68663.87833654365
2024-10-30,7278,85898.36801542233
2024-10-30,6082,71303.96823624111
2024-10-30,7111,65109.567179875216
2024-10-30,6451,71921.08486873754
2024-10-30,6417,71794.6960998816
2024-10-30,7020,74777.00490263963
2024-10-30,7080,65407.94352151553
2024-10-30,6639,66307.32457406317
2024-10-30,6370,68244.99953451051
2024-10-30,6874,68867.7164313874
2024-10-30,6439,71884.08159068573
2024-10-30,6504,67190.85678593047
2024-10-30,6662,71205.85500329743
2024-10-30,6994,81499.5030106605
2024-10-30,6723,57233.0526166263
2024-10-30,7189,62831.39100368356
2024-10-30,6330,63093.6198904035
2024-10-30,7031,68153.83858860919
2024-10-30,6514,70336.53897942658
2024-10-30,6373,73689.31736665015
2024-10-30,7068,69126.17118040744
2024-10-30,6880,68443.5802151777
2024-10-30,6334,73937.2630753035
2024-10-30,6714,70758.83920689835
2024-10-30,6329,69106.04006560033
2024-10-30,6885,71224.85281070312
2024-10-30,6812,67753.97785266857
2024-10-30,6317,69909.67408008895
2024-10-30,6666,73517.89965567554
2024-10-30,6534,70823.79491516476
2024-10-30,6424,71107.21659904912
2024-10-30,6841,69447.00925956134
2024-10-30,6414,68824.44081489046
2024-10-30,7236,72701.59495074637
2024-10-30,6501,71737.37608777896
2024-10-30,6531,67446.53218295358
2024-10-30,7274,67478.82812077696
2024-10-30,6536,57422.583929059016
2024-10-30,6492,77577.03272556403
2024-10-30,6580,68642.03091183961
2024-10-30,6630,69536.10679158435
2024-10-30,6332,69799.26610912659
2024-10-30,6571,70549.10363384537
2024-10-30,6733,62663.44197666437
2024-10-30,7220,70110.28191749801
2024-10-30,6254,71366.34227270255
2024-10-30,7249,63722.51230874259
2024-10-30,6768,70454.55786208619
2024-10-30,6730,57327.36934775775
2024-10-30,6565,74724.56612269314
2024-10-30,6249,70358.30608995135
2024-10-30,7091,73178.04224740321
2024-10-30,6518,69631.66369645827
2024-10-30,6516,72540.42161855787
2024-10-30,6722,64465.358294182406
2024-10-30,6351,69452.66046726643
2024-10-30,6751,66555.51336784872
2024-10-30,6538,57216.88821669496
2024-10-30,6410,59577.14812308816
2024-10-30,7125,69980.74042804693
2024-10-30,6936,50168.88953928078
2024-10-30,6454,75677.09614121693
2024-10-30,7108,70053.51540233541
2024-10-30,6753,54233.02874420512
2024-10-30,6585,74335.56881832646
2024-10-30,6824,67173.2524986764
2024-10-30,7240,72020.00107422945
2024-10-30,7022,67414.6035751901
2024-10-30,7173,56978.485826807315
2024-10-30,6922,71889.86497475748
2024-10-30,6933,66835.83718182423
2024-10-30,7275,73572.93085778205
2024-10-30,7186,60583.17032821686
2024-10-30,7258,69399.13434111746
2024-10-30,6402,70138.4778709333
2024-10-30,7287,69971.25355677455
2024-10-30,6545,65735.35171040984
2024-10-30,7171,58258.42672379813
2024-10-30,7106,70589.60060829006
2024-10-30,7069,69093.3943467747
2024-10-30,7175,68923.9757751931
2024-10-30,6496,69202.50347582094
2024-10-30,7086,75950.51831814859
2024-10-30,6480,75063.27008162337
2024-10-30,6887,65182.06804475801
2024-10-30,6379,71820.5625346193
2024-10-30,7009,88434.93738915726
2024-10-30,6348,68365.91509613249
2024-10-30,6544,66364.58035463882
2024-10-30,7070,74684.6056497449
2024-10-30,6928,73555.14066458093
2024-10-30,6559,70314.24212347394
2024-10-30,6432,69269.62141310713
2024-10-30,6546,70094.30513319715
2024-10-30,7064,68723.9952633299
2024-10-30,7096,70066.36655200024
2024-10-30,7060,73653.43140980839
2024-10-30,6977,58951.23888709955
2024-10-30,7033,71875.55913537083
2024-10-30,7131,69056.55097299625
2024-10-30,6773,64839.113549940266
2024-10-30,6268,67786.06393145212
2024-10-30,7006,69136.51373690068
2024-10-30,7036,70297.9870989191
2024-10-30,6875,66438.13993555398
2024-10-30,7214,68786.18050685052
2024-10-30,7050,55848.91162447024
2024-10-30,6382,72285.07080656262
2024-10-30,7256,74781.9480510923
2024-10-30,6094,73939.93584780571
2024-10-30,6601,70693.40497705824
2024-10-30,7288,69715.76996173832
2024-10-30,7254,70759.96713209039
2024-10-30,6731,71465.74312922354
2024-10-30,7107,66220.70049238903
2024-10-30,6396,71007.38546204515
2024-10-30,6336,72994.71742520155
2024-10-30,6632,70395.38312375333
2024-10-30,7025,69980.64655960252
2024-10-30,7141,69667.59596053333
2024-10-30,7040,66518.82094540271
2024-10-30,6815,66830.62557589279
2024-10-30,6435,71314.83409196304
2024-10-30,7145,72664.4357766372
2024-10-30,6803,62190.00932731552
2024-10-30,6775,74846.59168662105
2024-10-30,6482,71949.01559449417
2024-10-30,6661,70105.80187279769
2024-10-30,7292,70360.34104664746
2024-10-30,7217,70409.5577875561
2024-10-30,6676,70577.71946734973
2024-10-30,6785,56972.859597987685
2024-10-30,6304,70957.2243494015
2024-10-30,6616,76900.72659474052
2024-10-30,6092,73840.21898723968
2024-10-30,6905,61961.17706296209
2024-10-30,6054,64958.664704744224
2024-10-30,7130,62469.424055912445
2024-10-30,6411,61310.56664652154
2024-10-30,7202,73162.45151460113
2024-10-30,6498,70229.48177344057
2024-10-30,7035,69225.13277158004
2024-10-30,7190,63858.3390186067
2024-10-30,7296,69232.6750843236
2024-10-30,6717,73761.73091124906
2024-10-30,6660,72643.96994435834
2024-10-30,6644,70780.56231583387
2024-10-30,7115,69873.85093590306
2024-10-30,6434,73212.54468028252
2024-10-30,7170,64387.23883223077
2024-10-30,6763,70908.59842827622
2024-10-30,6882,70173.31380846078
2024-10-30,6881,61188.103304169825
2024-10-30,7155,69269.39075622219
2024-10-30,6801,59573.087580676685
2024-10-30,6385,69293.05670275274
2024-10-30,6525,73159.01147165256
2024-10-30,7116,73574.3591565891
2024-10-30,6446,73067.70441803824
2024-10-30,6754,58605.23768267303
2024-10-30,6352,73465.68812307664
2024-10-30,7097,70820.93978517839
2024-10-30,6509,70204.45353737095
2024-10-30,6623,66368.77770401622
2024-10-30,6567,70746.64371341391
2024-10-30,6540,70942.0557876801
2024-10-30,7053,62044.40210388715
2024-10-30,6350,66969.39452553609
2024-10-30,7007,69194.02156041707
2024-10-30,6718,61725.2444366038
2024-10-30,6939,71362.74394496706
2024-10-30,6325,69608.3504999329
2024-10-30,6659,56627.54743926486
2024-10-30,6728,71749.52501568322
2024-10-30,6313,70247.29482537125
2024-10-30,7089,75815.06765200316
2024-10-30,6426,67579.05375384373
2024-10-30,6637,53832.10039113476
2024-10-30,6811,74609.94375682418
2024-10-30,6266,74545.90640663804
2024-10-30,7156,69229.67421312294
2024-10-30,7000,75721.83350744299
2024-10-30,6858,67970.65289515206
2024-10-30,6490,70508.56627124213
2024-10-30,7034,68976.40587389344
2024-10-30,6675,71896.30399527743
2024-10-30,6658,59544.232408959455
2024-10-30,7198,131154.40407090908
2024-10-30,6898,70256.86654897801
2024-10-30,6387,68814.60923062373
2024-10-30,6961,72981.28680856204
2024-10-30,6619,68898.39552102868
2024-10-30,6904,60504.90819472563
2024-10-30,6668,73019.46854406422
2024-10-30,7227,73189.48786016634
2024-10-30,6624,58916.46550420654
2024-10-30,7213,69128.41671547915
2024-10-30,6959,66056.53217455781
2024-10-30,6934,72718.89458772706
2024-10-30,7242,55732.38305852673
2024-10-30,7010,70223.6195218274
2024-10-30,7134,72815.89173695425
2024-10-30,6418,76395.14763154385
2024-10-30,6926,72232.81956707803
2024-10-30,6829,67781.43015477958
2024-10-30,6831,79874.66291834562
2024-10-30,6727,67148.5565922733
2024-10-30,7174,72169.95167490543
2024-10-30,6267,69479.35822527084
2024-10-30,6740,58778.682748079875
2024-10-30,7219,51818.37107681832
2024-10-30,6600,70674.19754927141
2024-10-30,6349,58829.550125500675
2024-10-30,7151,69040.04518604105
2024-10-30,6968,69706.61366893961
2024-10-30,6935,70950.1832264457
2024-10-30,6878,65285.40030342509
2024-10-30,7272,73073.99606879015
2024-10-30,6857,68485.08163247081
2024-10-30,6406,74636.01449032221
2024-10-30,6948,73637.74862737497
2024-10-30,6250,69490.9308065336
2024-10-30,7067,73588.23472071148
2024-10-30,7109,62230.160976224695
2024-10-30,6861,69606.39746772534
2024-10-30,7081,72698.30812943769
2024-10-30,6715,69365.18068340575
2024-10-30,7211,66726.95625353993
2024-10-30,6862,70035.62844311415
2024-10-30,6997,74836.95966726814
2024-10-30,6398,85007.14653249779
2024-10-30,6957,71126.31722170718
2024-10-30,6876,70481.52979292406
2024-10-30,6813,68846.41254349722
2024-10-30,6552,72138.0254660363
2024-10-30,6548,68461.40788368834
2024-10-30,6101,77730.37602274184
2024-10-30,6931,60558.23143329375
2024-10-30,7014,72565.09603015488
2024-10-30,7241,59211.04566363913
2024-10-30,6609,71225.73210072982
2024-10-30,6388,75293.1541421647
2024-10-30,6972,73569.44564590552
2024-10-30,6511,69673.64811582954
2024-10-30,6962,73401.41781437818
2024-10-30,6445,70690.02224750537
2024-10-30,7226,69767.2002828205
2024-10-30,7018,57485.975979111674
2024-10-30,6324,63923.03962883234
2024-10-30,6318,70133.84162553579
2024-10-30,6788,69173.81354159012
2024-10-30,6929,69927.32112581572
2024-10-30,6865,71382.77110843144
2024-10-30,7269,70721.73053413483
2024-10-30,7098,63921.94631343747
2024-10-30,6755,54795.3846191673
2024-10-30,6877,70633.11771675147
2024-10-30,7104,70364.59757860424
2024-10-30,6870,70805.40857015425
2024-10-30,6745,57974.820005038
2024-10-30,7013,68003.92205512675
2024-10-30,7072,61230.94761326041
2024-10-30,6888,72177.1335736407
2024-10-30,7105,78081.37386313769
2024-10-30,7210,69117.56848968878
2024-10-30,7293,76043.70059878487
2024-10-30,6830,72769.27789256573
2024-10-30,6973,72282.4601772766
2024-10-30,6655,69684.14093144191
2024-10-30,6923,67503.3576217077
2024-10-30,6759,58185.86116497819
2024-10-30,6846,73884.58636559822
2024-10-30,7238,72692.18904122624
2024-10-30,6849,64237.854570375435
2024-10-30,7250,63140.79809718705
2024-10-30,7019,58726.595758400406
2024-10-30,6569,68441.39588987023
2024-10-30,6900,69433.62447974621
2024-10-30,7260,71197.63474138695
2024-10-30,6357,68092.7620230736
2024-10-30,6526,65915.49381922786
2024-10-30,6452,74737.70766840127
2024-10-30,6777,62665.86959378393
2024-10-30,6626,70145.65077229314
2024-10-30,7283,69688.849318374
2024-10-30,6944,85929.6503715294
2024-10-30,7248,72919.54955480642
2024-10-30,6560,71337.557927835
2024-10-30,6724,67324.20931052329
2024-10-30,7147,65102.44199780446
2024-10-30,6635,70837.68201221089
2024-10-30,7205,71865.16555159465
2024-10-30,6965,69932.72152961376
2024-10-30,6558,71104.24469455384
2024-10-30,6909,70903.1022864069
2024-10-30,6752,61062.503578401505
2024-10-30,6437,75767.66664683112
2024-10-30,7028,70585.82249122452
2024-10-30,6894,67413.95412378227
2024-10-30,6456,72616.0616536547
2024-10-30,7146,73096.92222404086
2024-10-30,6438,68716.22253951973
2024-10-30,7282,70362.76928207022
2024-10-30,6839,57629.82123872815
2024-10-30,6441,71516.06204093834
2024-10-30,7159,78987.33710383505
2024-10-30,7251,71913.50823110435
2024-10-30,6553,53576.9227908421
2024-10-30,6594,72507.32290892489
2024-10-30,6603,69395.96535284635
2024-10-30,6719,66881.55921114652
2024-10-30,6789,69546.48971197197
2024-10-30,6561,69922.05883231718
2024-10-30,7078,50398.89050508932
2024-10-30,7187,61371.53009869621
2024-10-30,7140,67258.4520942356
2024-10-30,6669,69113.85465986785
2024-10-30,6043,72391.07075545209
2024-10-30,6749,62587.14706413605
2024-10-30,6896,70114.35403069733
2024-10-30,6834,74000.35378389846
2024-10-30,6963,67018.02274760915
2024-10-30,6380,56071.28166753613
2024-10-30,6951,71456.22998266347
2024-10-30,6648,73547.08235304535
2024-10-30,7065,71186.80275462235
2024-10-30,6679,72011.23116491587
2024-10-30,6563,70612.5086560969
2024-10-30,7152,68969.44958388635
2024-10-30,6866,69887.12508482448
2024-10-30,6392,94971.83590142123
2024-10-30,6769,65186.33746736516
2024-10-30,7038,76662.69957804725
2024-10-30,6393,70370.39070249184
2024-10-30,6810,69441.99011518393
2024-10-30,6493,65784.68144562312
2024-10-30,7200,69505.22537627134
2024-10-30,6225,66005.06053186554
2024-10-30,6999,69408.0369341416
2024-10-30,6967,69694.44128887223
2024-10-30,6879,71536.54935429493
2024-10-30,6776,70711.41534543225
2024-10-30,6799,69831.0735038126
2024-10-30,6363,74965.91310953409
2024-10-30,6736,72990.33374269714
2024-10-30,7095,72665.45778322355
2024-10-30,6873,69535.4104765178
2024-10-30,7024,73380.06518463547
2024-10-30,6245,69734.0598416648
2024-10-30,6577,67931.04066040742
2024-10-30,7224,71947.66772364768
2024-10-30,6906,78953.60831152425
2024-10-30,7295,68225.04631042118
2024-10-30,6508,69565.605804130435
2024-10-30,6549,70575.71273147789
2024-10-30,6782,59621.85601276359
2024-10-30,6892,69808.49515280749
2024-10-30,6491,0
2024-10-30,6448,0
2024-10-30,6591,0
2024-10-30,6949,0
2024-10-30,7212,0
2024-10-30,7218,0
2024-10-30,7192,57580.74309967179
2024-10-30,7273,0
2024-10-31,7053,62639.05611836261
2024-10-31,6813,69492.93548130407
2024-10-31,7032,64984.30643747921
2024-10-31,6357,68079.26710979096
2024-10-31,7275,73334.72133452616
2024-10-31,6317,70040.18640525854
2024-10-31,6787,67547.47548119754
2024-10-31,6398,84769.46484225498
2024-10-31,7048,74488.3979265061
2024-10-31,7213,68895.05246795563
2024-10-31,7033,72094.46058060847
2024-10-31,6326,65532.22926881293
2024-10-31,6388,75745.22734752802
2024-10-31,6576,68814.93220676288
2024-10-31,6894,66718.15355475272
2024-10-31,6496,69424.81955604277
2024-10-31,6333,73452.8624461283
2024-10-31,7141,70039.05971698755
2024-10-31,6604,73372.64652502412
2024-10-31,6548,68065.58938901301
2024-10-31,6599,73722.40912042723
2024-10-31,6884,75895.0343789227
2024-10-31,7282,72062.70733854591
2024-10-31,6714,70756.33131384724
2024-10-31,7250,63644.36403174295
2024-10-31,6494,70463.38131299245
2024-10-31,7274,68248.32040945409
2024-10-31,6856,69985.66257970137
2024-10-31,6717,73799.55843527189
2024-10-31,7024,72062.74682097057
2024-10-31,6941,68456.09096503367
2024-10-31,7072,61171.60522505764
2024-10-31,6348,68944.42033096337
2024-10-31,6507,69683.31904162963
2024-10-31,6351,69327.88907506461
2024-10-31,7198,133692.873862409
2024-10-31,6811,76529.10242277799
2024-10-31,6430,102122.94199204644
2024-10-31,7182,68545.39863747601
2024-10-31,7271,72433.13225605203
2024-10-31,6923,69052.21452376334
2024-10-31,7149,72384.497460838393
2024-10-31,6582,68373.32332694047
2024-10-31,6668,74771.86296189367
2024-10-31,7111,67001.04426037369
2024-10-31,6754,59775.2305737912
2024-10-31,7201,68796.71687995226
2024-10-31,6446,73449.76406360025
2024-10-31,7039,69838.44079103756
2024-10-31,6477,74684.48020581184
2024-10-31,6730,58391.92484847844
2024-10-31,6896,70015.65651963651
2024-10-31,6784,68804.67340114641
2024-10-31,6088,70759.00451232382
2024-10-31,6788,69982.18161836495
2024-10-31,6525,74640.33141418779
2024-10-31,7200,69093.90863622908
2024-10-31,6852,66485.41996000207
2024-10-31,7101,70818.04104190576
2024-10-31,6745,57615.758824846074
2024-10-31,6092,74606.8292422352
2024-10-31,7245,69504.70054270836
2024-10-31,7281,70579.52023860173
2024-10-31,6545,66285.54121261525
2024-10-31,7003,72236.35415187842
2024-10-31,6400,69298.35615196564
2024-10-31,7121,62487.09822380946
2024-10-31,7258,69597.62051186328
2024-10-31,6535,68393.18068911326
2024-10-31,6692,77304.83977963515
2024-10-31,7073,72347.37051173928
2024-10-31,6726,70901.6158158924
2024-10-31,6779,65564.45405955281
2024-10-31,6632,70350.06440772675
2024-10-31,6630,69457.1804897982
2024-10-31,6932,69193.81103295635
2024-10-31,6323,72685.21919768659
2024-10-31,6432,69542.17054851736
2024-10-31,6583,63995.71166604816
2024-10-31,6792,61944.68149526072
2024-10-31,6039,68521.08493658726
2024-10-31,7019,58739.65585521868
2024-10-31,6546,72841.10963368397
2024-10-31,6905,62026.729924220825
2024-10-31,7173,56958.89723863014
2024-10-31,6872,61414.508081696134
2024-10-31,7276,74904.90959668269
2024-10-31,6042,73618.05203198752
2024-10-31,6904,60231.06242257157
2024-10-31,6759,59706.971045344035
2024-10-31,7034,69009.67087865162
2024-10-31,6846,73438.54474670818
2024-10-31,6167,71682.52684511928
2024-10-31,6873,69797.5719270458
2024-10-31,6585,72820.70562359573
2024-10-31,7109,63451.43370195381
2024-10-31,6954,63186.4113312875
2024-10-31,6844,69302.96014449077
2024-10-31,6346,66855.57888508403
2024-10-31,6728,71615.6408703198
2024-10-31,6574,67755.61111484312
2024-10-31,6849,64431.99823455708
2024-10-31,6634,69479.27765277283
2024-10-31,6418,74551.21564573426
2024-10-31,7236,72759.84979558428
2024-10-31,6232,79311.03094587303
2024-10-31,6956,64775.841579661705
2024-10-31,7170,65110.741174495626
2024-10-31,6342,69979.87533356302
2024-10-31,6875,70955.57486887123
2024-10-31,6693,70621.99048748826
2024-10-31,6336,72755.5347530266
2024-10-31,6298,61016.80659390953
2024-10-31,7222,108568.95610200654
2024-10-31,6897,68896.60911505613
2024-10-31,6731,71542.63427629927
2024-10-31,6526,66519.7324321263
2024-10-31,6598,77967.87900307038
2024-10-31,6968,67598.66063492424
2024-10-31,7169,72848.44400338102
2024-10-31,7145,71274.73152878866
2024-10-31,7225,69828.24267862177
2024-10-31,6417,72121.32567813018
2024-10-31,6978,68938.6441931104
2024-10-31,6427,72302.03514971635
2024-10-31,7220,70056.99560620672
2024-10-31,7070,74388.87486147664
2024-10-31,6761,69191.73661562549
2024-10-31,7279,70000.3418540919
2024-10-31,6933,67147.56743800899
2024-10-31,6420,72247.21131774235
2024-10-31,6718,61551.344771765034
2024-10-31,7216,69894.41929405219
2024-10-31,6669,69760.59374412529
2024-10-31,6335,67594.38617427617
2024-10-31,7272,72771.60198059048
2024-10-31,7185,58111.098648455816
2024-10-31,6799,69603.87315351507
2024-10-31,6363,77797.75245634424
2024-10-31,7151,69671.22791726228
2024-10-31,6648,73818.19978031697
2024-10-31,6373,73567.71394196426
2024-10-31,6753,55315.966757395
2024-10-31,7100,59371.2795282902
2024-10-31,6379,71884.05545044971
2024-10-31,7175,68370.94863632933
2024-10-31,7260,69572.43134974573
2024-10-31,6993,67291.7198265847
2024-10-31,7199,73259.92931393703
2024-10-31,6304,68868.18105318054
2024-10-31,7207,110287.80138477498
2024-10-31,6291,61883.77156879885
2024-10-31,6438,70247.1870150448
2024-10-31,6999,69741.31596027687
2024-10-31,6426,68479.12650996126
2024-10-31,6413,70252.28289899744
2024-10-31,6406,74756.43746308966
2024-10-31,6675,71296.42748041257
2024-10-31,6824,67148.33369945975
2024-10-31,7007,69215.22948565638
2024-10-31,6658,60182.54309927954
2024-10-31,6519,69849.09180852976
2024-10-31,6331,66941.46309100401
2024-10-31,6603,69157.20278081726
2024-10-31,6680,66683.23825608326
2024-10-31,6881,61018.66713237197
2024-10-31,6338,65399.47137172608
2024-10-31,6297,68716.65604462725
2024-10-31,6878,66161.99281256393
2024-10-31,6534,70304.29817511076
2024-10-31,7188,69071.1102778099
2024-10-31,6898,70819.46693453957
2024-10-31,6874,68186.23399434978
2024-10-31,7295,69488.52150214097
2024-10-31,6909,71475.71290884743
2024-10-31,6994,82915.37533953963
2024-10-31,7017,72523.51852405413
2024-10-31,7156,69014.31140965837
2024-10-31,7268,68391.10496821965
2024-10-31,6568,71430.80152001597
2024-10-31,6509,70072.4360750414
2024-10-31,6681,72436.60262829902
2024-10-31,6393,70109.91606449473
2024-10-31,6506,73694.0481694582
2024-10-31,6794,61550.14115752512
2024-10-31,6541,68750.13188617701
2024-10-31,6626,70134.11375264179
2024-10-31,6586,71336.15995211824
2024-10-31,7292,70156.66453076889
2024-10-31,6490,70410.12292361488
2024-10-31,7083,69513.85322135524
2024-10-31,7125,69859.34180175803
2024-10-31,6633,53274.68135218043
2024-10-31,6456,73051.41528374888
2024-10-31,7244,74224.38234563133
2024-10-31,6254,70852.23107601103
2024-10-31,7081,73984.38571284946
2024-10-31,6977,58597.93585265217
2024-10-31,6352,73916.87657272129
2024-10-31,6918,73502.69156194264
2024-10-31,6428,76624.59619668037
2024-10-31,6635,72367.3152522166
2024-10-31,6789,69675.92776278924
2024-10-31,7080,67614.38483924538
2024-10-31,6564,73615.3870570372
2024-10-31,7239,152181.46818390428
2024-10-31,6538,57224.65666851447
2024-10-31,7158,74108.16397315811
2024-10-31,6972,73310.70952553149
2024-10-31,6410,59684.75259419866
2024-10-31,7030,68931.70152913925
2024-10-31,6328,71361.65086248492
2024-10-31,7022,68386.68059559214
2024-10-31,7280,68584.61021282712
2024-10-31,6580,68452.03200101148
2024-10-31,6783,73279.70618185344
2024-10-31,6562,73075.5631768653
2024-10-31,6927,77816.96308989578
2024-10-31,6560,71111.03461278486
2024-10-31,7068,69397.17375453189
2024-10-31,7180,57370.398658683895
2024-10-31,7065,71140.21733815479
2024-10-31,6931,60862.7388818296
2024-10-31,6588,74805.14340255073
2024-10-31,6755,55739.155456053326
2024-10-31,6687,73142.06238032346
2024-10-31,6733,63247.160582535675
2024-10-31,6517,73544.44404025102
2024-10-31,6961,73513.7944744974
2024-10-31,6936,50250.30385658781
2024-10-31,7211,68293.73086035108
2024-10-31,6558,71374.04292747201
2024-10-31,7098,64259.27858567845
2024-10-31,6408,77725.22393741185
2024-10-31,7090,74821.27980840438
2024-10-31,6366,69752.79314540245
2024-10-31,6435,71966.88772354665
2024-10-31,7208,69636.11100724149
2024-10-31,6384,71400.05778570716
2024-10-31,6451,71836.52681918039
2024-10-31,6563,70464.89817800617
2024-10-31,6547,67857.3955741963
2024-10-31,6797,72815.59908380818
2024-10-31,7172,58943.752856543295
2024-10-31,6411,61033.23437064022
2024-10-31,7183,70569.32039021184
2024-10-31,7265,72824.46920452426
2024-10-31,6974,67126.46898377137
2024-10-31,6350,69045.55071081949
2024-10-31,7054,68354.34787763334
2024-10-31,7025,69881.49752617427
2024-10-31,6829,68820.13522786852
2024-10-31,6882,68856.50878872022
2024-10-31,6830,73133.66605518374
2024-10-31,7147,68116.77800179338
2024-10-31,6094,73839.67990048489
2024-10-31,6246,68015.22309142628
2024-10-31,6565,74753.15307826729
2024-10-31,7069,68513.95410126305
2024-10-31,6845,71077.22819333542
2024-10-31,6453,72063.14078990916
2024-10-31,6639,65229.10967995315
2024-10-31,6834,74356.38291630143
2024-10-31,6935,78204.06298850405
2024-10-31,7108,70693.05586869032
2024-10-31,6516,72975.75616227635
2024-10-31,7253,73623.473971903
2024-10-31,6245,69806.47220325806
2024-10-31,7027,69611.17627392786
2024-10-31,7000,75745.46428777707
2024-10-31,6832,74225.6054399614
2024-10-31,7238,73178.47503685532
2024-10-31,6597,74767.47231496048
2024-10-31,6272,70580.11955614071
2024-10-31,6575,53541.81015362458
2024-10-31,7146,73025.6789312887
2024-10-31,6969,70667.12593796263
2024-10-31,6372,67385.33564017252
2024-10-31,6865,71467.98636412594
2024-10-31,7241,59967.912843089536
2024-10-31,6330,62833.05458402148
2024-10-31,6809,69400.86813465205
2024-10-31,6434,72231.043310313
2024-10-31,6725,71015.53035486632
2024-10-31,7219,53839.42053473629
2024-10-31,6268,70169.0917127093
2024-10-31,6482,73978.26635508354
2024-10-31,6937,71170.71536690158
2024-10-31,6686,70999.46950243764
2024-10-31,6101,78770.632487299
2024-10-31,6043,74128.3393588096
2024-10-31,6734,64195.98545701546
2024-10-31,6623,66369.70353351506
2024-10-31,6480,75305.9943807451
2024-10-31,7005,71239.54964970467
2024-10-31,6891,61454.35672205524
2024-10-31,6445,70456.72193247415
2024-10-31,6985,71026.68371082845
2024-10-31,6803,62002.17200266352
2024-10-31,6883,66482.4584417831
2024-10-31,6590,73659.5790884872
2024-10-31,6642,67805.0446321776
2024-10-31,6637,52757.901941205826
2024-10-31,7130,62539.335543480214
2024-10-31,6249,70479.51989284455
2024-10-31,7037,64206.70490774702
2024-10-31,7186,60466.93184227153
2024-10-31,6577,69863.81642175853
2024-10-31,7020,73492.56136433163
2024-10-31,6643,73491.66132213948
2024-10-31,6815,66405.40331963309
2024-10-31,6800,66987.44579117851
2024-10-31,7206,76527.62488628608
2024-10-31,7168,62309.55227179447
2024-10-31,6826,68568.03864743626
2024-10-31,7210,69117.82489980893
2024-10-31,7240,72976.51657558438
2024-10-31,6524,69927.67199932522
2024-10-31,6395,71043.24133573542
2024-10-31,7202,73197.08649686968
2024-10-31,6696,70205.49548534765
2024-10-31,6971,71746.6657293514
2024-10-31,6676,70158.30774981678
2024-10-31,7251,70593.60787917342
2024-10-31,6510,72245.39725003115
2024-10-31,6838,68380.18377481453
2024-10-31,7122,74064.19516780405
2024-10-31,6997,72533.87816520232
2024-10-31,6287,71537.6992597458
2024-10-31,6533,70576.27123640904
2024-10-31,7097,70688.00499833588
2024-10-31,7234,55273.84300042059
2024-10-31,7106,73019.0408143515
2024-10-31,6854,72125.06746292548
2024-10-31,7036,69947.19990562038
2024-10-31,7291,57061.79208282367
2024-10-31,6887,64620.22050678686
2024-10-31,6827,73212.80101018058
2024-10-31,7231,69519.75478536214
2024-10-31,6251,62479.470840919435
2024-10-31,7116,68125.54966201299
2024-10-31,6619,67998.82554005813
2024-10-31,7006,68941.36554504246
2024-10-31,6716,70718.01275093654
2024-10-31,7067,74052.68624173426
2024-10-31,6953,62508.98115458113
2024-10-31,6723,55499.4363949343
2024-10-31,6644,71021.11633111318
2024-10-31,6952,66328.71596811134
2024-10-31,6567,70680.86640879202
2024-10-31,6757,55490.8211513349
2024-10-31,7018,57212.69741254367
2024-10-31,6455,65640.66646877464
2024-10-31,7187,61642.59390533036
2024-10-31,6773,63981.02209414257
2024-10-31,7196,70081.98173268426
2024-10-31,6552,72762.39551689409
2024-10-31,6295,71742.79869533402
2024-10-31,6505,72083.29680951194
2024-10-31,6561,69979.66137848723
2024-10-31,6751,66937.29715605831
2024-10-31,6670,72383.40270603845
2024-10-31,7144,73070.2155191686
2024-10-31,6841,69472.27729611516
2024-10-31,6660,72911.31139252508
2024-10-31,6368,67910.91404969113
2024-10-31,6835,76156.7900708843
2024-10-31,6439,71605.77049590265
2024-10-31,7011,71296.04797568725
2024-10-31,7293,76124.36799312927
2024-10-31,6316,71421.65501778817
2024-10-31,6443,74221.70774142728
2024-10-31,7077,72389.92501601389
2024-10-31,6475,70879.58090207238
2024-10-31,7075,64401.39686206835
2024-10-31,6531,67565.13415925633
2024-10-31,7004,69205.10987610937
2024-10-31,7087,75965.41588999037
2024-10-31,7110,69163.71031634755
2024-10-31,6407,66538.23138566293
2024-10-31,7227,73436.99510790671
2024-10-31,7248,72666.93809272407
2024-10-31,6776,70766.70466783635
2024-10-31,7010,70146.89794049568
2024-10-31,6831,82341.21884837226
2024-10-31,6581,68980.22191501498
2024-10-31,6750,70341.33540021813
2024-10-31,6334,73560.59748131015
2024-10-31,6641,64275.10675476566
2024-10-31,6501,71590.95983766108
2024-10-31,6360,68159.62038092333
2024-10-31,7189,63219.495017328
2024-10-31,6877,71091.00147247121
2024-10-31,6511,69753.62309321258
2024-10-31,7009,82046.17216661408
2024-10-31,6267,68959.48506915483
2024-10-31,7012,67002.67554479
2024-10-31,6928,73599.86504489354
2024-10-31,6762,68120.31684970626
2024-10-31,7117,67330.32336497054
2024-10-31,6747,61059.43237623354
2024-10-31,6886,69958.17292779242
2024-10-31,6858,67701.23461800221
2024-10-31,6951,71302.77822861906
2024-10-31,7107,66366.99945434369
2024-10-31,6631,68635.48983881545
2024-10-31,6724,66935.77289218224
2024-10-31,6764,63977.2043244136
2024-10-31,6664,78128.53079535218
2024-10-31,6492,78721.85904487949
2024-10-31,6929,69795.85036846063
2024-10-31,7089,75329.58736598949
2024-10-31,6569,67891.92418434662
2024-10-31,6879,71712.60322186847
2024-10-31,7127,68535.45463177293
2024-10-31,6940,70555.95190740596
2024-10-31,6722,64247.582146319175
2024-10-31,6925,73768.80351731493
2024-10-31,6358,74129.29662151713
2024-10-31,7008,70279.39317224022
2024-10-31,6402,70004.44301263631
2024-10-31,7193,71914.85513167163
2024-10-31,6313,69737.76455518152
2024-10-31,6683,69898.3417362585
2024-10-31,7056,72621.81776229915
2024-10-31,6325,69117.77825646104
2024-10-31,6616,77999.22112618166
2024-10-31,6736,73072.7903928369
2024-10-31,6959,66921.54236479788
2024-10-31,6536,57404.44604460516
2024-10-31,6082,71422.0751568834
2024-10-31,6960,76357.90603826409
2024-10-31,7174,72186.17383845375
2024-10-31,7226,70152.58369671638
2024-10-31,6900,69928.8169522997
2024-10-31,6839,56503.46465328008
2024-10-31,7171,58267.02677684849
2024-10-31,6120,69478.68796815432
2024-10-31,7126,62947.60096189348
2024-10-31,7076,69737.05135556609
2024-10-31,6649,77659.66761299956
2024-10-31,6072,71192.11745675548
2024-10-31,6662,69580.86839105259
2024-10-31,6919,70848.7737904185
2024-10-31,6374,70439.23362450914
2024-10-31,6885,70936.78720586142
2024-10-31,6866,70407.44429823794
2024-10-31,6329,69142.2346624276
2024-10-31,6248,63701.75398700028
2024-10-31,7296,69031.86382130915
2024-10-31,7190,62671.206917945376
2024-10-31,6429,67332.89309313803
2024-10-31,6922,71736.85847045523
2024-10-31,6370,66330.8946678017
2024-10-31,7139,72346.79112958528
2024-10-31,6550,69183.71300640372
2024-10-31,6862,69972.51804274933
2024-10-31,6666,73780.40384445245
2024-10-31,7078,51783.80593213905
2024-10-31,6906,74320.00862565648
2024-10-31,7223,67751.6306211555
2024-10-31,7195,73408.89815999407
2024-10-31,6025,72804.92669647017
2024-10-31,6659,56967.35501236301
2024-10-31,7040,65814.911567352
2024-10-31,6880,68720.29356781098
2024-10-31,7283,71117.96164133554
2024-10-31,7217,69621.70332478393
2024-10-31,6934,75020.41705031911
2024-10-31,6962,71929.7803539003
2024-10-31,6661,70242.17716309594
2024-10-31,6512,70878.55373170995
2024-10-31,6364,72571.76995158783
2024-10-31,7026,69966.72480121761
2024-10-31,7084,63801.73919513479
2024-10-31,7137,71237.60431178493
2024-10-31,6601,70600.10891436678
2024-10-31,6777,62657.35338126312
2024-10-31,7155,71190.90549943649
2024-10-31,6387,70321.10687016576
2024-10-31,6812,67786.29064981695
2024-10-31,7269,70277.62766172503
2024-10-31,7035,69236.20017671547
2024-10-31,6756,62325.72068908343
2024-10-31,7085,73277.07017183083
2024-10-31,6727,67570.95578507087
2024-10-31,6768,70638.40903681458
2024-10-31,7105,78320.16663611961
2024-10-31,7289,71065.49953978258
2024-10-31,6817,73627.1155272755
2024-10-31,6324,65433.0223057395
2024-10-31,6629,73912.0047683596
2024-10-31,6320,73824.31891809603
2024-10-31,6498,70335.52142416591
2024-10-31,6431,77624.90136322167
2024-10-31,6488,68360.08787174693
2024-10-31,7129,69310.06344052948
2024-10-31,6860,71839.51556463359
2024-10-31,6842,68071.64177851213
2024-10-31,6689,71432.34090866824
2024-10-31,6523,71029.3731299251
2024-10-31,6911,71676.5208854805
2024-10-31,6389,71682.43872931063
2024-10-31,6963,68288.30693860551
2024-10-31,6888,72528.09020488863
2024-10-31,6332,70258.47667879403
2024-10-31,6810,68832.57645530989
2024-10-31,6942,65639.02796243194
2024-10-31,6715,69217.5731117639
2024-10-31,7165,60444.437909849425
2024-10-31,6870,71220.58625370766
2024-10-31,7184,64831.72468324071
2024-10-31,6514,70017.73025334114
2024-10-31,6602,56963.87497186089
2024-10-31,6540,70837.055703331
2024-10-31,6518,69877.65849381028
2024-10-31,6423,70648.43550210568
2024-10-31,6767,71279.17546324078
2024-10-31,7013,68976.69014380747
2024-10-31,7136,75011.8459007289
2024-10-31,6225,65915.53492206546
2024-10-31,6239,68815.84642311634
2024-10-31,7113,55610.411945129104
2024-10-31,7224,71896.32159594535
2024-10-31,6213,70020.70548972489
2024-10-31,7221,70769.71157049842
2024-10-31,7095,74287.957013056
2024-10-31,7157,73120.94745234141
2024-10-31,7209,57720.946060636066
2024-10-31,6924,71539.61132386814
2024-10-31,7063,66427.05620083804
2024-10-31,6752,62731.17870160321
2024-10-31,6863,70483.19978767287
2024-10-31,6327,68947.50431667239
2024-10-31,6636,73665.56933619571
2024-10-31,6349,58527.628843734055
2024-10-31,7031,67510.2739079569
2024-10-31,6746,61859.036174328474
2024-10-31,6647,70354.42016212542
2024-10-31,7128,73632.4625913386
2024-10-31,6973,71552.55430601865
2024-10-31,7242,55746.00183707498
2024-10-31,6663,71901.3977888301
2024-10-31,6087,72703.99825549632
2024-10-31,6503,66072.56808994235
2024-10-31,6454,75675.87938382896
2024-10-31,6719,66793.25099770552
2024-10-31,7104,74022.6592236418
2024-10-31,7028,70348.49194834857
2024-10-31,6559,70324.30477199459
2024-10-31,6833,75547.35021437582
2024-10-31,6869,70353.21985492561
2024-10-31,6930,72668.83582724334
2024-10-31,6299,62476.75711805613
2024-10-31,7091,72826.32283613335
2024-10-31,6266,74805.64783430146
2024-10-31,6741,68752.89892164376
2024-10-31,6758,54258.20326897382
2024-10-31,6493,65897.01805532427
2024-10-31,7140,67651.76513653809
2024-10-31,6600,70468.91940863576
2024-10-31,6392,101662.29777808917
2024-10-31,6965,69599.20951627138
2024-10-31,7152,68961.1521863024
2024-10-31,6857,68108.99009110026
2024-10-31,6624,58352.28735408747
2024-10-31,7266,67869.87216907302
2024-10-31,7261,70078.66438366618
2024-10-31,6763,71298.47897994115
2024-10-31,7064,69646.67179832449
2024-10-31,6967,70048.08795136721
2024-10-31,6424,70955.30240504286
2024-10-31,6769,65443.12749006953
2024-10-31,6804,71950.03853781977
2024-10-31,7246,71682.19014005047
2024-10-31,7178,80157.13775209154
2024-10-31,6851,63496.68300547982
2024-10-31,7066,63005.68430972656
2024-10-31,6515,72964.7280352447
2024-10-31,6553,52498.709118154205
2024-10-31,6307,68950.37521645534
2024-10-31,6903,78560.79404293148
2024-10-31,7288,69601.20880879025
2024-10-31,6414,68978.05991731916
2024-10-31,6544,68413.16002598895
2024-10-31,6749,60971.1789181518
2024-10-31,7021,70547.12066639058
2024-10-31,6861,69657.31900359623
2024-10-31,6618,70893.94652449546
2024-10-31,6318,69347.15910329994
2024-10-31,7256,74880.07546374887
2024-10-31,6798,83806.68586200196
2024-10-31,6695,72672.96117809654
2024-10-31,6554,53672.25924391666
2024-10-31,6425,60523.61838699138
2024-10-31,6520,70860.98956791822
2024-10-31,7150,70191.79958597664
2024-10-31,7096,70090.67560314397
2024-10-31,6780,70310.81516083128
2024-10-31,7249,62864.76875269733
2024-10-31,7112,70197.4949700257
2024-10-31,7062,61301.45478066958
2024-10-31,6674,69656.04959708966
2024-10-31,6450,69298.8979493497
2024-10-31,7052,68681.94459594299
2024-10-31,6818,67403.7594083221
2024-10-31,6775,74681.47643897033
2024-10-31,7014,71639.84186507408
2024-10-31,6485,51076.18824679938
2024-10-31,7060,74037.07948238838
2024-10-31,6054,67574.94969347387
2024-10-31,7278,82971.55882508606
2024-10-31,6396,70443.07534861808
2024-10-31,7115,70760.50793257811
2024-10-31,6876,72259.06239937955
2024-10-31,7124,57092.05732565427
2024-10-31,6522,68654.73033337346
2024-10-31,7134,72730.89167702875
2024-10-31,7205,72067.96394304876
2024-10-31,6921,73579.38954217284
2024-10-31,6385,69813.38902331032
2024-10-31,6345,72341.19624595257
2024-10-31,6740,58882.38896734619
2024-10-31,7214,68752.99140989856
2024-10-31,6447,68649.2383835072
2024-10-31,7042,74985.25989725447
2024-10-31,6948,73676.26203818958
2024-10-31,6801,59665.36001595287
2024-10-31,6504,68139.01280008546
2024-10-31,7135,71468.90139007651
2024-10-31,6436,72038.85364028222
2024-10-31,6607,73527.29320817847
2024-10-31,7287,70001.82509555398
2024-10-31,6939,70964.98094934464
2024-10-31,7131,69561.10965561877
2024-10-31,6250,69635.148587383
2024-10-31,6926,71975.24848913128
2024-10-31,6957,71205.08071945427
2024-10-31,6390,71026.92241960039
2024-10-31,6737,72059.52273211021
2024-10-31,7043,70530.75255111906
2024-10-31,6679,71906.49775168308
2024-10-31,6367,65614.54024496982
2024-10-31,7197,69636.65214228505
2024-10-31,7050,55824.74032673996
2024-10-31,6594,71444.98764614145
2024-10-31,7254,70482.24996953853
2024-10-31,7267,78188.3464881185
2024-10-31,6655,68924.21695555016
2024-10-31,7016,70571.70349314787
2024-10-31,7159,80386.3829420091
2024-10-31,7092,76092.60913421528
2024-10-31,6774,66456.25124304308
2024-10-31,7047,93074.10407854436
2024-10-31,6609,71624.16559360907
2024-10-31,7049,65579.47212424477
2024-10-31,6382,72362.55655017216
2024-10-31,6476,69347.6723547956
2024-10-31,7038,76744.32523006861
2024-10-31,6785,55516.794316827254
2024-10-31,6966,72982.090781748
2024-10-31,6571,70486.50680958336
2024-10-31,6441,72213.19994945952
2024-10-31,7079,71078.97101134238
2024-10-31,6899,73350.24626119157
2024-10-31,6970,72119.91963324833
2024-10-31,6944,86088.60041458797
2024-10-31,6487,71601.01155981394
2024-10-31,7086,75303.3484257539
2024-10-31,6853,60189.38671044673
2024-10-31,6380,56652.32196246911
2024-10-31,7002,67040.28897949457
2024-10-31,6437,78195.26631874043
2024-10-31,6452,75502.66693761374
2024-10-31,6782,58300.64733078894
2024-10-31,6549,70582.20649724125
2024-10-31,6448,0
2024-10-31,6892,69605.21003270795
2024-10-31,6591,0
2024-10-31,6491,0
2024-10-31,6949,0
2024-10-31,7212,0
2024-10-31,7218,0
2024-10-31,7273,0
2024-10-31,7192,57424.26193355584
2024-11-01,6546,71412.20954960947
2024-11-01,6333,73453.33788121479
2024-11-01,6373,73613.40193347022
2024-11-01,7100,59305.816502930255
2024-11-01,6494,70404.977219231
2024-11-01,6272,70331.94534780181
2024-11-01,6548,68427.16307497467
2024-11-01,7184,64964.835899462385
2024-11-01,6225,65685.76437407741
2024-11-01,6999,69282.32143064543
2024-11-01,6492,77534.63221294423
2024-11-01,6815,66837.3156478668
2024-11-01,6561,69822.13665288515
2024-11-01,6962,69196.35811248954
2024-11-01,6336,72733.94399233104
2024-11-01,6873,69889.29418373178
2024-11-01,6427,71794.12417381341
2024-11-01,6925,73023.08021944057
2024-11-01,6535,68427.25580578954
2024-11-01,6968,67356.15937937557
2024-11-01,6833,75642.89811712969
2024-11-01,6619,69503.21554865912
2024-11-01,6450,69774.83317325106
2024-11-01,6389,71804.24267378736
2024-11-01,6637,53665.40568036123
2024-11-01,6932,69083.8763839595
2024-11-01,7139,72189.1657036326
2024-11-01,7236,72923.87193195333
2024-11-01,6299,64017.714568458825
2024-11-01,6961,74082.55619043909
2024-11-01,6933,67544.82701495374
2024-11-01,6733,63063.52081655592
2024-11-01,6927,77820.13733607464
2024-11-01,6761,70132.33548221595
2024-11-01,7219,53168.14591209543
2024-11-01,6599,72381.78666522005
2024-11-01,6505,72900.76176602539
2024-11-01,6903,77809.73456881967
2024-11-01,6662,70039.91142403864
2024-11-01,7158,73974.93172661847
2024-11-01,6358,74027.69113532118
2024-11-01,6607,73663.88556488224
2024-11-01,6881,60487.4640192843
2024-11-01,6485,51146.75936701027
2024-11-01,6366,69995.27103601731
2024-11-01,7079,71044.21933479595
2024-11-01,6307,68765.76064650022
2024-11-01,6865,71456.93302533923
2024-11-01,6482,74030.9709171553
2024-11-01,7279,70911.6373544568
2024-11-01,6734,64147.610267710494
2024-11-01,7234,57192.54833805327
2024-11-01,6498,70961.60866753894
2024-11-01,7069,68040.63930540084
2024-11-01,7238,72772.20607837185
2024-11-01,7171,58499.528610939546
2024-11-01,6948,73620.98275831794
2024-11-01,6926,72156.67882501386
2024-11-01,6649,77532.06694841379
2024-11-01,6534,70303.615775748
2024-11-01,7196,70883.99888403887
2024-11-01,6970,72165.04366125716
2024-11-01,6393,69395.79241634812
2024-11-01,6348,68904.28561327387
2024-11-01,6664,78658.4669276783
2024-11-01,6088,70810.828336759
2024-11-01,6087,72697.71623473294
2024-11-01,6553,50884.87522461873
2024-11-01,6515,72508.17382353575
2024-11-01,6639,64113.015875702135
2024-11-01,6862,69991.60397534401
2024-11-01,6523,71031.21149740183
2024-11-01,6507,69653.98297487045
2024-11-01,7276,74649.23593955625
2024-11-01,6398,84492.00199707232
2024-11-01,6924,71897.9899917869
2024-11-01,6350,68998.42640987475
2024-11-01,6501,71668.3252531477
2024-11-01,6435,71575.22925730202
2024-11-01,7049,67689.86420403082
2024-11-01,7170,65254.05502956643
2024-11-01,6883,67452.80720673708
2024-11-01,6396,70864.98712964503
2024-11-01,6601,70884.03531051455
2024-11-01,6722,65002.6734485198
2024-11-01,7129,69904.25323431393
2024-11-01,6726,70894.33473337017
2024-11-01,6670,72353.02337261723
2024-11-01,6554,51686.320205551914
2024-11-01,6326,65479.71770217333
2024-11-01,6582,70274.10401203492
2024-11-01,6338,65787.59775236683
2024-11-01,6769,66273.82602078427
2024-11-01,6480,75539.21660013041
2024-11-01,6323,73566.81893954323
2024-11-01,7156,69689.43057374313
2024-11-01,6861,70008.74078244367
2024-11-01,6768,70654.74664240872
2024-11-01,7034,69160.23413836757
2024-11-01,6894,66746.8176548199
2024-11-01,7070,74425.06716311877
2024-11-01,6475,70947.4602881087
2024-11-01,6718,61762.85690118047
2024-11-01,6750,69889.46434303532
2024-11-01,6428,76603.92088828361
2024-11-01,7293,75709.71963279524
2024-11-01,6042,73786.94952303184
2024-11-01,6674,69320.49324136254
2024-11-01,6511,69474.4029077627
2024-11-01,7199,70872.18424150164
2024-11-01,6455,66562.80031952403
2024-11-01,6966,72980.11072070678
2024-11-01,6346,67443.95724280961
2024-11-01,6452,74765.33123227421
2024-11-01,7113,55872.98871375784
2024-11-01,6849,62565.0765182532
2024-11-01,6687,73205.07394496686
2024-11-01,6692,74817.57293291268
2024-11-01,6560,71360.26197631181
2024-11-01,6669,69332.2853842696
2024-11-01,6609,71657.94707214384
2024-11-01,6749,60936.1200417102
2024-11-01,7109,63597.26188380352
2024-11-01,6879,71926.06417816857
2024-11-01,6746,57781.942492518734
2024-11-01,6937,71108.43286511218
2024-11-01,6762,68597.0861033699
2024-11-01,6898,71139.85636522918
2024-11-01,6811,72016.34590645865
2024-11-01,7269,71410.66762854496
2024-11-01,6922,72089.87875487267
2024-11-01,6783,72678.3520476189
2024-11-01,6349,58056.026298084376
2024-11-01,6832,75372.7273043894
2024-11-01,6329,69225.34376620335
2024-11-01,7289,71398.80942332793
2024-11-01,6745,57211.59732371596
2024-11-01,7141,70405.89753136536
2024-11-01,6834,74415.56069605805
2024-11-01,6679,71862.17522293738
2024-11-01,7130,62553.13274889091
2024-11-01,7086,75116.07186903992
2024-11-01,6618,70944.13453340385
2024-11-01,7048,74071.43801999757
2024-11-01,7188,69217.61437813933
2024-11-01,6818,68114.75156042646
2024-11-01,6899,73357.85240020197
2024-11-01,6541,68972.22770437089
2024-11-01,7242,54142.86768145539
2024-11-01,6936,50640.57326275778
2024-11-01,6072,71367.23541165859
2024-11-01,6550,69199.98003945165
2024-11-01,6493,65800.40495219972
2024-11-01,7135,71608.23220509387
2024-11-01,6604,73808.29997681358
2024-11-01,6857,68428.73973319543
2024-11-01,7032,64857.3841615555
2024-11-01,6971,71898.67491400441
2024-11-01,6887,64711.14500116977
2024-11-01,6454,75516.44895889916
2024-11-01,6800,66948.91922359336
2024-11-01,6388,74848.26977870363
2024-11-01,6787,67878.54505582816
2024-11-01,6923,68577.6631712159
2024-11-01,7031,67597.34745109017
2024-11-01,6574,68670.5047150675
2024-11-01,6413,70587.8074897969
2024-11-01,6842,69678.78865612637
2024-11-01,6431,76022.15237666066
2024-11-01,6390,71006.2168011039
2024-11-01,7107,65868.38934753048
2024-11-01,6642,68869.57790627868
2024-11-01,7116,73634.636486034
2024-11-01,7251,72994.83439294563
2024-11-01,6267,69429.40018098733
2024-11-01,6623,66748.05834552433
2024-11-01,6101,78484.90578087565
2024-11-01,6094,73834.99213313161
2024-11-01,6716,70909.88309379977
2024-11-01,7020,73420.65333265568
2024-11-01,6784,68745.71049639065
2024-11-01,6423,70716.72013948088
2024-11-01,6287,71134.88249315048
2024-11-01,6886,69600.76696084085
2024-11-01,7288,69512.44646436762
2024-11-01,6332,70036.37506169821
2024-11-01,6723,55325.687045658815
2024-11-01,6598,77807.12602656604
2024-11-01,7187,62826.84262202208
2024-11-01,6736,73003.88239163866
2024-11-01,6039,68443.07663476613
2024-11-01,6597,74581.21778797974
2024-11-01,6629,74034.60342445277
2024-11-01,7028,70174.10718311105
2024-11-01,6693,70228.80921170561
2024-11-01,6885,70878.87996502327
2024-11-01,6830,73117.65058743251
2024-11-01,6054,67418.46968055176
2024-11-01,6967,69865.7579056272
2024-11-01,6978,71638.27369024472
2024-11-01,7246,71722.06170215705
2024-11-01,6248,64230.835273136465
2024-11-01,6972,72070.53718981339
2024-11-01,6586,70526.78317274083
2024-11-01,6767,70992.51218205011
2024-11-01,6900,69802.34049209926
2024-11-01,6525,74569.1478414424
2024-11-01,6878,66001.40852671424
2024-11-01,6540,70891.7182629104
2024-11-01,7002,67014.39741835694
2024-11-01,7039,67792.85328239444
2024-11-01,6891,61788.317206012456
2024-11-01,7052,68578.46871773683
2024-11-01,6780,70322.56468288401
2024-11-01,6941,68412.40494290054
2024-11-01,7060,73147.22193992719
2024-11-01,7261,69518.34633601285
2024-11-01,6379,72917.77760795745
2024-11-01,6985,71533.24435867558
2024-11-01,6935,73588.78972536001
2024-11-01,6993,67383.17394576286
2024-11-01,7258,69770.54040722924
2024-11-01,7030,68319.41963150678
2024-11-01,6334,73596.69658124175
2024-11-01,6417,72179.4697569445
2024-11-01,6904,61399.111180144166
2024-11-01,7018,57331.6170071399
2024-11-01,6313,70240.63694518706
2024-11-01,7064,70065.46746454817
2024-11-01,6533,70542.03667243542
2024-11-01,7024,71683.27376871495
2024-11-01,6239,69261.85841287817
2024-11-01,6384,71375.54745183203
2024-11-01,6631,66631.17811329995
2024-11-01,6363,77017.50582789307
2024-11-01,7128,73368.38493672086
2024-11-01,7240,71698.69956934583
2024-11-01,7124,56866.923967008224
2024-11-01,6563,70323.13203878341
2024-11-01,6888,72413.2886061352
2024-11-01,6316,71255.10770488053
2024-11-01,7115,70713.75663129175
2024-11-01,7077,70939.1202880595
2024-11-01,6547,68270.55770817431
2024-11-01,7157,72473.50756881207
2024-11-01,6426,68323.59760177328
2024-11-01,6092,74650.26872417452
2024-11-01,6714,70827.16976271277
2024-11-01,7278,83517.45175039374
2024-11-01,6799,69991.04834714155
2024-11-01,7026,69998.12048825607
2024-11-01,6510,71948.88545131058
2024-11-01,6959,66541.002012211
2024-11-01,7214,68581.11269843184
2024-11-01,6408,78172.02174955055
2024-11-01,7127,68643.94421188778
2024-11-01,6660,70550.25889224601
2024-11-01,7089,74873.12941865715
2024-11-01,6324,64904.52803537521
2024-11-01,7000,75758.79231226201
2024-11-01,6360,67741.9089080052
2024-11-01,6659,56792.87719684564
2024-11-01,6526,67025.34041876174
2024-11-01,6382,72679.45882852872
2024-11-01,6763,71205.8793666442
2024-11-01,6330,63112.61208779123
2024-11-01,7231,69199.85655944204
2024-11-01,6643,74412.88589091269
2024-11-01,6251,62222.54761164628
2024-11-01,6512,70790.91783530019
2024-11-01,6434,72271.16095697138
2024-11-01,7147,68544.85804802534
2024-11-01,6717,73761.72346101844
2024-11-01,7056,72549.91007212258
2024-11-01,6424,70294.94515752497
2024-11-01,7112,70305.05309380563
2024-11-01,7271,72143.72556146624
2024-11-01,7022,68057.94004971291
2024-11-01,7220,70098.40494262127
2024-11-01,7021,70544.3238778427
2024-11-01,6880,68834.53660331988
2024-11-01,6477,74555.62988038236
2024-11-01,7095,74331.87364584373
2024-11-01,7047,91831.80998005162
2024-11-01,7183,70205.19186053159
2024-11-01,7025,69908.38759342469
2024-11-01,6860,72014.05908726685
2024-11-01,7205,71830.18073302797
2024-11-01,7268,68294.66994707446
2024-11-01,6318,70794.02554182014
2024-11-01,6509,70176.4182008041
2024-11-01,7004,69206.94586667228
2024-11-01,6506,74236.99041388484
2024-11-01,7223,67479.15263987082
2024-11-01,6852,66590.13938477098
2024-11-01,6696,70273.61346550447
2024-11-01,6331,66864.08640837418
2024-11-01,6683,69937.76816501435
2024-11-01,6897,69457.82072867316
2024-11-01,7281,70905.83587880414
2024-11-01,6544,67959.69833864852
2024-11-01,7291,55751.525840985385
2024-11-01,6835,76214.46480661008
2024-11-01,6919,71016.95233128789
2024-11-01,6641,63162.280959307056
2024-11-01,6930,73718.20717876584
2024-11-01,7173,56990.237009652854
2024-11-01,6580,67023.95117515598
2024-11-01,6545,65721.96592356703
2024-11-01,6831,80880.84030904634
2024-11-01,6755,53818.6807083831
2024-11-01,6896,70374.02984106456
2024-11-01,6364,72378.50291469065
2024-11-01,6576,68854.54735681332
2024-11-01,7083,68424.87965312175
2024-11-01,6445,70524.33757947123
2024-11-01,6751,66868.7730077541
2024-11-01,7134,72644.2406239658
2024-11-01,6934,73278.62098275598
2024-11-01,6785,55325.81837484354
2024-11-01,6380,56598.07010546958
2024-11-01,6841,69416.80225026107
2024-11-01,6775,74131.10227219315
2024-11-01,7244,74412.36100753577
2024-11-01,6581,70266.68477191524
2024-11-01,6245,70576.71259940305
2024-11-01,6517,72740.10887678804
2024-11-01,6951,71654.14698578889
2024-11-01,7213,68970.54596809614
2024-11-01,7043,73173.95899383197
2024-11-01,6777,62307.33927169244
2024-11-01,7169,72641.74745138235
2024-11-01,6392,100954.82657221323
2024-11-01,7174,72185.90729204257
2024-11-01,7265,73052.04823183245
2024-11-01,6813,69581.92253663935
2024-11-01,6773,65183.94673966182
2024-11-01,6944,84170.01497841408
2024-11-01,7253,74042.45606887118
2024-11-01,6956,65720.14607759638
2024-11-01,6747,57970.26429180586
2024-11-01,7033,72151.06297625514
2024-11-01,6571,70501.71837266709
2024-11-01,6695,72767.99898588416
2024-11-01,7136,74564.03441888971
2024-11-01,7254,70487.22906681536
2024-11-01,7172,60207.25421585196
2024-11-01,7054,68485.69959482385
2024-11-01,7121,62000.86650659593
2024-11-01,6686,71058.08199385346
2024-11-01,6724,66935.23243883958
2024-11-01,6957,71390.48923309962
2024-11-01,7283,69203.24524040197
2024-11-01,6552,70913.57187222232
2024-11-01,7078,51949.07016185858
2024-11-01,6994,81900.8740348144
2024-11-01,7202,73066.69515560853
2024-11-01,6402,69875.46494724459
2024-11-01,7175,69614.6145879378
2024-11-01,6043,72304.51279402415
2024-11-01,6395,72027.71441593191
2024-11-01,6931,60291.72903596822
2024-11-01,6082,71199.57038900981
2024-11-01,7003,73050.2504691172
2024-11-01,6594,71769.8373519334
2024-11-01,6884,75705.54040825156
2024-11-01,6740,58903.68989339926
2024-11-01,6367,65753.54364880343
2024-11-01,6789,70046.80002033636
2024-11-01,6634,69576.19460040472
2024-11-01,6600,70428.58037438705
2024-11-01,7189,63449.01569697015
2024-11-01,6120,70052.88128100435
2024-11-01,6940,70362.50520466459
2024-11-01,6304,69534.14150177652
2024-11-01,6801,58866.13739778623
2024-11-01,6929,69693.11846444872
2024-11-01,6774,65308.40653836328
2024-11-01,6858,68107.42163694125
2024-11-01,6756,58514.93579933648
2024-11-01,6520,70806.04749591752
2024-11-01,6374,69987.70495084401
2024-11-01,7222,102727.8473450513
2024-11-01,6630,69472.43290111312
2024-11-01,6249,70593.33251496624
2024-11-01,6882,69218.3925895558
2024-11-01,6558,70916.81733580134
2024-11-01,7239,147040.11292258414
2024-11-01,6514,69991.06904486475
2024-11-01,7193,73083.32820676113
2024-11-01,6411,61038.25775391858
2024-11-01,6438,68931.25143637464
2024-11-01,7038,74105.67319500688
2024-11-01,7075,64136.30191064941
2024-11-01,7011,69543.00651741374
2024-11-01,7225,70059.78526727558
2024-11-01,7198,132818.00263359243
2024-11-01,6754,57987.57823219135
2024-11-01,6757,52999.85231651527
2024-11-01,6666,73743.79373866809
2024-11-01,6583,64951.03267877508
2024-11-01,6647,70473.92466980139
2024-11-01,7197,69713.54331712902
2024-11-01,6250,69608.4786931005
2024-11-01,6430,102731.86304641938
2024-11-01,6635,70826.81841968185
2024-11-01,6291,62699.54880985062
2024-11-01,6838,68308.62431785373
2024-11-01,6559,70278.50677357089
2024-11-01,6952,66800.64269231209
2024-11-01,6443,74288.70685430359
2024-11-01,7092,75629.0511343782
2024-11-01,7111,66594.05741602855
2024-11-01,6385,70063.56782676773
2024-11-01,6437,75611.58426854011
2024-11-01,7010,70128.08371175932
2024-11-01,6727,67031.0353886814
2024-11-01,7256,74825.34743318488
2024-11-01,7042,74753.60315624007
2024-11-01,6872,61211.95026035781
2024-11-01,7208,70254.27098989693
2024-11-01,6810,69234.11926368097
2024-11-01,7144,74764.34457415642
2024-11-01,6737,72579.05468837962
2024-11-01,6268,70224.83954929461
2024-11-01,6025,72994.37183643036
2024-11-01,6410,59258.01479761522
2024-11-01,6432,69877.36649450325
2024-11-01,6909,72707.51553682475
2024-11-01,6839,56533.80684699285
2024-11-01,7274,68660.36681444885
2024-11-01,7096,69456.01593489209
2024-11-01,7185,57606.14970460964
2024-11-01,6565,74493.06103126342
2024-11-01,6731,72116.64506813946
2024-11-01,6663,71894.10273490775
2024-11-01,6829,69094.16397032143
2024-11-01,7180,57095.7437443046
2024-11-01,6939,70612.8083753412
2024-11-01,7209,56504.501393686856
2024-11-01,7007,69001.77363590088
2024-11-01,7137,71267.44664188755
2024-11-01,6436,71823.83776928659
2024-11-01,6342,69986.81401246371
2024-11-01,6297,69183.26908234792
2024-11-01,6797,71030.99066250584
2024-11-01,6668,74135.09914427894
2024-11-01,6585,76143.67929195311
2024-11-01,7085,73613.49708698694
2024-11-01,7087,75958.15510519032
2024-11-01,7013,68403.87218976457
2024-11-01,7126,63017.795411023886
2024-11-01,6351,69586.39443004319
2024-11-01,6876,73619.1287174939
2024-11-01,7201,68761.31389752633
2024-11-01,6266,72124.60151478079
2024-11-01,6439,71640.96129609592
2024-11-01,6719,66910.08585555902
2024-11-01,6335,66982.64990629502
2024-11-01,6456,73031.56606593655
2024-11-01,7067,73902.97666928715
2024-11-01,6453,71575.04164038064
2024-11-01,7178,81435.92664861286
2024-11-01,7104,73996.46087633402
2024-11-01,7122,74047.90358309523
2024-11-01,7221,70848.38479877234
2024-11-01,6246,67575.06376246425
2024-11-01,7207,108186.12423945928
2024-11-01,7182,69639.10181490934
2024-11-01,7155,70885.6670445108
2024-11-01,6953,62875.08702348616
2024-11-01,6564,73087.51390335728
2024-11-01,6522,68471.8907652212
2024-11-01,6441,72425.34719173817
2024-11-01,7227,73244.29099957157
2024-11-01,6503,65237.18925802004
2024-11-01,7080,65299.0261396166
2024-11-01,7159,82009.91931993657
2024-11-01,7106,71743.68613366799
2024-11-01,7140,68040.62963010023
2024-11-01,7248,72804.1005855922
2024-11-01,6588,74529.20383493646
2024-11-01,7186,59929.16916632292
2024-11-01,7241,59624.804763053085
2024-11-01,6644,71134.8573199638
2024-11-01,6661,70267.87642913115
2024-11-01,6295,73408.59630060912
2024-11-01,6370,67633.86008090402
2024-11-01,7005,71380.43750448345
2024-11-01,7091,72857.12816043173
2024-11-01,6496,69521.71005170658
2024-11-01,7260,69799.05492236215
2024-11-01,7037,64371.35268314819
2024-11-01,6352,73063.01511940926
2024-11-01,6577,69229.29688300578
2024-11-01,6752,64173.57153937817
2024-11-01,7131,69675.48920718899
2024-11-01,6911,72067.03724015896
2024-11-01,7267,78002.46510130123
2024-11-01,6590,71190.83171624871
2024-11-01,6870,70825.25551004108
2024-11-01,6429,67818.27597799782
2024-11-01,7275,73497.00637312265
2024-11-01,7076,69783.13869623467
2024-11-01,6368,68138.99559371558
2024-11-01,6414,68649.37161715333
2024-11-01,7296,69436.1485398404
2024-11-01,7282,72375.99640365524
2024-11-01,6758,53152.274940343355
2024-11-01,7210,68950.9514628341
2024-11-01,7066,63422.762779551085
2024-11-01,6602,57501.53481454924
2024-11-01,7006,69049.59875311071
2024-11-01,6753,54726.37661678786
2024-11-01,7292,70174.1276224114
2024-11-01,7105,78312.90661087848
2024-11-01,6856,70159.6918261527
2024-11-01,6963,68309.62198506128
2024-11-01,7295,69223.60484785814
2024-11-01,6997,73460.98596523241
2024-11-01,7250,63674.25427052955
2024-11-01,6792,60831.12363973986
2024-11-01,7206,76172.64997201631
2024-11-01,6918,73167.58028210374
2024-11-01,7216,70078.3065707884
2024-11-01,7008,70539.40324294248
2024-11-01,7063,65614.67684540276
2024-11-01,6824,66991.94589351563
2024-11-01,7108,70434.51185160615
2024-11-01,6804,72021.9910159388
2024-11-01,7068,69459.41276410516
2024-11-01,6325,69200.64618069532
2024-11-01,6942,65646.41066212465
2024-11-01,6788,69952.95456440614
2024-11-01,6317,70313.84320999685
2024-11-01,7065,69609.0944602412
2024-11-01,6809,69354.3029304877
2024-11-01,6817,73640.97900012706
2024-11-01,7190,62457.165401310864
2024-11-01,6536,57374.564536557344
2024-11-01,6844,69326.88742446009
2024-11-01,7272,73213.84106851374
2024-11-01,7110,69278.34504418481
2024-11-01,6603,69472.10852981365
2024-11-01,7072,61823.96967317219
2024-11-01,7145,69471.5117173114
2024-11-01,6487,71728.10551178083
2024-11-01,7149,72421.31922540654
2024-11-01,6675,71769.12674188995
2024-11-01,7217,70113.65549545977
2024-11-01,6689,71731.29117614709
2024-11-01,6490,70479.43837015543
2024-11-01,6759,57550.7773974804
2024-11-01,7266,67711.70841748753
2024-11-01,6567,70682.23959056489
2024-11-01,7012,66957.96919800337
2024-11-01,6626,70094.46779849897
2024-11-01,7027,70307.60068730265
2024-11-01,6504,68235.18556084328
2024-11-01,6616,77811.70510825964
2024-11-01,6569,66494.8250614089
2024-11-01,6524,69491.00948446129
2024-11-01,6730,56167.90275435426
2024-11-01,6345,72444.7989627993
2024-11-01,6357,68401.36974148078
2024-11-01,6518,69899.81839783391
2024-11-01,6928,73634.23793463771
2024-11-01,6167,72797.99317488399
2024-11-01,6676,70267.94400948695
2024-11-01,6327,69109.59351744545
2024-11-01,6974,65687.26295589453
2024-11-01,7245,69516.63166238053
2024-11-01,6846,73531.82139714799
2024-11-01,6632,70773.71392200695
2024-11-01,6725,70985.28729374244
2024-11-01,6960,76553.29915640893
2024-11-01,6658,60224.87139561816
2024-11-01,7084,63715.30139615769
2024-11-01,6387,69579.6516965749
2024-11-01,7062,61386.52250253961
2024-11-01,6798,80717.62677973462
2024-11-01,6298,60973.791783922694
2024-11-01,7146,73018.11860330321
2024-11-01,7097,70692.68829121291
2024-11-01,6213,70044.83704407564
2024-11-01,7040,65706.00262321235
2024-11-01,6812,67640.64697700489
2024-11-01,7101,71393.54095177838
2024-11-01,6779,66170.74474819169
2024-11-01,6254,70879.72928348354
2024-11-01,6782,59277.38866810305
2024-11-01,6446,73426.79468572234
2024-11-01,6794,62007.28609395346
2024-11-01,6969,70822.50540740529
2024-11-01,7125,69885.19405051433
2024-11-01,6328,71095.43491739896
2024-11-01,7009,79899.02078338113
2024-11-01,7053,62722.70989738911
2024-11-01,6451,71797.4945383705
2024-11-01,6905,61726.217562558704
2024-11-01,6869,70577.97502467019
2024-11-01,6803,62200.48095057205
2024-11-01,6633,53316.42250641084
2024-11-01,7090,74857.82071168488
2024-11-01,6715,69192.20390849105
2024-11-01,6954,63021.61258935475
2024-11-01,6568,70563.37467506612
2024-11-01,6407,66512.84065976572
2024-11-01,7280,68460.35713687762
2024-11-01,6866,70445.90383585382
2024-11-01,7050,57058.20404548494
2024-11-01,6776,70670.5270705169
2024-11-01,6921,73516.6956296817
2024-11-01,6854,70561.4295220777
2024-11-01,6853,60957.61744330473
2024-11-01,7150,70940.89140962048
2024-11-01,6741,68977.03867880153
2024-11-01,7165,59529.11309284519
2024-11-01,6728,71319.48973800127
2024-11-01,6863,70486.04939356934
2024-11-01,7287,70450.42456013913
2024-11-01,7152,69405.99258655761
2024-11-01,7117,67334.86663902878
2024-11-01,6320,72827.29178825708
2024-11-01,6875,71016.17365050798
2024-11-01,7014,71644.63862599654
2024-11-01,6851,64156.73236160326
2024-11-01,7019,58321.24295607917
2024-11-01,7226,70025.95013153335
2024-11-01,7151,69663.69464254429
2024-11-01,7036,70625.45891320845
2024-11-01,6764,64671.03027712837
2024-11-01,7249,62519.70532079529
2024-11-01,6232,77999.191019928
2024-11-01,6827,73166.16706618892
2024-11-01,6877,71379.38030858824
2024-11-01,7035,68965.36066159583
2024-11-01,6655,69080.19463159736
2024-11-01,7224,71903.3402259448
2024-11-01,6648,73720.17083516618
2024-11-01,6418,74917.10423374035
2024-11-01,7098,64076.97485226586
2024-11-01,6977,59018.75447030626
2024-11-01,6874,68942.17900765738
2024-11-01,6575,53373.787189383766
2024-11-01,7168,62766.947473204375
2024-11-01,6973,72537.51962104275
2024-11-01,6488,66163.18782133689
2024-11-01,6906,73700.63000172772
2024-11-01,6400,69281.81131821805
2024-11-01,7200,69171.05837579984
2024-11-01,6965,69632.5125047237
2024-11-01,7081,73618.3043827495
2024-11-01,6519,69857.753150091
2024-11-01,6624,57110.99070096536
2024-11-01,7195,72804.16944310987
2024-11-01,7073,72356.67673613982
2024-11-01,6531,67029.94244168999
2024-11-01,6420,72351.55579035876
2024-11-01,6636,71719.71816310036
2024-11-01,7016,70435.87889647938
2024-11-01,7017,72508.47964792754
2024-11-01,6680,66561.86247037446
2024-11-01,6406,74421.56253039392
2024-11-01,6826,68371.0878885408
2024-11-01,6845,70899.99644043697
2024-11-01,6476,69470.36152451643
2024-11-01,6425,60917.704860515485
2024-11-01,6516,73059.16821371617
2024-11-01,6681,72142.04562654038
2024-11-01,6538,57382.21549867876
2024-11-01,6447,68997.85874309334
2024-11-01,7211,68229.23599539204
2024-11-01,6562,72968.72383230535
2024-11-01,6372,67526.84848086305
2024-11-01,6549,71957.27959322209
2024-11-01,6892,69682.86626468792
2024-11-01,6591,0
2024-11-01,6491,0
2024-11-01,6448,0
2024-11-01,6949,0
2024-11-01,7218,0
2024-11-01,7273,0
2024-11-01,7212,0
2024-11-01,7192,52256.291939187024
2024-11-02,7182,68782.90440058454
2024-11-02,6268,70120.15411899364
2024-11-02,7020,72887.45530085133
2024-11-02,6942,64793.00327090927
2024-11-02,6881,60198.4472169103
2024-11-02,6396,70748.93409003188
2024-11-02,7248,71487.86233859674
2024-11-02,7110,69191.866723673
2024-11-02,7117,67734.05760966046
2024-11-02,6574,68185.92992494318
2024-11-02,6388,75461.5180561814
2024-11-02,6477,74596.98004469532
2024-11-02,6800,66933.0449913265
2024-11-02,6849,66249.99502137431
2024-11-02,6438,68687.87359826635
2024-11-02,7037,63842.67685612685
2024-11-02,6454,75604.05343829148
2024-11-02,7038,76656.48911688577
2024-11-02,6919,70946.68970321966
2024-11-02,6679,71951.1334572561
2024-11-02,6364,71957.1234487936
2024-11-02,6959,66603.10356789391
2024-11-02,6689,71604.48945765742
2024-11-02,6788,69997.61184141584
2024-11-02,6961,73533.14334907217
2024-11-02,6649,77676.87227090205
2024-11-02,6642,68794.39900831487
2024-11-02,6490,70489.37784200894
2024-11-02,6248,63333.54317320011
2024-11-02,7260,67691.7613544308
2024-11-02,6251,61506.64953720277
2024-11-02,6661,69980.35206139548
2024-11-02,6966,73431.80633102311
2024-11-02,7098,63902.9934924
2024-11-02,6903,78151.50445295064
2024-11-02,7091,73009.79657248063
2024-11-02,6863,70442.8485976386
2024-11-02,6722,63516.23294347045
2024-11-02,6906,76041.09936776468
2024-11-02,6456,73113.73074957418
2024-11-02,6590,74290.0796327567
2024-11-02,6507,69681.98744996884
2024-11-02,6563,70537.72538909354
2024-11-02,6348,68866.52737586579
2024-11-02,6635,70925.30987794878
2024-11-02,6418,75239.18468012915
2024-11-02,6726,71986.97278269164
2024-11-02,6501,71452.15072005065
2024-11-02,7049,67443.77352891614
2024-11-02,6453,71985.45109959065
2024-11-02,7210,69375.93602005622
2024-11-02,7238,73155.45020535347
2024-11-02,7171,58551.58880825447
2024-11-02,6852,65146.972758856864
2024-11-02,6496,69058.29003055308
2024-11-02,7072,60917.52485411851
2024-11-02,6727,67574.02614216635
2024-11-02,7031,67681.95991215069
2024-11-02,7197,69389.79850603244
2024-11-02,6905,61701.062024933766
2024-11-02,6829,69108.116169761
2024-11-02,7258,69639.96752728263
2024-11-02,6586,72980.47375884248
2024-11-02,6798,83793.26799841518
2024-11-02,6336,72654.9615770955
2024-11-02,6668,74110.75065588311
2024-11-02,7066,62958.30337902992
2024-11-02,6925,73206.54728989722
2024-11-02,7004,69191.82867805068
2024-11-02,6545,65739.13498699434
2024-11-02,7283,70116.78007739868
2024-11-02,6360,69407.63056198186
2024-11-02,6505,71664.40035751976
2024-11-02,6447,69000.47643574378
2024-11-02,7261,69527.17739986909
2024-11-02,6428,76687.30867344358
2024-11-02,6676,70177.47582263759
2024-11-02,6845,70881.57588777074
2024-11-02,6400,69133.9430106576
2024-11-02,6926,71580.95913380416
2024-11-02,7180,57579.52467653955
2024-11-02,6509,70558.71462256009
2024-11-02,7013,68369.99168298139
2024-11-02,6480,75472.80262642137
2024-11-02,6446,73154.09415049097
2024-11-02,7206,77038.93816414638
2024-11-02,7184,63448.416716847554
2024-11-02,7081,73318.1500672904
2024-11-02,7129,69071.34324646759
2024-11-02,6924,72274.94385942665
2024-11-02,7086,76304.52657904902
2024-11-02,6494,69960.82473706205
2024-11-02,7000,75144.21621100277
2024-11-02,7128,73387.53834568485
2024-11-02,7155,68893.72099241301
2024-11-02,6564,73579.28647606153
2024-11-02,6891,61493.17562978729
2024-11-02,7092,75418.35968345836
2024-11-02,6619,69477.88777801656
2024-11-02,7069,68031.04714458389
2024-11-02,7245,69175.7670363021
2024-11-02,7083,68084.41925609334
2024-11-02,6884,75816.18510003392
2024-11-02,6835,76072.43459670132
2024-11-02,6648,73475.81958808687
2024-11-02,6366,69860.10414176885
2024-11-02,6380,54341.92875751271
2024-11-02,6299,64285.56421069507
2024-11-02,6644,71093.99741540154
2024-11-02,6516,72430.97766397877
2024-11-02,6641,64730.21205189299
2024-11-02,6931,60983.67517690743
2024-11-02,6817,74031.43636688097
2024-11-02,7152,68833.61621302163
2024-11-02,6636,73687.2073177524
2024-11-02,6750,70157.73896374446
2024-11-02,6960,76434.42124785735
2024-11-02,6410,62556.23059908534
2024-11-02,6568,70495.14441012108
2024-11-02,7146,73223.27015006778
2024-11-02,6618,70792.04998157972
2024-11-02,7112,70008.99917990569
2024-11-02,6929,69840.95157860506
2024-11-02,7043,73223.30664772126
2024-11-02,7242,54688.5486823812
2024-11-02,6581,69471.91896914289
2024-11-02,6317,70285.28168956941
2024-11-02,7147,67671.48196509038
2024-11-02,6363,74759.42428216341
2024-11-02,6338,65778.67948384308
2024-11-02,6997,73717.87789657353
2024-11-02,6827,73283.37445620213
2024-11-02,6784,68344.68175811532
2024-11-02,7065,69636.74958539443
2024-11-02,6395,70971.69589810105
2024-11-02,7104,73762.72316904845
2024-11-02,6725,70953.54723814748
2024-11-02,7279,69880.0740560949
2024-11-02,7136,74519.06979989124
2024-11-02,7256,75150.85486990346
2024-11-02,6588,74703.6861604432
2024-11-02,6213,70082.52485530943
2024-11-02,6952,66621.98916182193
2024-11-02,7208,68776.40223444057
2024-11-02,6877,70328.49492522335
2024-11-02,6291,62546.26238182858
2024-11-02,6246,67615.95144395067
2024-11-02,7027,71345.67777889417
2024-11-02,6951,71498.33291438321
2024-11-02,7121,62553.444811984504
2024-11-02,6533,70344.98670852806
2024-11-02,6254,71099.60003444216
2024-11-02,6512,70738.55475602062
2024-11-02,6072,71091.3047552779
2024-11-02,6928,71771.71075580663
2024-11-02,6583,63624.25195869231
2024-11-02,6531,67224.37460476183
2024-11-02,6718,61691.004789899744
2024-11-02,7178,81217.1293707705
2024-11-02,6576,68840.48057928395
2024-11-02,7090,74798.36954363679
2024-11-02,7126,62478.70871032267
2024-11-02,6250,69725.65526830897
2024-11-02,7024,71832.25811102387
2024-11-02,6999,70243.75526931914
2024-11-02,7076,69676.25746490409
2024-11-02,6333,73309.32791438469
2024-11-02,6552,72212.25553999309
2024-11-02,6523,70760.15291271199
2024-11-02,6318,70944.22616139239
2024-11-02,6792,63019.172543406086
2024-11-02,6307,68805.97963179702
2024-11-02,7134,72988.05839539252
2024-11-02,7244,74439.94423352597
2024-11-02,7227,73299.98823330898
2024-11-02,7187,62958.739063986875
2024-11-02,7096,70036.90803418263
2024-11-02,7205,71778.26474717353
2024-11-02,6731,72222.20780898062
2024-11-02,6887,65094.29010892283
2024-11-02,7035,69203.363479111
2024-11-02,6385,69824.03672698382
2024-11-02,7157,72353.59582318929
2024-11-02,6921,73771.66703932782
2024-11-02,6853,61084.62421678639
2024-11-02,6777,61257.449501021045
2024-11-02,6332,69641.68918590249
2024-11-02,6335,67022.70671667336
2024-11-02,7216,69465.45963265901
2024-11-02,6956,64053.8654113988
2024-11-02,6043,72218.0748148441
2024-11-02,6666,73906.78295415133
2024-11-02,6504,67793.03401436667
2024-11-02,6431,77315.66032905183
2024-11-02,6736,73056.56418411646
2024-11-02,7292,70222.52216122272
2024-11-02,6803,62238.33077053393
2024-11-02,6797,72752.1897594093
2024-11-02,7159,81877.84999942541
2024-11-02,6585,71356.78644731245
2024-11-02,6538,56476.36766899378
2024-11-02,6978,74402.53130966642
2024-11-02,6686,70787.05844868686
2024-11-02,6382,72261.6934971541
2024-11-02,6423,70242.1925070984
2024-11-02,6675,71391.98020438832
2024-11-02,7050,57042.24374391523
2024-11-02,7111,66622.6339242345
2024-11-02,6669,69311.32904418571
2024-11-02,6601,70889.51980183845
2024-11-02,7236,72472.40034698037
2024-11-02,6681,72129.95122476753
2024-11-02,6904,60948.619998131566
2024-11-02,7281,70600.51244586406
2024-11-02,6373,73771.92642742157
2024-11-02,7131,69454.87720984864
2024-11-02,6745,56287.1258482291
2024-11-02,6267,69419.50270266885
2024-11-02,6439,71470.05799742587
2024-11-02,6756,59677.353523265825
2024-11-02,7250,63549.24243278645
2024-11-02,6662,69205.30256116898
2024-11-02,6957,71290.15335420992
2024-11-02,6896,70003.38792249576
2024-11-02,6687,72037.38607270496
2024-11-02,7075,64241.151690820305
2024-11-02,7275,74097.34506972662
2024-11-02,7240,71548.42238763566
2024-11-02,7113,56558.35496101699
2024-11-02,7251,67986.68753308704
2024-11-02,7040,65138.42958423338
2024-11-02,6846,73467.0962189294
2024-11-02,6357,68293.68666241366
2024-11-02,7087,75928.90207441025
2024-11-02,7185,57793.41590315316
2024-11-02,6559,70331.34484302688
2024-11-02,6804,72078.5308840131
2024-11-02,7289,71114.27579876632
2024-11-02,6427,71923.6433552171
2024-11-02,6754,57111.77242211344
2024-11-02,7018,57497.75649091786
2024-11-02,7253,74426.015567425
2024-11-02,6993,64789.73970317168
2024-11-02,6346,67421.63363666402
2024-11-02,6609,71137.27572014558
2024-11-02,6873,69899.80330227365
2024-11-02,6660,72200.11129870726
2024-11-02,6498,70280.54181444584
2024-11-02,6514,70039.95802657185
2024-11-02,7214,68738.0345510535
2024-11-02,7156,69833.95433923954
2024-11-02,6747,57364.96972523646
2024-11-02,7042,75599.89256487665
2024-11-02,6425,61364.10999732793
2024-11-02,7007,68911.34847858227
2024-11-02,6941,68503.8079009155
2024-11-02,6733,62870.89892490057
2024-11-02,6900,69470.59336822097
2024-11-02,7295,69043.87098359062
2024-11-02,6753,54284.51525485507
2024-11-02,7033,72160.04687249065
2024-11-02,7034,68997.0947813023
2024-11-02,7195,72612.8831054456
2024-11-02,6632,70378.58547555102
2024-11-02,6540,70945.54322939127
2024-11-02,6936,50912.48111394427
2024-11-02,7107,65413.47040783302
2024-11-02,6918,73488.67759213508
2024-11-02,6844,69020.61226248549
2024-11-02,6272,69927.58331946995
2024-11-02,6740,58906.59847714957
2024-11-02,6695,72802.71725423956
2024-11-02,7287,70469.45700713577
2024-11-02,6407,67621.15945145002
2024-11-02,6384,71098.02847895806
2024-11-02,6693,69619.01761498653
2024-11-02,6547,68209.05201291076
2024-11-02,7149,72531.44397361204
2024-11-02,6783,74851.39393147986
2024-11-02,6101,77803.04343075585
2024-11-02,6435,71580.16050394009
2024-11-02,6775,74268.94416161897
2024-11-02,7271,72285.25793446433
2024-11-02,6550,69041.05091588086
2024-11-02,7054,68818.31700254795
2024-11-02,6776,70277.59269942384
2024-11-02,6785,56445.16132391165
2024-11-02,7048,74500.90598673078
2024-11-02,6882,69782.15523006415
2024-11-02,7106,71963.17492534642
2024-11-02,6517,72729.64359774481
2024-11-02,6757,52566.70509929965
2024-11-02,6715,69203.48685253196
2024-11-02,6417,71782.11044779398
2024-11-02,6880,68924.9667842017
2024-11-02,7190,62191.47493701372
2024-11-02,6541,68597.91782202623
2024-11-02,7016,70155.67028595682
2024-11-02,6560,71368.52929268996
2024-11-02,6937,71063.65558744554
2024-11-02,7183,70462.96338584508
2024-11-02,7145,69071.73604443396
2024-11-02,6526,65970.26494611846
2024-11-02,6962,68161.86723421304
2024-11-02,6985,71057.13108547722
2024-11-02,6865,71538.94980066281
2024-11-02,6054,67318.97299780685
2024-11-02,7011,68958.73588691461
2024-11-02,6567,70736.15389931304
2024-11-02,6909,73269.71870314535
2024-11-02,6878,65436.152638961445
2024-11-02,6630,69449.67834709205
2024-11-02,7056,72607.29641611267
2024-11-02,6328,71445.42764629326
2024-11-02,6225,65689.39551544849
2024-11-02,7266,67697.79111219305
2024-11-02,6811,72222.39374624085
2024-11-02,7009,79742.96157418308
2024-11-02,6387,69485.50123617219
2024-11-02,6434,72427.47663152833
2024-11-02,6717,74734.85564352665
2024-11-02,6626,69753.83242270442
2024-11-02,7293,75510.47042347053
2024-11-02,6787,67858.17177904498
2024-11-02,6879,71930.06884833924
2024-11-02,7169,72523.89796635718
2024-11-02,7254,70523.12061263698
2024-11-02,6025,72905.1324239922
2024-11-02,7039,70811.30528583279
2024-11-02,7168,62482.839759209346
2024-11-02,7060,73656.64222653786
2024-11-02,6789,69896.41880881968
2024-11-02,7141,69898.94311861828
2024-11-02,7095,74217.61221843662
2024-11-02,6934,73425.07753862985
2024-11-02,6443,74536.72931856943
2024-11-02,6553,51583.307445514125
2024-11-02,6482,75234.80502166404
2024-11-02,6719,66630.63969283593
2024-11-02,6367,66987.76316156435
2024-11-02,6087,72647.55958121904
2024-11-02,7158,74672.81212774858
2024-11-02,6429,67896.75324429914
2024-11-02,7122,74031.22951699287
2024-11-02,6939,70591.72378168313
2024-11-02,7269,70279.23227653981
2024-11-02,7220,70085.4997105984
2024-11-02,6042,73863.09689076761
2024-11-02,6295,70065.82734678792
2024-11-02,6834,74447.41968062065
2024-11-02,7200,68899.57742389968
2024-11-02,6368,67880.80216857829
2024-11-02,6424,70854.27170617408
2024-11-02,6534,70197.76780599418
2024-11-02,6604,72658.90502090969
2024-11-02,6875,71056.09095782692
2024-11-02,6597,74498.44170833561
2024-11-02,6857,68302.22249715518
2024-11-02,6734,64049.05716858468
2024-11-02,6524,69505.71068833141
2024-11-02,6927,77832.42810595696
2024-11-02,7246,70842.47811079025
2024-11-02,6326,65297.77860603549
2024-11-02,6826,68034.01001276316
2024-11-02,7267,78201.80138815107
2024-11-02,6794,62220.880163908136
2024-11-02,6764,64748.55357335285
2024-11-02,6930,72193.053624856635
2024-11-02,7193,73084.09158944375
2024-11-02,6600,70922.22619365834
2024-11-02,6860,72066.24315090862
2024-11-02,6519,69853.5352011673
2024-11-02,7188,69241.15686887728
2024-11-02,6746,56873.9576274734
2024-11-02,6737,72370.30517788226
2024-11-02,7073,72812.88400281724
2024-11-02,6974,67760.07090378339
2024-11-02,6963,68389.41573460985
2024-11-02,6762,68497.70431237927
2024-11-02,6977,59299.82018139723
2024-11-02,6082,71083.62592131195
2024-11-02,7085,73149.15942005515
2024-11-02,6948,74390.72567241722
2024-11-02,6810,69217.05575314074
2024-11-02,6351,69464.68674869074
2024-11-02,6420,72602.30508036692
2024-11-02,7135,71727.92083740408
2024-11-02,7226,69296.01757855208
2024-11-02,6370,68971.6815314185
2024-11-02,6413,69379.73450501612
2024-11-02,6643,73859.08462206248
2024-11-02,6488,69384.24997460077
2024-11-02,6561,69864.41832623826
2024-11-02,6692,75699.19955257903
2024-11-02,7019,58258.07006340413
2024-11-02,6869,69989.70306206896
2024-11-02,6728,71534.957372783
2024-11-02,6967,69534.15646656168
2024-11-02,6327,69016.2078168664
2024-11-02,6954,63913.295694694185
2024-11-02,6088,70308.69613513944
2024-11-02,6833,75418.7182259109
2024-11-02,7217,69532.19550738054
2024-11-02,7213,68674.55648314534
2024-11-02,6304,69006.14867183703
2024-11-02,7006,68688.27927911737
2024-11-02,6897,68891.1841070094
2024-11-02,7223,67441.78470995366
2024-11-02,6350,68994.42839682945
2024-11-02,6767,71428.30210215978
2024-11-02,6455,66824.88205249418
2024-11-02,6313,70549.76496817128
2024-11-02,7291,57047.4712965584
2024-11-02,7222,99595.2812752752
2024-11-02,7070,74383.24403892441
2024-11-02,6536,57394.59673394159
2024-11-02,6763,71065.11971091197
2024-11-02,6664,78609.29457536346
2024-11-02,6973,72755.33537493182
2024-11-02,7097,70547.77237176956
2024-11-02,7077,71291.45435783558
2024-11-02,6769,65463.60474275623
2024-11-02,7196,70764.16505637352
2024-11-02,6663,72051.85325940333
2024-11-02,6631,68600.60910905345
2024-11-02,7032,64793.554566932246
2024-11-02,6487,71244.005074742
2024-11-02,6476,69395.74161689631
2024-11-02,7008,70366.3934189751
2024-11-02,6506,73886.98763950384
2024-11-02,7280,68713.58732794433
2024-11-02,6922,71758.9759334738
2024-11-02,6323,73819.15611973526
2024-11-02,6838,68456.7468564163
2024-11-02,7025,69915.78674924163
2024-11-02,7265,72840.68797892505
2024-11-02,7173,56735.77435410817
2024-11-02,6965,69681.87752357108
2024-11-02,6408,78093.77527512105
2024-11-02,6953,61995.948541806014
2024-11-02,6683,69465.44839126934
2024-11-02,6639,63201.06916287269
2024-11-02,6603,68369.42194827272
2024-11-02,6558,70934.05108602913
2024-11-02,6870,70833.46468278959
2024-11-02,7137,71106.05858891115
2024-11-02,7249,62695.62726389806
2024-11-02,6493,66176.82037685285
2024-11-02,6092,74639.92420520571
2024-11-02,7063,64210.93795659904
2024-11-02,6759,57146.51195019292
2024-11-02,6972,73309.31421225413
2024-11-02,6994,78095.38829853485
2024-11-02,6888,72539.81232319311
2024-11-02,6548,68460.4854032463
2024-11-02,6696,69990.03792260622
2024-11-02,7089,75938.21562986687
2024-11-02,7219,54989.30319281486
2024-11-02,6298,61243.3469795649
2024-11-02,7002,67249.00935779384
2024-11-02,7224,72191.10013008263
2024-11-02,7010,70162.12343357231
2024-11-02,6633,53120.47006535536
2024-11-02,6634,69231.58713431393
2024-11-02,6755,53723.39515441415
2024-11-02,6872,60919.33444655613
2024-11-02,6345,72406.76471258074
2024-11-02,7014,71717.59018083982
2024-11-02,6932,69257.14649584191
2024-11-02,6374,70421.97597420306
2024-11-02,6637,53550.54848741524
2024-11-02,7026,70065.48243993922
2024-11-02,7101,71598.26020471063
2024-11-02,6402,69937.07566054669
2024-11-02,7268,68479.21925889219
2024-11-02,6239,69216.07993354191
2024-11-02,6430,101959.55674446705
2024-11-02,6969,70901.84798576082
2024-11-02,7116,73993.50466564612
2024-11-02,7100,59399.74813380698
2024-11-02,6741,68369.99224033688
2024-11-02,6841,69430.98109173708
2024-11-02,6511,69608.41466600203
2024-11-02,6379,73010.99745889036
2024-11-02,6624,56999.269536840606
2024-11-02,6331,66859.48239690857
2024-11-02,6232,77658.67413313118
2024-11-02,7207,114532.82006293932
2024-11-02,6647,70295.79058728163
2024-11-02,6039,68894.93708721844
2024-11-02,6607,73584.1819333407
2024-11-02,7241,59747.904726318535
2024-11-02,6812,67611.75848398088
2024-11-02,6752,63192.11543598035
2024-11-02,6602,57564.25074001919
2024-11-02,6520,70615.37371068857
2024-11-02,6723,55508.348640331154
2024-11-02,7221,71504.54135569949
2024-11-02,7017,72212.40116440474
2024-11-02,7272,73338.92475064321
2024-11-02,6768,70701.39485200781
2024-11-02,7064,69997.83276578238
2024-11-02,6862,70050.72446639427
2024-11-02,6659,57191.79944370883
2024-11-02,6758,53510.031963889145
2024-11-02,6751,66790.75860561067
2024-11-02,7186,60261.62337777138
2024-11-02,6674,70053.29342727702
2024-11-02,6287,71264.01989894001
2024-11-02,6445,70469.37636596651
2024-11-02,6876,73218.58189217998
2024-11-02,7084,64002.71710415136
2024-11-02,7165,59647.87310527744
2024-11-02,6944,85412.53052782352
2024-11-02,6714,70962.96489921137
2024-11-02,6546,71793.62247413017
2024-11-02,6911,71560.36808159178
2024-11-02,6094,73588.34479802637
2024-11-02,6535,68757.75154583261
2024-11-02,7201,68807.53445932671
2024-11-02,6432,69682.71541679322
2024-11-02,6899,73282.96529425042
2024-11-02,7150,70778.67468006647
2024-11-02,7278,82896.88141864381
2024-11-02,6426,68605.05971840517
2024-11-02,6324,64599.31211268278
2024-11-02,6325,69230.61339125181
2024-11-02,6450,69601.5686121257
2024-11-02,7127,68860.0482408921
2024-11-02,6940,69970.14666099817
2024-11-02,6249,70432.26915516732
2024-11-02,7124,57427.11765560548
2024-11-02,7276,74630.0867741137
2024-11-02,7139,72424.86541962455
2024-11-02,6390,70810.51905313766
2024-11-02,7175,69470.6651857662
2024-11-02,7189,63510.29093394587
2024-11-02,6799,69979.21377648081
2024-11-02,6320,72072.36429396433
2024-11-02,6779,65362.353127410825
2024-11-02,7231,68834.94441256423
2024-11-02,7079,71058.86359343739
2024-11-02,6818,68585.03825401771
2024-11-02,6571,70490.8510889317
2024-11-02,7234,57184.67860195824
2024-11-02,6815,66527.16462495588
2024-11-02,6724,66995.98402102549
2024-11-02,6266,74150.4877971574
2024-11-02,6801,59434.696357779554
2024-11-02,7151,69243.01549407338
2024-11-02,6883,67769.548680933
2024-11-02,7028,70694.02589075443
2024-11-02,7062,61903.39856919751
2024-11-02,6716,70742.05291058982
2024-11-02,6406,73570.49328759547
2024-11-02,7202,73236.57449676939
2024-11-02,6475,70550.58547334271
2024-11-02,6577,69179.53565366671
2024-11-02,6436,71299.30530958543
2024-11-02,7282,72063.87742455253
2024-11-02,6885,70804.0676115706
2024-11-02,6923,69925.58288468636
2024-11-02,6297,68531.27628216524
2024-11-02,7125,69890.20036445213
2024-11-02,6813,68901.16320861911
2024-11-02,6858,68080.16333154228
2024-11-02,7021,70809.38529865243
2024-11-02,7274,67811.66625035624
2024-11-02,7005,71444.75813018494
2024-11-02,7296,69278.34786940704
2024-11-02,6861,68816.47244552923
2024-11-02,6680,66556.39705607234
2024-11-02,7030,69968.6090052257
2024-11-02,6245,70997.21805799559
2024-11-02,6120,70000.470774597
2024-11-02,6510,72260.75984629885
2024-11-02,6503,65159.627264196286
2024-11-02,6522,68366.56872861946
2024-11-02,6330,62810.823442794775
2024-11-02,7209,56759.17211024668
2024-11-02,7239,131373.50990687482
2024-11-02,6773,65012.12853259271
2024-11-02,6894,66528.80086978362
2024-11-02,6569,63848.92220132607
2024-11-02,6485,51149.65674415998
2024-11-02,6935,72643.31443120597
2024-11-02,7053,63020.52855720925
2024-11-02,6334,73528.87668836626
2024-11-02,6898,70730.1433841984
2024-11-02,6358,74371.28086756075
2024-11-02,6749,61330.42036510673
2024-11-02,7198,128343.99485913476
2024-11-02,7140,68066.52320773649
2024-11-02,6839,56746.30956049648
2024-11-02,7078,51658.71997872712
2024-11-02,6515,72343.39127572552
2024-11-02,7003,72443.78603139996
2024-11-02,6831,80639.66008007401
2024-11-02,6970,71692.30803161918
2024-11-02,6393,70841.03025663886
2024-11-02,6349,58112.903577576086
2024-11-02,6886,70147.14332606274
2024-11-02,6599,72844.2804742996
2024-11-02,6492,77788.98448870442
2024-11-02,6658,60272.93970745659
2024-11-02,6575,53066.783634543535
2024-11-02,7199,72975.16575225054
2024-11-02,7170,64334.86264729236
2024-11-02,6774,67302.37241224747
2024-11-02,6968,67445.10773474304
2024-11-02,6518,70029.3197260718
2024-11-02,6830,73421.06391791561
2024-11-02,6580,68007.59592663827
2024-11-02,6629,73749.04277991512
2024-11-02,7108,70675.09405515915
2024-11-02,6544,68230.59917191447
2024-11-02,6842,68732.30879753629
2024-11-02,6594,72269.95805607727
2024-11-02,7067,75130.62515643428
2024-11-02,6565,74620.60486050173
2024-11-02,7174,72228.43564373498
2024-11-02,6780,70279.6128490134
2024-11-02,7080,65384.1311177332
2024-11-02,6616,77688.81656346875
2024-11-02,7022,68380.10041525045
2024-11-02,6670,72495.9868000497
2024-11-02,6389,71913.41844926539
2024-11-02,6809,69332.19017837079
2024-11-02,6441,72038.09606247362
2024-11-02,7036,70704.02308017002
2024-11-02,6761,69224.19343186417
2024-11-02,6866,70448.56478765617
2024-11-02,6582,70081.17644866424
2024-11-02,6824,67087.84450232703
2024-11-02,6598,78321.89418639058
2024-11-02,6411,61816.68401056687
2024-11-02,7288,69472.57035346715
2024-11-02,6554,53659.409004785775
2024-11-02,7047,91333.45632307012
2024-11-02,6414,68156.36556924868
2024-11-02,6832,75614.19060926375
2024-11-02,7109,63527.3600159819
2024-11-02,6352,74364.37558746597
2024-11-02,6167,73015.39904791664
2024-11-02,6392,99915.99429463375
2024-11-02,6856,70278.57330240899
2024-11-02,6398,85142.04570951573
2024-11-02,6854,72027.8254693785
2024-11-02,7225,69580.84870410836
2024-11-02,7068,69355.28309065162
2024-11-02,7115,69837.98261713315
2024-11-02,6851,64468.74371817958
2024-11-02,7052,68760.53704001212
2024-11-02,6525,75012.02937351674
2024-11-02,6971,71735.17311505151
2024-11-02,6562,72919.67015063741
2024-11-02,6316,71037.47769155006
2024-11-02,6451,71914.00058596404
2024-11-02,7144,74965.93305918989
2024-11-02,7012,66867.60451098396
2024-11-02,7105,78331.04175336573
2024-11-02,6933,66951.55367372523
2024-11-02,6874,68499.27897980154
2024-11-02,7172,61677.44450119908
2024-11-02,7211,68312.39512387173
2024-11-02,6655,69018.2107042221
2024-11-02,6730,56860.18501335273
2024-11-02,6623,66201.18672047068
2024-11-02,6329,68706.28187308642
2024-11-02,7130,62542.69314799218
2024-11-02,6508,70309.54914105716
2024-11-02,6437,76861.79165584895
2024-11-02,6452,75072.48781114435
2024-11-02,6549,72509.87091779005
2024-11-02,6782,58918.79078112302
2024-11-02,6448,0
2024-11-02,6892,71008.78030401599
2024-11-02,6591,0
2024-11-02,6491,0
2024-11-02,6949,0
2024-11-02,7218,0
2024-11-02,7212,0
2024-11-02,7192,57264.87481033303
2024-11-02,7273,0
2024-11-03,6254,71151.88955178297
2024-11-03,6266,74797.98724061996
2024-11-03,6741,68838.40903295645
2024-11-03,6758,52947.43809266659
2024-11-03,6493,66222.79804722298
2024-11-03,7140,68514.15130910171
2024-11-03,6600,71274.12947976854
2024-11-03,7152,68401.06786370499
2024-11-03,6857,68309.58947352137
2024-11-03,6624,57451.31591890015
2024-11-03,7217,69928.75694716308
2024-11-03,6934,73807.96804635509
2024-11-03,6962,66152.7485706074
2024-11-03,6661,69986.21338854494
2024-11-03,6512,70605.84247073895
2024-11-03,6364,72665.17502043827
2024-11-03,6480,75538.64349107126
2024-11-03,7005,71097.98333448987
2024-11-03,6891,57222.15078074475
2024-11-03,7049,67139.48557152596
2024-11-03,6410,62911.73688563641
2024-11-03,7030,69748.29372577257
2024-11-03,6328,71422.05651378955
2024-11-03,7022,68124.35747020756
2024-11-03,6501,71693.60971267743
2024-11-03,6360,67408.69992508904
2024-11-03,7189,63401.859731143304
2024-11-03,6877,70334.94443459045
2024-11-03,6511,69156.69925769052
2024-11-03,7009,79921.37501989366
2024-11-03,7019,58271.80327008495
2024-11-03,6546,71024.30718747989
2024-11-03,6601,70914.35613048926
2024-11-03,6777,62281.739756797106
2024-11-03,7266,67369.42321825885
2024-11-03,7261,69608.17281261095
2024-11-03,6763,70973.72343861646
2024-11-03,7064,69312.76824354685
2024-11-03,6967,69728.22468518518
2024-11-03,6424,70655.59004035535
2024-11-03,6956,62932.79303590922
2024-11-03,7170,64282.5407200523
2024-11-03,6875,70354.20341702635
2024-11-03,6861,68892.01628586376
2024-11-03,6618,70852.04427021209
2024-11-03,6318,69897.7383690429
2024-11-03,7256,74690.84490912428
2024-11-03,6815,67080.49560648743
2024-11-03,6800,67007.0929241067
2024-11-03,7206,76795.18584567452
2024-11-03,7168,62177.30518467043
2024-11-03,6439,71898.69048350316
2024-11-03,7011,69627.00698874757
2024-11-03,7293,75391.10514449276
2024-11-03,6316,70957.31189490191
2024-11-03,6937,71123.4484022148
2024-11-03,6686,70878.98503261103
2024-11-03,6101,77572.64972242479
2024-11-03,6043,72097.94279245012
2024-11-03,6734,63895.04610166892
2024-11-03,7025,69480.67938216524
2024-11-03,6829,68587.47352774373
2024-11-03,6882,69118.5790764789
2024-11-03,6830,73268.74578468445
2024-11-03,7108,70519.31396934339
2024-11-03,6516,71449.07892635395
2024-11-03,7253,73910.79258214857
2024-11-03,6299,64319.113275731725
2024-11-03,7091,72407.64965732352
2024-11-03,6597,74245.28256728282
2024-11-03,6272,69497.0625396281
2024-11-03,6575,52980.96617890906
2024-11-03,7146,73177.50740022954
2024-11-03,6350,67214.8437404469
2024-11-03,7054,68521.08841937971
2024-11-03,6583,64415.17664333571
2024-11-03,6792,62267.88016897901
2024-11-03,6039,68726.94560501022
2024-11-03,6662,69295.68295027035
2024-11-03,6919,70952.31378054176
2024-11-03,6374,69904.18266477648
2024-11-03,6885,70726.20943904978
2024-11-03,6866,69560.89680558302
2024-11-03,7198,127264.01972546038
2024-11-03,6811,72044.06618293494
2024-11-03,7201,68899.79726632626
2024-11-03,6446,72159.04576840601
2024-11-03,7039,69804.89363637952
2024-11-03,6477,74649.01237805774
2024-11-03,6730,56916.539700357825
2024-11-03,6896,69924.0977187796
2024-11-03,6666,73881.22225366169
2024-11-03,7078,51706.56559025659
2024-11-03,6775,74539.51003391
2024-11-03,7014,74847.1421835045
2024-11-03,6485,50479.25426294919
2024-11-03,7060,73624.28095620188
2024-11-03,6054,68118.17297586903
2024-11-03,7278,83726.677885665
2024-11-03,6406,73620.7526035355
2024-11-03,6675,71435.2388111435
2024-11-03,6824,67187.65299412851
2024-11-03,7007,68960.27481615258
2024-11-03,6740,58939.929250691144
2024-11-03,7214,67824.95465491057
2024-11-03,6447,69011.33637179348
2024-11-03,7042,75205.68705976622
2024-11-03,6616,77036.55033778377
2024-11-03,6736,74205.70867532154
2024-11-03,6959,66440.32517443656
2024-11-03,6536,57268.91406584883
2024-11-03,7271,72843.72701240616
2024-11-03,6923,70568.45464167897
2024-11-03,7149,72376.16765920674
2024-11-03,6582,69301.57569016142
2024-11-03,6727,67662.12075302041
2024-11-03,6768,71160.27365951557
2024-11-03,7105,78066.34760495061
2024-11-03,6552,72295.28473691114
2024-11-03,6295,72834.72302204197
2024-11-03,6505,71288.25698826725
2024-11-03,7197,68786.63078298581
2024-11-03,7050,65235.15455923202
2024-11-03,6594,72105.49781205652
2024-11-03,6812,67763.94188645763
2024-11-03,6317,70291.60690968952
2024-11-03,6787,66687.30923143546
2024-11-03,6398,84660.6110315724
2024-11-03,7048,73963.62806168725
2024-11-03,6668,74102.64546015962
2024-11-03,7111,66804.28829127384
2024-11-03,6754,56536.687635264694
2024-11-03,6925,73136.15230523645
2024-11-03,6358,73305.14943306721
2024-11-03,7008,70912.89416125092
2024-11-03,6402,69394.30100262782
2024-11-03,7193,73086.26999703575
2024-11-03,6884,75414.27012458663
2024-11-03,7282,71893.47117842082
2024-11-03,7136,74815.68729819072
2024-11-03,6225,64976.63049522803
2024-11-03,6239,69204.64631375576
2024-11-03,7113,56508.05666703264
2024-11-03,7127,68497.21824858525
2024-11-03,6940,70182.30466715545
2024-11-03,6722,62779.16310719152
2024-11-03,6443,73958.79046871421
2024-11-03,7077,71815.58826937794
2024-11-03,6475,70464.80785018373
2024-11-03,7075,64202.672344177816
2024-11-03,6764,64732.42320797188
2024-11-03,6664,78164.25187873369
2024-11-03,6870,70495.51957176242
2024-11-03,7184,64888.95232558159
2024-11-03,6514,69772.2407043221
2024-11-03,6602,59111.91328925908
2024-11-03,6540,70905.84746432079
2024-11-03,6338,65540.09652917628
2024-11-03,6297,68107.4073289697
2024-11-03,6878,65724.62279688881
2024-11-03,6534,70539.92627982123
2024-11-03,6379,71684.54369493248
2024-11-03,7175,69558.46620845953
2024-11-03,7260,69266.10968470582
2024-11-03,6993,67876.64343991343
2024-11-03,7199,73080.24077484016
2024-11-03,7182,68366.39332567886
2024-11-03,6504,67698.76430733484
2024-11-03,7135,70223.9762576691
2024-11-03,6436,71515.45964620271
2024-11-03,6607,73757.47036967862
2024-11-03,7245,69269.71705509916
2024-11-03,7281,70604.8871926664
2024-11-03,6545,65551.47646969972
2024-11-03,7003,72628.71364350106
2024-11-03,6588,74608.9813866378
2024-11-03,6249,70439.63713882574
2024-11-03,7037,63911.01781943182
2024-11-03,7186,60099.07697894227
2024-11-03,7188,69174.76425285159
2024-11-03,6898,70533.83521362586
2024-11-03,6874,68191.61341618994
2024-11-03,7072,61291.658570086794
2024-11-03,6348,68047.55897753597
2024-11-03,6507,68769.7001390566
2024-11-03,6351,69219.25807776686
2024-11-03,6373,73959.77195480646
2024-11-03,6753,54173.33393484862
2024-11-03,7100,59335.6228366836
2024-11-03,6531,66857.94208869655
2024-11-03,7004,68968.60274586665
2024-11-03,7087,76262.17189369361
2024-11-03,7110,68959.65079456249
2024-11-03,6407,68534.55166525477
2024-11-03,7227,73466.81750244818
2024-11-03,7248,72173.96564612494
2024-11-03,7174,71322.42682495643
2024-11-03,7226,69848.9884350217
2024-11-03,6900,69650.43388411765
2024-11-03,6839,56352.44117011026
2024-11-03,6544,67550.80503583988
2024-11-03,7222,97842.80514848304
2024-11-03,6897,69497.53902402343
2024-11-03,6716,70469.68811083034
2024-11-03,7067,74815.41613163604
2024-11-03,6953,62573.64082824524
2024-11-03,6723,55516.548285193814
2024-11-03,6644,71499.19527202126
2024-11-03,6731,70830.28529133213
2024-11-03,6526,65099.61724491725
2024-11-03,6598,78335.84689042132
2024-11-03,6968,67655.49639176989
2024-11-03,6906,76061.91843608125
2024-11-03,7223,67238.19437907997
2024-11-03,7195,72445.6277465215
2024-11-03,6025,72939.97426386339
2024-11-03,6659,57821.93120457523
2024-11-03,7040,65077.88913211384
2024-11-03,6880,68495.62072996507
2024-11-03,7283,69885.64522467407
2024-11-03,6558,70882.94133920029
2024-11-03,7098,63638.4714049749
2024-11-03,6408,77446.4248585981
2024-11-03,7090,74927.05060682408
2024-11-03,6366,69804.22550248768
2024-11-03,6392,100206.5125865856
2024-11-03,6965,69789.96735104539
2024-11-03,6396,70567.94191260642
2024-11-03,7115,69580.04313759637
2024-11-03,6876,65486.73841121439
2024-11-03,7124,57124.926037134865
2024-11-03,6522,67994.32946653171
2024-11-03,7134,72895.19420228044
2024-11-03,7043,71263.2808328598
2024-11-03,6679,72047.07052031919
2024-11-03,6367,67497.97364204572
2024-11-03,7171,58539.34760516978
2024-11-03,6851,64111.94032644914
2024-11-03,7066,62803.709238447234
2024-11-03,6515,71699.37884359622
2024-11-03,6553,50582.68083544954
2024-11-03,6307,68207.49987263863
2024-11-03,6903,78568.23663423397
2024-11-03,7288,69414.27732314874
2024-11-03,6400,69182.65012910377
2024-11-03,7121,61896.596371019725
2024-11-03,7258,69727.16873825165
2024-11-03,6535,68418.68601811718
2024-11-03,6541,68539.2256857049
2024-11-03,6626,69634.18933998558
2024-11-03,7117,67697.52343876178
2024-11-03,6747,56937.88850533509
2024-11-03,6886,70103.63130343401
2024-11-03,6858,68076.1102974663
2024-11-03,6951,71405.97646971438
2024-11-03,6757,52699.21531670581
2024-11-03,7018,57482.059487406616
2024-11-03,6455,67138.39041437485
2024-11-03,7187,62951.65540951426
2024-11-03,6773,64699.6057865631
2024-11-03,7196,70410.44088886752
2024-11-03,6944,84397.71220421158
2024-11-03,6487,71902.5397729719
2024-11-03,7086,76326.2049456856
2024-11-03,6853,61049.451943249434
2024-11-03,6810,68208.46274887545
2024-11-03,6942,64843.80008015573
2024-11-03,6715,69238.69444837417
2024-11-03,7165,58282.31385043831
2024-11-03,7205,71606.63918055242
2024-11-03,6921,73269.80048078424
2024-11-03,6385,69425.10531740612
2024-11-03,6345,72333.25938168501
2024-11-03,6445,70429.25372483704
2024-11-03,6985,71545.70596244432
2024-11-03,6803,61741.73919741935
2024-11-03,6883,67133.41485913396
2024-11-03,6590,74599.75882729009
2024-11-03,7289,71098.22702871538
2024-11-03,6817,73762.25464950896
2024-11-03,6324,64505.05602308812
2024-11-03,6629,73974.72429014787
2024-11-03,6320,72109.90556740566
2024-11-03,6498,71023.57368063452
2024-11-03,6431,77336.48387663258
2024-11-03,6488,68940.12404839101
2024-11-03,6395,71263.56457759367
2024-11-03,7202,73323.78075439399
2024-11-03,7070,74654.82876647457
2024-11-03,6761,69270.5487329325
2024-11-03,7279,71197.9274614802
2024-11-03,7107,65362.300767055414
2024-11-03,6631,68501.93966916465
2024-11-03,6724,65895.25704271508
2024-11-03,6905,61833.381706895205
2024-11-03,7173,56657.55397105495
2024-11-03,6872,60286.89959710591
2024-11-03,7276,74647.99159141832
2024-11-03,6492,77846.01765679217
2024-11-03,6929,69925.75231892047
2024-11-03,7026,69586.9636469508
2024-11-03,7084,64034.29037732701
2024-11-03,7137,71184.41948177491
2024-11-03,7079,70455.71178697422
2024-11-03,6313,70620.76205694691
2024-11-03,6683,69533.26578226441
2024-11-03,7056,72526.50915833274
2024-11-03,6325,69604.77360069587
2024-11-03,6438,68255.18965085421
2024-11-03,6999,69158.88875826767
2024-11-03,7089,75855.38766543848
2024-11-03,6569,66752.82098869735
2024-11-03,6879,71121.81978129169
2024-11-03,6435,71107.58260852877
2024-11-03,7208,68877.93964107116
2024-11-03,6384,71279.78388904096
2024-11-03,6092,74653.17070020273
2024-11-03,7190,62287.061616481995
2024-11-03,6429,67433.76328612937
2024-11-03,6922,71674.28728546911
2024-11-03,7033,72053.61297099879
2024-11-03,6966,72707.16850205326
2024-11-03,7053,62977.77551877414
2024-11-03,6813,68441.11434087667
2024-11-03,7032,64808.53762695888
2024-11-03,6357,67666.00646927925
2024-11-03,7275,74197.30909009333
2024-11-03,7169,72668.21689952441
2024-11-03,7147,67531.30421801425
2024-11-03,6094,73627.9369420931
2024-11-03,6246,68521.5408309333
2024-11-03,6565,74634.99829281453
2024-11-03,7069,67746.39852424551
2024-11-03,6451,70818.03527410705
2024-11-03,6563,70167.69092955602
2024-11-03,6547,67616.4905707733
2024-11-03,6797,73023.54623346019
2024-11-03,7287,70075.10656395399
2024-11-03,6939,70225.46258162451
2024-11-03,7131,68492.59675491211
2024-11-03,6250,69584.74815838627
2024-11-03,6888,72689.26655233256
2024-11-03,6332,69618.36643947163
2024-11-03,6642,68841.5179649115
2024-11-03,6637,52828.96380375972
2024-11-03,6387,69281.59962416938
2024-11-03,6571,70759.3794394894
2024-11-03,6441,71779.83652368755
2024-11-03,6733,62987.89308539404
2024-11-03,6517,72770.71383517885
2024-11-03,6961,73767.05443247576
2024-11-03,6936,50716.66864554542
2024-11-03,7211,68231.37300213678
2024-11-03,6948,73161.43517955203
2024-11-03,6801,59108.92663321319
2024-11-03,6692,75747.35525250084
2024-11-03,7073,72766.96814828018
2024-11-03,6726,71942.3819737181
2024-11-03,6899,73241.345461245
2024-11-03,6970,72442.04905678316
2024-11-03,7145,69362.03229932988
2024-11-03,7225,69804.3969111408
2024-11-03,6417,71669.98781502376
2024-11-03,6538,56221.63457460479
2024-11-03,7158,74429.36283221829
2024-11-03,6972,73375.68513316195
2024-11-03,6658,60494.88379340096
2024-11-03,6519,69955.90644760714
2024-11-03,6331,66187.16210068577
2024-11-03,6603,68162.82976672609
2024-11-03,6680,65549.42323372468
2024-11-03,6881,60619.437787928306
2024-11-03,7274,67684.4730637146
2024-11-03,6856,68845.25118011348
2024-11-03,6717,74666.75145206251
2024-11-03,7024,69205.70990809187
2024-11-03,6941,68394.46366031148
2024-11-03,7017,72094.69301001419
2024-11-03,6696,69999.04398332226
2024-11-03,6971,71892.72546068681
2024-11-03,6370,67988.62162534457
2024-11-03,7139,70460.82893130899
2024-11-03,6550,69068.48114802099
2024-11-03,6862,69974.11305010306
2024-11-03,6426,68450.33287864292
2024-11-03,6413,69547.88962603152
2024-11-03,6574,68218.35940846073
2024-11-03,6849,66303.49594583172
2024-11-03,6634,69243.18775583924
2024-11-03,6418,73443.44476426727
2024-11-03,6834,74378.72451798184
2024-11-03,6935,73187.53815971655
2024-11-03,7269,70329.44321378996
2024-11-03,7035,68912.42218209422
2024-11-03,6756,59054.162155681115
2024-11-03,7085,73186.2194866597
2024-11-03,7155,68871.51262111742
2024-11-03,6042,74211.45262408325
2024-11-03,6904,61819.054761308864
2024-11-03,6759,57529.21548263649
2024-11-03,7034,68953.63668691723
2024-11-03,6326,63925.62698121528
2024-11-03,6388,75607.81172823478
2024-11-03,6576,68576.409855751
2024-11-03,6894,65163.24305192093
2024-11-03,6779,66077.82123528229
2024-11-03,6632,70407.50127898381
2024-11-03,6630,68466.69219145962
2024-11-03,6932,68569.5874016888
2024-11-03,6323,66489.91988154706
2024-11-03,6432,69612.82741854739
2024-11-03,6689,71571.88889505564
2024-11-03,6523,70698.77974156999
2024-11-03,6911,71556.87863861195
2024-11-03,6389,71799.57480643516
2024-11-03,6963,66927.38736113817
2024-11-03,6267,68348.75992212379
2024-11-03,7012,66935.59538383206
2024-11-03,6928,71825.57040975199
2024-11-03,6762,68643.65812085204
2024-11-03,7016,70378.16764245115
2024-11-03,7159,80835.39801943381
2024-11-03,6841,69281.4455500189
2024-11-03,6660,72353.38695113322
2024-11-03,6368,67685.17785729351
2024-11-03,6835,75687.44460189166
2024-11-03,6382,71879.83700232516
2024-11-03,6476,69242.21599897783
2024-11-03,7038,76795.09443597528
2024-11-03,6785,56095.37718087962
2024-11-03,6635,70672.08332708619
2024-11-03,6789,69694.14310417956
2024-11-03,7080,65385.78769098035
2024-11-03,6564,73323.99368135833
2024-11-03,7239,143214.11362195495
2024-11-03,6769,66829.72199045506
2024-11-03,6804,73805.01179998026
2024-11-03,7246,70865.72597492028
2024-11-03,7178,80937.76383261585
2024-11-03,6746,56165.65154181668
2024-11-03,6647,70339.14783113157
2024-11-03,7128,74024.30553435184
2024-11-03,6973,72731.8104818247
2024-11-03,7242,54292.76062385491
2024-11-03,6663,71885.8466735757
2024-11-03,6087,72183.64917176796
2024-11-03,7280,68476.61336038457
2024-11-03,6580,67235.14478744526
2024-11-03,6783,75042.24984113507
2024-11-03,6562,72157.27719249167
2024-11-03,6927,77831.57401562129
2024-11-03,7268,67745.56233933724
2024-11-03,6568,70714.60118210441
2024-11-03,6509,70973.40432933687
2024-11-03,6681,72299.86164215718
2024-11-03,6393,70914.67076463063
2024-11-03,7122,74237.12982442591
2024-11-03,6997,72769.57020918497
2024-11-03,6287,70719.41368098868
2024-11-03,6533,70304.10123566956
2024-11-03,7097,70414.37352112892
2024-11-03,7234,56067.04228936712
2024-11-03,7106,71295.95242637944
2024-11-03,6854,72228.95725172388
2024-11-03,6496,68443.49666656092
2024-11-03,6333,73229.69947167646
2024-11-03,7141,69860.22898672866
2024-11-03,6604,72509.64812704512
2024-11-03,6548,68111.32286232889
2024-11-03,6599,72547.03318200789
2024-11-03,7036,70697.59411106187
2024-11-03,7291,54985.41448251716
2024-11-03,6887,64785.436258966154
2024-11-03,6827,73469.13395220976
2024-11-03,7231,67899.80790502173
2024-11-03,7052,68367.58345261334
2024-11-03,6818,68381.40647892485
2024-11-03,6767,71111.70477834661
2024-11-03,7013,68226.31726076166
2024-11-03,6414,68359.72585851375
2024-11-03,6845,71669.2029618149
2024-11-03,6453,70382.369120392
2024-11-03,6639,62033.02031239096
2024-11-03,6969,70344.7011662139
2024-11-03,6865,71530.19857382467
2024-11-03,7241,60087.08518109491
2024-11-03,6330,61682.350658417294
2024-11-03,6809,68868.33483601807
2024-11-03,6434,73280.06418578481
2024-11-03,6798,82617.38434481648
2024-11-03,6695,72535.5460436567
2024-11-03,6554,50045.21889986184
2024-11-03,6425,60713.039662420706
2024-11-03,6520,70632.68230291101
2024-11-03,7150,69201.34327774041
2024-11-03,7096,69950.74423023914
2024-11-03,6623,66479.68922838008
2024-11-03,7219,56423.29616864283
2024-11-03,6268,69959.51209054343
2024-11-03,6482,73586.25843811978
2024-11-03,6082,70990.56234355106
2024-11-03,6960,76454.71938141336
2024-11-03,6518,70079.20536023157
2024-11-03,6423,70312.75936013747
2024-11-03,6952,66801.86845710738
2024-11-03,6567,70006.38958761578
2024-11-03,7254,70504.22828919927
2024-11-03,7267,77757.88201814529
2024-11-03,6655,69165.95391374317
2024-11-03,6676,70213.42967784913
2024-11-03,7251,72134.05958112383
2024-11-03,6510,72520.77094909143
2024-11-03,6838,68369.40418005628
2024-11-03,6750,69620.82150701509
2024-11-03,6334,73539.39840547991
2024-11-03,6641,64558.587732168606
2024-11-03,6506,73670.83701871295
2024-11-03,6794,61611.47656774026
2024-11-03,6503,65172.99014859439
2024-11-03,6454,75762.6975290635
2024-11-03,6719,66819.10038961594
2024-11-03,7104,75932.2854386321
2024-11-03,7028,71289.68730769558
2024-11-03,6559,70532.38267315997
2024-11-03,6833,75279.47988818429
2024-11-03,6869,69675.94950849238
2024-11-03,6930,70982.66955244714
2024-11-03,6586,71555.35938899545
2024-11-03,7292,70100.34639480073
2024-11-03,6420,72673.6656428427
2024-11-03,6718,61988.62457648996
2024-11-03,7216,70028.93468541681
2024-11-03,6669,68918.13520444953
2024-11-03,6335,66747.42844987333
2024-11-03,7272,73228.72449715345
2024-11-03,7185,56690.51421207794
2024-11-03,6714,71090.23652447568
2024-11-03,7250,63521.71379960905
2024-11-03,6494,69856.06066847124
2024-11-03,6561,69676.63370138468
2024-11-03,6751,65791.26751565188
2024-11-03,6670,72471.0511516184
2024-11-03,7144,73991.45371325762
2024-11-03,7101,71645.8810251467
2024-11-03,6725,71171.41989023398
2024-11-03,6329,68578.94789193347
2024-11-03,6248,63526.17884712525
2024-11-03,7296,69247.78491460148
2024-11-03,6577,67394.36210584405
2024-11-03,7020,72743.4175171246
2024-11-03,6643,73447.45793767543
2024-11-03,6245,68151.85507466964
2024-11-03,7027,70701.34357699666
2024-11-03,7000,75258.77015159851
2024-11-03,6832,75252.59199227538
2024-11-03,7238,73246.88608716894
2024-11-03,7236,72089.92433789663
2024-11-03,6232,77842.9492406217
2024-11-03,6926,71654.17372800398
2024-11-03,6957,72861.30428472723
2024-11-03,6390,70806.19377168942
2024-11-03,6737,72188.7804767552
2024-11-03,7156,69406.51031818864
2024-11-03,6826,67499.71502719959
2024-11-03,7210,68519.0661394923
2024-11-03,7240,71550.4756170581
2024-11-03,6524,69571.8313431927
2024-11-03,6490,70444.13232328846
2024-11-03,7083,68266.76651830752
2024-11-03,7125,69886.57933584854
2024-11-03,6633,53146.84743056925
2024-11-03,6456,73028.96973434597
2024-11-03,7244,74175.29746162774
2024-11-03,6863,69217.31359726255
2024-11-03,6327,68344.83088964738
2024-11-03,6636,73648.61134082061
2024-11-03,6349,58359.184679378064
2024-11-03,7031,67360.9003971965
2024-11-03,7213,68523.03281001953
2024-11-03,6799,70030.43272888343
2024-11-03,6363,74683.93577351041
2024-11-03,7151,69226.28374191665
2024-11-03,6648,73411.99805247171
2024-11-03,6346,67107.88868351211
2024-11-03,6728,70705.93055483588
2024-11-03,6755,53427.51700399115
2024-11-03,6687,71927.03640503291
2024-11-03,7295,68299.2706308775
2024-11-03,6909,72947.16296932015
2024-11-03,6994,78099.88275492223
2024-11-03,7129,67071.57196500819
2024-11-03,6860,72144.2455803157
2024-11-03,6842,67769.604194185
2024-11-03,6780,70185.46718886407
2024-11-03,7249,61395.64056072982
2024-11-03,7112,70101.82854064224
2024-11-03,7062,61530.78908695473
2024-11-03,6674,69055.92589661127
2024-11-03,6450,69627.17813237003
2024-11-03,6120,69742.11045248035
2024-11-03,7126,63046.4766230027
2024-11-03,7076,69768.44380432914
2024-11-03,6649,77506.21387121033
2024-11-03,6784,68258.47307090256
2024-11-03,6088,70515.72707303948
2024-11-03,6788,67867.85305778105
2024-11-03,6525,75050.40920973959
2024-11-03,7200,69731.41052087455
2024-11-03,6852,64596.023325817274
2024-11-03,6560,71308.0427306706
2024-11-03,7068,68653.28439303384
2024-11-03,7180,56483.667707626955
2024-11-03,7065,69491.4918633044
2024-11-03,6931,60387.26296363957
2024-11-03,6251,61932.27793017583
2024-11-03,7116,69113.12464622506
2024-11-03,6619,69142.99921990276
2024-11-03,7006,67728.73580256676
2024-11-03,6072,70903.56604634628
2024-11-03,7172,60279.46922942622
2024-11-03,6411,62005.39243770385
2024-11-03,7183,71061.82347416667
2024-11-03,7265,72839.73321826635
2024-11-03,6974,67672.2648073083
2024-11-03,6213,68470.47291032907
2024-11-03,7081,71913.23518768864
2024-11-03,6977,56919.414213622025
2024-11-03,6352,74394.55003123464
2024-11-03,6918,73524.68239044574
2024-11-03,6428,76628.39151026662
2024-11-03,7224,71917.37286527269
2024-11-03,7209,56758.33097750063
2024-11-03,6924,72040.68210480605
2024-11-03,7063,66333.28029879188
2024-11-03,6752,62785.26214078062
2024-11-03,7092,75670.99571785214
2024-11-03,6774,66654.34482609756
2024-11-03,7047,92969.10859586252
2024-11-03,6609,71131.2051925836
2024-11-03,7221,71546.9983367736
2024-11-03,7095,73171.20202530731
2024-11-03,7157,72199.88688547697
2024-11-03,6304,69076.1488174388
2024-11-03,7207,111915.41069364815
2024-11-03,6291,62311.153203272246
2024-11-03,6745,56226.82542377416
2024-11-03,6933,66522.86215943047
2024-11-03,6846,73161.69912017112
2024-11-03,6167,73485.0079047561
2024-11-03,6873,69822.42679829922
2024-11-03,6585,71151.45324158226
2024-11-03,7109,63514.95104810617
2024-11-03,6776,68979.41222324435
2024-11-03,7010,70238.31173305545
2024-11-03,6831,80472.11954492926
2024-11-03,6581,69992.29791150423
2024-11-03,6749,60457.05803406627
2024-11-03,7021,70766.45966470095
2024-11-03,6978,69132.66586723081
2024-11-03,6427,71946.97059073405
2024-11-03,7220,69288.41363574329
2024-11-03,6693,69914.82365557435
2024-11-03,6336,72796.53782404448
2024-11-03,6298,61227.29985921745
2024-11-03,6954,63638.68395654557
2024-11-03,6844,68698.68471383044
2024-11-03,6430,102629.94397817286
2024-11-03,6380,55842.25997660966
2024-11-03,7002,67454.59598221382
2024-11-03,6437,76951.4898191583
2024-11-03,6452,75255.28673498906
2024-11-03,6782,58976.27920864898
2024-11-03,6549,72024.30700022513
2024-11-03,6892,68538.79688609866
2024-11-03,6448,0
2024-11-03,6491,0
2024-11-03,6591,0
2024-11-03,6949,0
2024-11-03,7212,0
2024-11-03,7218,0
2024-11-03,7273,0
2024-11-03,7192,41244.933843073435
2024-11-04,7048,74738.02032136144
2024-11-04,6870,70782.46202193272
2024-11-04,6088,70762.60771514692
2024-11-04,6715,69488.54399065425
2024-11-04,7170,65079.42178008996
2024-11-04,6933,68101.45146597204
2024-11-04,6516,73087.08207544177
2024-11-04,6541,68737.8594766832
2024-11-04,7145,69408.48046599515
2024-11-04,6334,73627.56609498069
2024-11-04,6927,77742.64641675701
2024-11-04,6866,70299.19537355345
2024-11-04,7275,74266.197746571
2024-11-04,6336,73021.00302623563
2024-11-04,6567,70705.98611045025
2024-11-04,6389,71913.77765029541
2024-11-04,6408,80433.25083543375
2024-11-04,6854,72119.72072036198
2024-11-04,7289,71538.88129323574
2024-11-04,6039,68470.67489488852
2024-11-04,7017,72245.85500846073
2024-11-04,7265,72824.56078123803
2024-11-04,6094,73677.49723133504
2024-11-04,6485,51455.83018252681
2024-11-04,6518,70113.61589591378
2024-11-04,6346,67412.81728961541
2024-11-04,6590,70477.4902292342
2024-11-04,6509,70793.82870718272
2024-11-04,6811,77106.58329250413
2024-11-04,6456,72953.27706474475
2024-11-04,6382,71965.94027590285
2024-11-04,7239,141505.22039438193
2024-11-04,7211,68329.7520268926
2024-11-04,7186,60229.527871533304
2024-11-04,6297,68391.39268723916
2024-11-04,6757,55573.70655257143
2024-11-04,6246,69145.01238472796
2024-11-04,6994,77014.39359360441
2024-11-04,6985,70873.86412680597
2024-11-04,6417,72644.59865867648
2024-11-04,6043,72338.43696300621
2024-11-04,7104,70497.0278468717
2024-11-04,6329,69113.79774363995
2024-11-04,7079,71091.77671006108
2024-11-04,6540,70881.79887524332
2024-11-04,6761,69269.51952011361
2024-11-04,6940,70568.12254249754
2024-11-04,7105,77958.8717436649
2024-11-04,7084,63997.96962519837
2024-11-04,6597,73794.24843274352
2024-11-04,7292,70068.85212538856
2024-11-04,6368,67982.20713762887
2024-11-04,6827,73146.2226571551
2024-11-04,6849,62778.26734745491
2024-11-04,7053,63002.90092895883
2024-11-04,6824,67036.39432340435
2024-11-04,6957,70704.33714402515
2024-11-04,6413,70566.40519927764
2024-11-04,6666,73862.979841188
2024-11-04,6431,77249.36481169038
2024-11-04,7135,71393.26332322997
2024-11-04,6642,69008.33972241769
2024-11-04,7222,94629.9711494755
2024-11-04,6909,70240.12667865992
2024-11-04,6558,70748.62946315635
2024-11-04,6900,69812.49574964544
2024-11-04,6792,62678.436141535465
2024-11-04,6601,71053.124349597
2024-11-04,7199,71396.6363256315
2024-11-04,6762,68057.6438282977
2024-11-04,6759,58234.52750860236
2024-11-04,6669,69556.70860533092
2024-11-04,7004,69218.97528831413
2024-11-04,6425,60352.31570332553
2024-11-04,7178,81344.15152709809
2024-11-04,6398,68275.32992200089
2024-11-04,6810,69134.48416253421
2024-11-04,6891,61312.57792135269
2024-11-04,6856,70211.83509630983
2024-11-04,6504,68129.0485654906
2024-11-04,7200,69711.00848745691
2024-11-04,6604,73595.5180004882
2024-11-04,6832,74105.58220886222
2024-11-04,7129,69904.78443510091
2024-11-04,6629,73488.41098988129
2024-11-04,7274,67653.58376015029
2024-11-04,7269,72176.72198415796
2024-11-04,6970,71988.57322410404
2024-11-04,6345,72150.17253736286
2024-11-04,6935,77589.71329018792
2024-11-04,7281,70695.43263340551
2024-11-04,6973,71962.97773642598
2024-11-04,6418,74538.09309709529
2024-11-04,6054,67360.66993226529
2024-11-04,6568,70431.38511372631
2024-11-04,7080,64354.159685465216
2024-11-04,7158,72279.83741396674
2024-11-04,7002,67445.52320373752
2024-11-04,6926,71627.14668692343
2024-11-04,6524,69998.01327258396
2024-11-04,6745,56800.1942242426
2024-11-04,6993,67254.62223980068
2024-11-04,7157,70027.96616539561
2024-11-04,6488,65839.08868366705
2024-11-04,6447,69076.04593322155
2024-11-04,6561,70211.0439155292
2024-11-04,6042,73721.9841404152
2024-11-04,6724,66912.98094359781
2024-11-04,7248,72148.10935331973
2024-11-04,6658,60478.7780855208
2024-11-04,6961,73866.27556797642
2024-11-04,7081,73441.40369928411
2024-11-04,7062,61145.72129016896
2024-11-04,6953,62054.107175455014
2024-11-04,6921,74153.73947793678
2024-11-04,6429,67761.59711841823
2024-11-04,6803,62033.907745930715
2024-11-04,6974,64354.990839063874
2024-11-04,7249,62046.07221685817
2024-11-04,7000,75352.33477878862
2024-11-04,7126,61901.36629732515
2024-11-04,6783,71923.02585573109
2024-11-04,6670,73101.70971917105
2024-11-04,7213,68656.14122832671
2024-11-04,6363,77246.8894466704
2024-11-04,6929,69683.70386931399
2024-11-04,6523,70911.47012608801
2024-11-04,7083,68448.62721255807
2024-11-04,7172,58804.51349399259
2024-11-04,6978,68370.68906795353
2024-11-04,6972,72184.74505663793
2024-11-04,6451,71938.8932043508
2024-11-04,7137,71044.38046836371
2024-11-04,7087,74126.79513783645
2024-11-04,6686,71221.5171446061
2024-11-04,6696,70201.41979930286
2024-11-04,6997,72556.44768952728
2024-11-04,6639,63348.87645044813
2024-11-04,7100,59333.28875973094
2024-11-04,6534,71059.8952863692
2024-11-04,6298,60821.37471569411
2024-11-04,6446,73628.90303978042
2024-11-04,6936,50741.31961132271
2024-11-04,7208,69850.72846897358
2024-11-04,6325,69552.86233914008
2024-11-04,6327,68956.74917830828
2024-11-04,6577,70152.79144231592
2024-11-04,6773,63940.39696435392
2024-11-04,7003,71985.1737496395
2024-11-04,6956,65613.6035774969
2024-11-04,6505,72692.89434930995
2024-11-04,6899,73303.71178451362
2024-11-04,7253,73703.11365414903
2024-11-04,7256,74249.29589783095
2024-11-04,7271,72407.02623195095
2024-11-04,6390,71076.70674269651
2024-11-04,6861,69764.27226170377
2024-11-04,6664,78611.40610785825
2024-11-04,7219,54900.946923248885
2024-11-04,7033,72248.284004555
2024-11-04,7026,70327.33251226797
2024-11-04,6324,64763.87663726619
2024-11-04,6575,52446.38533380743
2024-11-04,6120,70008.49565240154
2024-11-04,6563,70560.3923828767
2024-11-04,6858,68084.90528505355
2024-11-04,6364,71706.09142837074
2024-11-04,6476,69362.02070406161
2024-11-04,6631,64412.274679722475
2024-11-04,7198,127378.29731717956
2024-11-04,6453,72000.46359875306
2024-11-04,7067,74835.63555498191
2024-11-04,7117,67839.20152781316
2024-11-04,6954,63732.962273134806
2024-11-04,6675,71369.6259611379
2024-11-04,6387,70174.56592908394
2024-11-04,6511,69681.7514023475
2024-11-04,7109,63443.53753065096
2024-11-04,6689,71763.86552480863
2024-11-04,6374,70535.37257778509
2024-11-04,7013,68352.5126765484
2024-11-04,6538,57015.97396147682
2024-11-04,6969,70939.20230392151
2024-11-04,6487,71035.58847378523
2024-11-04,7225,69883.67056264165
2024-11-04,6835,75558.45450526195
2024-11-04,6360,68047.09931180027
2024-11-04,7209,56691.42713496636
2024-11-04,7007,68769.9424048792
2024-11-04,7168,62411.86784645726
2024-11-04,6733,63310.8210677677
2024-11-04,7175,69002.28696705392
2024-11-04,6785,55608.10229087025
2024-11-04,6834,74544.96049117493
2024-11-04,6414,68972.17755911808
2024-11-04,6526,65874.47392223601
2024-11-04,7089,77231.33431608466
2024-11-04,6366,70144.04145497583
2024-11-04,6885,71018.32910773177
2024-11-04,7250,64037.54724639805
2024-11-04,6718,61577.79760356146
2024-11-04,7193,71851.2557820361
2024-11-04,7165,60051.08388898943
2024-11-04,6167,72463.9975642078
2024-11-04,6894,66733.23888888017
2024-11-04,6879,71556.54116299716
2024-11-04,6380,56152.75628160986
2024-11-04,6393,68122.04711695459
2024-11-04,7075,64305.16065037272
2024-11-04,6809,69085.57937789621
2024-11-04,6756,59486.01684860384
2024-11-04,6911,71574.2168799965
2024-11-04,6598,77633.85472279027
2024-11-04,7005,71042.09195436935
2024-11-04,6896,70072.91462983705
2024-11-04,6588,74754.68887525519
2024-11-04,7241,58446.727624336665
2024-11-04,6649,76025.07934317252
2024-11-04,6775,74745.06301710429
2024-11-04,7182,68851.37240365426
2024-11-04,7025,70021.65294497316
2024-11-04,6492,78185.54011559214
2024-11-04,6829,69187.03929889384
2024-11-04,7283,69256.89298760719
2024-11-04,6248,63914.56231190277
2024-11-04,6723,54084.91397648906
2024-11-04,7040,66286.36551965536
2024-11-04,6559,71224.7052964428
2024-11-04,6607,72447.89302634928
2024-11-04,7042,74712.00981532774
2024-11-04,6862,69915.32168592256
2024-11-04,7226,69770.99695084654
2024-11-04,6317,70293.93545788532
2024-11-04,7180,56514.32552276223
2024-11-04,6874,68204.55664686768
2024-11-04,6251,62450.63315920889
2024-11-04,6506,72649.18760662887
2024-11-04,7146,73274.3160195412
2024-11-04,7008,70642.73470768631
2024-11-04,7251,69469.59672726384
2024-11-04,7012,67018.90192416598
2024-11-04,6249,70440.69995925849
2024-11-04,7201,69035.43942698199
2024-11-04,7095,74317.76856393131
2024-11-04,6951,71395.7651575634
2024-11-04,6406,72347.770462932807
2024-11-04,6726,70963.09376251284
2024-11-04,7065,69438.89579744644
2024-11-04,6826,68241.04139453883
2024-11-04,6752,62932.5697824625
2024-11-04,6831,79854.03627526564
2024-11-04,6875,66490.91752159172
2024-11-04,6919,70901.64897312726
2024-11-04,6888,72673.77478179907
2024-11-04,6545,65750.46368802863
2024-11-04,6769,65405.85081531476
2024-11-04,7272,72782.81855450805
2024-11-04,6676,70135.26121043442
2024-11-04,6887,64664.07607444616
2024-11-04,7078,53173.28532977563
2024-11-04,6844,69066.84313253564
2024-11-04,7076,69803.98980041474
2024-11-04,6287,71733.98176853752
2024-11-04,6101,78681.16869045146
2024-11-04,6232,77896.10795651097
2024-11-04,7011,69763.9235772865
2024-11-04,6755,54596.40915238186
2024-11-04,6922,71751.4960009626
2024-11-04,6536,56915.22664875666
2024-11-04,6626,69704.17089964342
2024-11-04,6560,71389.71714060135
2024-11-04,7190,62534.682537994864
2024-11-04,6323,70508.65941044268
2024-11-04,6784,68911.93647003199
2024-11-04,6948,74372.54138614112
2024-11-04,7014,71494.70271171957
2024-11-04,7217,70319.63101726053
2024-11-04,6266,72712.0155236097
2024-11-04,6674,71338.23424613895
2024-11-04,6358,73397.44242516744
2024-11-04,6880,68935.09008198822
2024-11-04,6764,64496.61544582699
2024-11-04,6857,68504.25516886145
2024-11-04,6082,71263.83776537137
2024-11-04,6304,69422.2696142871
2024-11-04,7063,66572.34577671245
2024-11-04,7155,72449.31810476085
2024-11-04,7110,68964.9766937865
2024-11-04,6647,70240.64319803801
2024-11-04,7024,71753.03858329426
2024-11-04,7156,70037.0304590704
2024-11-04,7282,72648.40632532153
2024-11-04,6634,69327.35450535078
2024-11-04,6725,70096.46268588782
2024-11-04,6609,71527.17950997259
2024-11-04,6839,57086.26261186186
2024-11-04,6565,73719.09438906026
2024-11-04,6939,70611.52907078012
2024-11-04,7261,69571.74641282062
2024-11-04,6250,69857.55668336061
2024-11-04,6740,58916.00421804531
2024-11-04,7037,64292.39202064375
2024-11-04,6968,67461.71601546597
2024-11-04,7073,72790.65992483641
2024-11-04,6794,61553.69461635354
2024-11-04,6881,60638.48291696206
2024-11-04,6659,56541.57324511231
2024-11-04,6441,71739.95882568232
2024-11-04,7173,56892.526878222365
2024-11-04,7019,57793.36953465494
2024-11-04,7267,78131.57417686636
2024-11-04,7122,73966.01703238134
2024-11-04,7187,63043.90430687104
2024-11-04,7107,65271.84201975686
2024-11-04,6318,69569.69792057275
2024-11-04,6749,61122.30666033427
2024-11-04,6307,68839.27293952675
2024-11-04,6746,56694.01286563373
2024-11-04,6477,74469.73031842997
2024-11-04,6768,70360.2237775745
2024-11-04,6877,70466.41772419983
2024-11-04,6594,71005.67373378
2024-11-04,6928,71141.98966612271
2024-11-04,7064,69578.03147235453
2024-11-04,7224,71873.03934060992
2024-11-04,7069,68307.06727711644
2024-11-04,7195,72516.77835780472
2024-11-04,7196,70751.86089558277
2024-11-04,7240,70192.12120647263
2024-11-04,6350,68977.7071615954
2024-11-04,6392,98989.09853989612
2024-11-04,7050,63997.13928617316
2024-11-04,6295,72698.8523443577
2024-11-04,7227,73376.85726041491
2024-11-04,7197,69263.47100251635
2024-11-04,6544,69005.20604013214
2024-11-04,6798,85673.62358768507
2024-11-04,6428,76113.67718017056
2024-11-04,6661,70238.18125847225
2024-11-04,6966,72949.25182795936
2024-11-04,6512,70702.14240361335
2024-11-04,6804,72078.65101234322
2024-11-04,7068,69338.21056080025
2024-11-04,7027,70967.80100786725
2024-11-04,7231,69384.53845094309
2024-11-04,6787,68351.65321533634
2024-11-04,7136,75877.05080502805
2024-11-04,7022,68444.91965708604
2024-11-04,6932,69272.29089269204
2024-11-04,6313,70780.69239790482
2024-11-04,6267,69247.12677333158
2024-11-04,6734,64313.33352754291
2024-11-04,6679,71247.45783547933
2024-11-04,6780,70147.114735692
2024-11-04,6898,70136.1666446853
2024-11-04,6490,70475.88605387312
2024-11-04,7060,71665.1836128942
2024-11-04,6842,69507.65640563071
2024-11-04,6494,70396.40074965022
2024-11-04,6774,65787.39677006504
2024-11-04,6747,57133.67337154906
2024-11-04,6434,73223.98330487187
2024-11-04,7214,68373.48142317978
2024-11-04,6882,69573.92168478845
2024-11-04,6330,62561.49763549353
2024-11-04,7049,64324.03250316273
2024-11-04,6937,71023.92184036918
2024-11-04,6977,57530.20961939473
2024-11-04,7028,70172.55547301672
2024-11-04,6662,69434.11446526977
2024-11-04,6923,69183.24693531044
2024-11-04,6934,73316.59015460902
2024-11-04,6731,72068.50550477314
2024-11-04,6630,69492.44201622531
2024-11-04,6320,72834.19335973385
2024-11-04,7131,69497.2412217889
2024-11-04,6501,71870.75248111761
2024-11-04,6872,61002.14642044178
2024-11-04,6903,76614.04865522141
2024-11-04,7245,68978.96390816792
2024-11-04,6971,72317.52961572076
2024-11-04,6838,68410.1987534988
2024-11-04,6693,70083.66731638425
2024-11-04,7220,70086.93029390577
2024-11-04,7202,73290.702718996
2024-11-04,7047,92703.492489809
2024-11-04,6618,71002.4005146545
2024-11-04,6680,66568.36628945085
2024-11-04,6623,66552.6827508302
2024-11-04,6326,65352.58361420612
2024-11-04,6407,66511.93450257892
2024-11-04,6906,75750.39642764229
2024-11-04,6585,70761.03289808093
2024-11-04,6348,68906.11867586542
2024-11-04,6925,72511.87364922083
2024-11-04,6554,51268.9615398231
2024-11-04,7097,71290.16251519592
2024-11-04,7207,112236.74832925624
2024-11-04,6564,73610.7122049099
2024-11-04,6813,69683.33629252749
2024-11-04,7127,68712.94555158024
2024-11-04,6439,71662.07121485812
2024-11-04,6522,68351.61920357568
2024-11-04,6846,73332.29408789048
2024-11-04,7152,68944.11249758044
2024-11-04,7006,68908.38844570835
2024-11-04,6863,70452.01378560164
2024-11-04,6833,75088.08377826156
2024-11-04,6727,67404.76552163651
2024-11-04,6445,70413.92374646262
2024-11-04,7291,57219.90226124711
2024-11-04,7066,64157.66650036744
2024-11-04,6299,63247.914249553425
2024-11-04,6254,71282.28000338166
2024-11-04,6753,54808.97916601911
2024-11-04,6332,70155.88343322733
2024-11-04,7043,71061.95508647563
2024-11-04,7171,59028.73272812904
2024-11-04,7205,71830.08673642328
2024-11-04,7070,74400.9502292027
2024-11-04,6333,73425.22611496379
2024-11-04,6728,71653.5602351724
2024-11-04,6396,71004.23870763031
2024-11-04,7223,69352.87955185
2024-11-04,6268,69927.51281939854
2024-11-04,6436,71297.4349270321
2024-11-04,6580,66190.13932502946
2024-11-04,7139,72284.55632930252
2024-11-04,7185,57952.121750318154
2024-11-04,6967,69904.98029728934
2024-11-04,6514,69991.10398477994
2024-11-04,7268,68899.0249254421
2024-11-04,6072,71197.6872573812
2024-11-04,6817,73645.80821144186
2024-11-04,6853,61338.6110882459
2024-11-04,7054,68800.57771075361
2024-11-04,6370,65800.62160654976
2024-11-04,6272,70737.1087318248
2024-11-04,7098,64727.9120770811
2024-11-04,6884,74908.39535132027
2024-11-04,6520,70581.42475065582
2024-11-04,6800,67044.9754936083
2024-11-04,7293,76682.57731217553
2024-11-04,6695,72845.68520502782
2024-11-04,7090,74647.74580258637
2024-11-04,6878,66150.3641552104
2024-11-04,6388,74801.04696113282
2024-11-04,6944,85693.99629198186
2024-11-04,6750,70361.5564638649
2024-11-04,6531,67335.53765593818
2024-11-04,6999,70273.92753275287
2024-11-04,6515,73045.18237007964
2024-11-04,6963,68675.87720409411
2024-11-04,6599,72395.5578416455
2024-11-04,7236,72875.90450204563
2024-11-04,6602,56833.80855868948
2024-11-04,7141,70818.73263851457
2024-11-04,7038,73792.14919902878
2024-11-04,6632,70835.51643226585
2024-11-04,6435,72185.70689689915
2024-11-04,6931,58332.40673192341
2024-11-04,6918,72524.8104329847
2024-11-04,7128,73641.88788614364
2024-11-04,6384,71554.3486839967
2024-11-04,6239,69206.92478267029
2024-11-04,7189,63634.188184668135
2024-11-04,6352,74394.59762696644
2024-11-04,6087,72954.43408721033
2024-11-04,6092,74212.22919155407
2024-11-04,6722,64050.53162627476
2024-11-04,6400,69312.49502194345
2024-11-04,6830,73284.46327568093
2024-11-04,6636,71418.5666806615
2024-11-04,6952,67836.02372279626
2024-11-04,7085,73426.58895377588
2024-11-04,7144,74742.85458740266
2024-11-04,6904,61881.083596830715
2024-11-04,6420,71296.03474270167
2024-11-04,6818,66862.96614797424
2024-11-04,6351,68851.83113337506
2024-11-04,6714,71098.52113934502
2024-11-04,7244,74290.25475428364
2024-11-04,6763,70752.03001216812
2024-11-04,7034,68978.81846692208
2024-11-04,6550,69251.05032219505
2024-11-04,7276,74152.95104771103
2024-11-04,7295,69531.18976022734
2024-11-04,6519,69896.8163898521
2024-11-04,6349,57355.07125669469
2024-11-04,6455,63967.58025865028
2024-11-04,6443,74125.1813105628
2024-11-04,7288,69556.01995818081
2024-11-04,7242,54720.672752705534
2024-11-04,7121,62552.532130838474
2024-11-04,7258,69501.94882674044
2024-11-04,7086,76219.05716895273
2024-11-04,6668,74341.25457695367
2024-11-04,6517,71153.13192444625
2024-11-04,6507,69662.39402381874
2024-11-04,6427,70721.01395202316
2024-11-04,6482,73793.94182859473
2024-11-04,7111,67853.91224838789
2024-11-04,7159,81011.60409462386
2024-11-04,6789,69808.94098913048
2024-11-04,7116,72835.8661170614
2024-11-04,7108,69215.58880400729
2024-11-04,6692,75213.32091387965
2024-11-04,7101,71734.29452073225
2024-11-04,7032,64100.33146746887
2024-11-04,6869,70637.9615224508
2024-11-04,6845,71619.68667765256
2024-11-04,6737,72893.76178527034
2024-11-04,6600,70887.2506523588
2024-11-04,7140,68401.72081536667
2024-11-04,6852,66171.86503387467
2024-11-04,6583,64405.60428745221
2024-11-04,6357,68564.55719796277
2024-11-04,7091,71987.77731155959
2024-11-04,6633,53075.32882078627
2024-11-04,6648,73585.54901287767
2024-11-04,6655,69314.01668129858
2024-11-04,6576,68692.1711858442
2024-11-04,6450,69797.04945608981
2024-11-04,7030,68344.77114899461
2024-11-04,7072,61030.44331039568
2024-11-04,7125,69960.1492367899
2024-11-04,7021,70710.0499285027
2024-11-04,6423,70749.59023169943
2024-11-04,6535,68782.92752275012
2024-11-04,7151,69720.85880744965
2024-11-04,6426,68686.38541474579
2024-11-04,7092,75376.02420003887
2024-11-04,6553,51409.72935296696
2024-11-04,6736,74196.68586361216
2024-11-04,6410,59643.03241390314
2024-11-04,7188,68995.39881410827
2024-11-04,6741,68660.02522213956
2024-11-04,6454,74930.18047245561
2024-11-04,7246,71205.75489860008
2024-11-04,7150,68926.9981475898
2024-11-04,6905,60528.07296352596
2024-11-04,6860,71987.42117645999
2024-11-04,6777,63049.986975420616
2024-11-04,6641,62546.01363507172
2024-11-04,6663,72112.05283856187
2024-11-04,7112,70076.4485176623
2024-11-04,6475,71119.65742180153
2024-11-04,6799,70306.00973515358
2024-11-04,6941,68479.91918303509
2024-11-04,7206,75584.79731996526
2024-11-04,6897,69409.00808915666
2024-11-04,6619,69891.06030163911
2024-11-04,7134,72704.29498710291
2024-11-04,6496,69430.54790289603
2024-11-04,6930,71677.86578479325
2024-11-04,7216,69872.59129701428
2024-11-04,6586,70920.5000384919
2024-11-04,6812,68028.18861203187
2024-11-04,6571,70568.79353007859
2024-11-04,6498,69919.90397314564
2024-11-04,6291,62716.14258455364
2024-11-04,6424,69815.5915791143
2024-11-04,6815,67028.9108286936
2024-11-04,7280,69167.7203354402
2024-11-04,6797,70182.6322925478
2024-11-04,6624,57076.673511335
2024-11-04,7031,67753.43804643792
2024-11-04,6779,65052.18215183136
2024-11-04,6245,69468.55069498297
2024-11-04,6962,69914.10465057187
2024-11-04,7115,69282.7261436043
2024-11-04,6225,65758.52546078678
2024-11-04,7018,57482.77812505705
2024-11-04,6574,70610.00983740725
2024-11-04,6635,71479.18102290094
2024-11-04,6767,71170.21083796443
2024-11-04,7147,67538.767815051
2024-11-04,6335,67166.77362269504
2024-11-04,6552,72740.89882058353
2024-11-04,7254,70639.72576149867
2024-11-04,6493,66062.28968135381
2024-11-04,6533,70267.26266725315
2024-11-04,6546,70786.10248605422
2024-11-04,6562,73176.75555463025
2024-11-04,7238,71945.20505832789
2024-11-04,6385,70017.45014406744
2024-11-04,7183,70464.69221493295
2024-11-04,6503,64733.17966151745
2024-11-04,6730,57233.19092213074
2024-11-04,6025,72677.42272350361
2024-11-04,6637,53157.571528679815
2024-11-04,6873,69907.05762174765
2024-11-04,6643,71935.46284360345
2024-11-04,7169,72515.5887068131
2024-11-04,7184,64965.88469368777
2024-11-04,7221,71457.68908312988
2024-11-04,6660,70763.80369943015
2024-11-04,6582,68563.45062153458
2024-11-04,6569,65940.30902264181
2024-11-04,6547,68459.32405422175
2024-11-04,6942,65003.92302587021
2024-11-04,6438,68695.95832310127
2024-11-04,6603,68979.18538857304
2024-11-04,6402,69670.92561642479
2024-11-04,7016,70181.89074844125
2024-11-04,7210,69204.8785447932
2024-11-04,7266,67695.04223268227
2024-11-04,6841,68578.78428847763
2024-11-04,6788,69155.93290334035
2024-11-04,6716,71013.90910503821
2024-11-04,7279,71283.42172049082
2024-11-04,6960,76274.1284009413
2024-11-04,6851,64261.96841322108
2024-11-04,7056,72504.13400598895
2024-11-04,6959,66409.50602055501
2024-11-04,7039,66589.57570522376
2024-11-04,6754,57514.36938640165
2024-11-04,6316,71012.18483884493
2024-11-04,6758,53742.48680682261
2024-11-04,6548,68558.96256838378
2024-11-04,6432,70059.96206969679
2024-11-04,7149,72562.92839449954
2024-11-04,6687,72312.63481432066
2024-11-04,7106,70426.88373415447
2024-11-04,6883,67178.45739168942
2024-11-04,6328,71481.53644449801
2024-11-04,7287,70488.29755603925
2024-11-04,6213,70029.16118503294
2024-11-04,6776,68745.30673430703
2024-11-04,7052,68381.53097528809
2024-11-04,7035,69279.74174927452
2024-11-04,6338,66195.38453123387
2024-11-04,6876,69504.7469610347
2024-11-04,6480,75568.6276303931
2024-11-04,7113,54842.70135175039
2024-11-04,7260,69568.03730444571
2024-11-04,6717,74435.60038018484
2024-11-04,6683,69654.37061434137
2024-11-04,7124,56130.544919840904
2024-11-04,7278,83647.57683235608
2024-11-04,6411,62251.54761098483
2024-11-04,7096,69962.11612880781
2024-11-04,6681,72218.7583203199
2024-11-04,7036,70815.61907628892
2024-11-04,6379,69183.04550630487
2024-11-04,6801,58997.03670457583
2024-11-04,6510,72396.2095389185
2024-11-04,7077,71713.77380115516
2024-11-04,6373,72031.93358919692
2024-11-04,7009,81123.9616928779
2024-11-04,7010,68775.1350384826
2024-11-04,6924,71707.602343123
2024-11-04,7174,72185.50791899436
2024-11-04,6525,73389.82310959612
2024-11-04,6331,66825.409110967
2024-11-04,7296,69858.21337126916
2024-11-04,6644,71039.43053947363
2024-11-04,6886,69880.99651771465
2024-11-04,6616,78300.1594056792
2024-11-04,6751,66893.97786936998
2024-11-04,6719,66813.91813334728
2024-11-04,6965,69348.32768346494
2024-11-04,6865,71570.3865543715
2024-11-04,6581,70394.50736429419
2024-11-04,7020,72931.53293758654
2024-11-04,6367,65467.95616570905
2024-11-04,7234,57104.221270925256
2024-11-04,6395,70895.94040599666
2024-11-04,6452,74252.48737342937
2024-11-04,6437,74416.1119530364
2024-11-04,6782,58305.35235366934
2024-11-04,6549,71185.3336626098
2024-11-04,6892,71168.59348978358
2024-11-04,6448,0
2024-11-04,6491,0
2024-11-04,6591,0
2024-11-04,6949,0
2024-11-04,7212,0
2024-11-04,7218,0
2024-11-04,7273,0
2024-11-04,7192,56562.34970351351
2024-11-05,6248,64394.91856759193
2024-11-05,7260,70053.34959257957
2024-11-05,6251,62374.10731276576
2024-11-05,7227,73466.6987200488
2024-11-05,7187,62969.18833853856
2024-11-05,7096,69424.3399039631
2024-11-05,7205,71356.10569446352
2024-11-05,6731,72127.75644592506
2024-11-05,7135,71531.67437089256
2024-11-05,7226,69535.94918531658
2024-11-05,6370,68362.11705057301
2024-11-05,6413,70180.47766704102
2024-11-05,6643,73126.92923003696
2024-11-05,6488,68821.15118606058
2024-11-05,6561,69731.1030481274
2024-11-05,6692,76019.61155099145
2024-11-05,7019,58532.579132621475
2024-11-05,6636,73754.16923523441
2024-11-05,6750,70570.23685054769
2024-11-05,6960,76453.1258304319
2024-11-05,6664,79444.9330481424
2024-11-05,6973,73347.4025693142
2024-11-05,7242,55190.95620854777
2024-11-05,6581,69796.67670395064
2024-11-05,6317,70470.84321336725
2024-11-05,6641,64320.790646565074
2024-11-05,7173,56566.38232517433
2024-11-05,6965,69613.17783661907
2024-11-05,6408,77658.20754730832
2024-11-05,6953,64182.18652398443
2024-11-05,6683,69515.86239918067
2024-11-05,7156,69746.37056847474
2024-11-05,6747,57352.36170263022
2024-11-05,7042,74939.691708555285
2024-11-05,6425,60976.33994614399
2024-11-05,7007,68873.98760853695
2024-11-05,6941,68429.25716131367
2024-11-05,6406,74884.08068720721
2024-11-05,7202,73101.82875188958
2024-11-05,7199,73429.38424366043
2024-11-05,7170,64428.49803403048
2024-11-05,6774,66579.592401183
2024-11-05,6951,71399.79920409688
2024-11-05,6503,65185.81622327835
2024-11-05,6522,68453.34612792103
2024-11-05,6330,63002.833877656136
2024-11-05,7020,71918.83585921692
2024-11-05,6942,64922.67039451954
2024-11-05,6881,60445.73625521468
2024-11-05,6396,70751.05668505593
2024-11-05,7253,73642.42236769656
2024-11-05,6993,66750.64596577003
2024-11-05,6358,73414.15100911378
2024-11-05,6749,61367.64886381284
2024-11-05,7198,127399.95603376983
2024-11-05,7004,69142.32862633742
2024-11-05,6545,65750.1513290466
2024-11-05,7283,69308.1901134299
2024-11-05,7209,55924.88928059431
2024-11-05,7239,143048.13317994616
2024-11-05,6773,65092.67693255825
2024-11-05,6894,66196.46621508388
2024-11-05,7104,71436.86297352625
2024-11-05,6725,71004.11703138961
2024-11-05,7279,71132.43500036001
2024-11-05,7136,74897.60561222631
2024-11-05,6360,69998.32494333999
2024-11-05,6505,72600.29435912194
2024-11-05,6447,69331.50396890729
2024-11-05,7261,69872.74931221514
2024-11-05,6446,73223.03460814353
2024-11-05,7206,77503.56351046632
2024-11-05,7184,64868.27306458764
2024-11-05,7081,73254.20735254869
2024-11-05,6607,73644.89501263568
2024-11-05,7241,59980.062534252334
2024-11-05,6812,67720.14772578671
2024-11-05,6926,72210.36432213061
2024-11-05,7180,57171.08666950485
2024-11-05,6509,71678.82752297772
2024-11-05,7013,67562.96972641668
2024-11-05,6372,67315.78508657293
2024-11-05,6480,75621.58549885999
2024-11-05,6297,68730.432472774
2024-11-05,7125,69907.92423497315
2024-11-05,6813,68704.356520873
2024-11-05,6858,67689.77129699774
2024-11-05,6514,70022.3584390729
2024-11-05,7214,68388.83879797786
2024-11-05,6826,68356.36770541579
2024-11-05,7267,78044.9236907868
2024-11-05,6794,63012.76851990973
2024-11-05,6764,64577.01098200279
2024-11-05,6930,71110.8053026534
2024-11-05,7240,71317.56578967813
2024-11-05,7113,55396.42970063928
2024-11-05,7251,64983.505147656375
2024-11-05,6435,72362.80443538363
2024-11-05,7225,70060.17549234389
2024-11-05,6801,59249.84161411396
2024-11-05,7151,69147.8230290292
2024-11-05,6883,67286.62679416468
2024-11-05,7028,71611.24355304135
2024-11-05,7062,62092.37376441202
2024-11-05,6716,70762.27086065519
2024-11-05,6331,66828.24955975148
2024-11-05,6232,78215.266127618
2024-11-05,7207,113063.6183404833
2024-11-05,6647,70514.47879547789
2024-11-05,6039,69218.50616503759
2024-11-05,7221,71400.65538372543
2024-11-05,7017,72196.8588357888
2024-11-05,7272,73091.95824035264
2024-11-05,6456,73184.91206961578
2024-11-05,6590,74030.40116289859
2024-11-05,6733,63086.74286861772
2024-11-05,6900,69629.58751704682
2024-11-05,7295,69412.00380457476
2024-11-05,6753,53649.54198383061
2024-11-05,6512,70673.33853127646
2024-11-05,6072,71607.2353093377
2024-11-05,6928,74924.17093509798
2024-11-05,6583,64494.704847858346
2024-11-05,6531,66277.24605608454
2024-11-05,6957,71352.87202031664
2024-11-05,6896,71349.71953307829
2024-11-05,6687,72395.23360160989
2024-11-05,7075,63831.62084524389
2024-11-05,6865,71431.63267989583
2024-11-05,6054,67322.52201678602
2024-11-05,7011,69835.77077734709
2024-11-05,6567,70791.64462718202
2024-11-05,6909,71858.73195961688
2024-11-05,7053,63229.2969045612
2024-11-05,6334,73610.42864580959
2024-11-05,6898,70647.75422292067
2024-11-05,7121,62526.55624571216
2024-11-05,6336,72845.22052050369
2024-11-05,7282,72486.7430282464
2024-11-05,6885,70958.93426034214
2024-11-05,6923,70292.95605745487
2024-11-05,7022,68236.24335033908
2024-11-05,6670,72516.67121332175
2024-11-05,6389,72186.46123186538
2024-11-05,6968,68855.58151878102
2024-11-05,6518,69968.50497322381
2024-11-05,6830,72600.36896230385
2024-11-05,6580,67355.37618557058
2024-11-05,6629,74034.87048045812
2024-11-05,7108,71133.51936074084
2024-11-05,7040,66403.45836822168
2024-11-05,6846,73899.34926874327
2024-11-05,6357,68173.93191283717
2024-11-05,7087,75883.80400209539
2024-11-05,7185,58094.18154605481
2024-11-05,6559,70448.69066042065
2024-11-05,6804,71924.94120826904
2024-11-05,7289,72000.87994668348
2024-11-05,7107,65999.00763956412
2024-11-05,6918,73485.36210114245
2024-11-05,6844,69062.33645097527
2024-11-05,6508,68265.12305944013
2024-11-05,6272,70354.99195121237
2024-11-05,6969,70799.57707166344
2024-11-05,7116,72682.45817443648
2024-11-05,7100,59157.97168891472
2024-11-05,6741,67382.07743063274
2024-11-05,6841,68521.44936795057
2024-11-05,6511,69519.80267339131
2024-11-05,6379,73071.43127596017
2024-11-05,6624,57130.41972840664
2024-11-05,6438,67246.83176266246
2024-11-05,7037,63672.0042551226
2024-11-05,6490,70397.08312884821
2024-11-05,6429,67955.77315656896
2024-11-05,7122,74189.3717483669
2024-11-05,6939,69984.37260341556
2024-11-05,7269,70626.68004382966
2024-11-05,7220,70081.40353763022
2024-11-05,6042,73578.01647414757
2024-11-05,6295,68801.69717755257
2024-11-05,6834,74420.8028597378
2024-11-05,6167,72519.17275668598
2024-11-05,6392,92977.55624845668
2024-11-05,7014,71484.73949200423
2024-11-05,6932,69207.52583944652
2024-11-05,6374,70238.94824352262
2024-11-05,6637,52338.20190421112
2024-11-05,7092,75658.25006889783
2024-11-05,6619,69247.79505534802
2024-11-05,7069,68137.44635108567
2024-11-05,7245,67267.00445200411
2024-11-05,6768,70286.16304579732
2024-11-05,7064,70322.30610628822
2024-11-05,6862,69994.8840728235
2024-11-05,6869,69971.3920528376
2024-11-05,6728,71741.14643854216
2024-11-05,6967,70222.62950323061
2024-11-05,6327,68630.22264624437
2024-11-05,7026,69462.141954595485
2024-11-05,7101,71671.82497051035
2024-11-05,6402,69145.82212637547
2024-11-05,6887,65239.47913371021
2024-11-05,7035,69144.56152502376
2024-11-05,6385,70201.64587997846
2024-11-05,7157,71652.77112514636
2024-11-05,6921,73749.83417693235
2024-11-05,6853,61532.153108636034
2024-11-05,6569,67462.65781748905
2024-11-05,6485,51262.65689108367
2024-11-05,6935,73174.07834220387
2024-11-05,7147,67659.01461435966
2024-11-05,6363,77327.0737720849
2024-11-05,6338,65658.24548659097
2024-11-05,6997,72284.01921161788
2024-11-05,6367,66890.23033628786
2024-11-05,6087,72683.9109095274
2024-11-05,7158,72070.1231705137
2024-11-05,6818,68784.53234738209
2024-11-05,6571,70676.64970353841
2024-11-05,7234,56545.07414891219
2024-11-05,6815,66589.15191541282
2024-11-05,6346,66820.73484561418
2024-11-05,6609,71570.71241105978
2024-11-05,6873,69986.70688488966
2024-11-05,6660,73532.88041681465
2024-11-05,6498,70807.31834855593
2024-11-05,6756,58764.06587743052
2024-11-05,7250,63948.936064022986
2024-11-05,6662,68918.4321732994
2024-11-05,6428,76675.05743127668
2024-11-05,7030,69534.40402473642
2024-11-05,6245,70443.23798098849
2024-11-05,6120,69966.20549767639
2024-11-05,6510,72517.48323999728
2024-11-05,6931,62556.399176215615
2024-11-05,6817,73587.71616710744
2024-11-05,7152,68965.29060943595
2024-11-05,6777,61481.521754031965
2024-11-05,6332,69946.53006450685
2024-11-05,6335,66962.54596106718
2024-11-05,7216,69448.72428110032
2024-11-05,6956,65909.25800124493
2024-11-05,6043,72367.90517533863
2024-11-05,6477,74937.14439189245
2024-11-05,6800,66328.55347942526
2024-11-05,6849,62869.658545886254
2024-11-05,6746,57042.46865306163
2024-11-05,6737,72971.79582319035
2024-11-05,6451,71519.05671131115
2024-11-05,7144,74629.44409788854
2024-11-05,7012,67791.55597029784
2024-11-05,7105,78049.83077807061
2024-11-05,6933,67032.24564113589
2024-11-05,6426,68683.24882530629
2024-11-05,6324,64892.62647977593
2024-11-05,6325,68977.10520556475
2024-11-05,6450,70213.97107677066
2024-11-05,7127,68850.97711277775
2024-11-05,6453,71143.31574413157
2024-11-05,7210,68969.28942759529
2024-11-05,7238,72734.90755604437
2024-11-05,7052,68658.70084040613
2024-11-05,6525,74199.5137273443
2024-11-05,6971,71362.24395691884
2024-11-05,6562,72980.19966584239
2024-11-05,6316,70525.30827619991
2024-11-05,6724,66529.60802597016
2024-11-05,6266,74998.04608818094
2024-11-05,6726,71676.95888545222
2024-11-05,6501,71648.27764576804
2024-11-05,7049,64426.04947215628
2024-11-05,6644,71148.93761308915
2024-11-05,6516,73092.27438609643
2024-11-05,6666,73839.93075481142
2024-11-05,6504,67733.55977157016
2024-11-05,6431,77082.88023230138
2024-11-05,7280,68766.58085518077
2024-11-05,6922,71738.27444506237
2024-11-05,6717,74284.43386950625
2024-11-05,6626,69753.67750484835
2024-11-05,7293,76579.15237828394
2024-11-05,6787,68309.40719072685
2024-11-05,6879,71013.98989834657
2024-11-05,6891,61760.9610467714
2024-11-05,7021,70527.1794585318
2024-11-05,7274,66935.506649087
2024-11-05,7005,71456.18045235447
2024-11-05,7008,70835.54455907435
2024-11-05,6506,73706.23615821793
2024-11-05,6779,65484.94498326736
2024-11-05,7231,69552.09526283642
2024-11-05,7079,71155.94016681262
2024-11-05,6475,71208.50477482397
2024-11-05,6577,69753.72784040977
2024-11-05,6436,71761.67063739829
2024-11-05,6809,69047.24964375912
2024-11-05,6441,72216.02675010104
2024-11-05,7085,73240.5560501586
2024-11-05,6948,74960.45540485012
2024-11-05,6810,68660.99728571573
2024-11-05,6533,70744.67916730532
2024-11-05,6655,69118.77263067088
2024-11-05,6730,57326.84503632927
2024-11-05,6623,65781.20319659851
2024-11-05,6329,68011.112860362
2024-11-05,6586,73307.66154852179
2024-11-05,6798,84192.36959879704
2024-11-05,7068,69351.10554579414
2024-11-05,7115,69176.5636743218
2024-11-05,6851,64038.61537129674
2024-11-05,6944,85350.08259156406
2024-11-05,6714,70904.9109759913
2024-11-05,6546,70631.99507506844
2024-11-05,6911,71547.09965859866
2024-11-05,6094,73848.32974053783
2024-11-05,6535,68688.76440172958
2024-11-05,7201,69159.1500635988
2024-11-05,6387,69711.93694694736
2024-11-05,6434,73358.03633769587
2024-11-05,7003,72180.58419981161
2024-11-05,6831,80642.72134599694
2024-11-05,6970,72437.77305208342
2024-11-05,6393,71039.00423995544
2024-11-05,6927,78321.3748284564
2024-11-05,7246,71709.43816539725
2024-11-05,6326,65230.562306699525
2024-11-05,6827,73472.90019864636
2024-11-05,6784,68926.4676898799
2024-11-05,7065,69499.32948059059
2024-11-05,6395,71244.22329956655
2024-11-05,6350,69057.38969707587
2024-11-05,6767,70739.26834472481
2024-11-05,6455,66882.36519676959
2024-11-05,7182,68262.17697737143
2024-11-05,6268,69934.00543219985
2024-11-05,6959,66637.78169084329
2024-11-05,6689,72027.70246363763
2024-11-05,7128,74130.77913390573
2024-11-05,7155,70553.88267665218
2024-11-05,6564,73485.00707898701
2024-11-05,6507,69066.0814590748
2024-11-05,6563,70564.51556818666
2024-11-05,6348,68231.4023288915
2024-11-05,6635,73145.56007516035
2024-11-05,6418,75341.69224945283
2024-11-05,7141,70438.20856615211
2024-11-05,7095,72990.71833219577
2024-11-05,6934,73664.892079547
2024-11-05,7288,69565.41142467389
2024-11-05,6554,52198.133735887706
2024-11-05,6454,75701.11791835548
2024-11-05,7038,76573.57968353515
2024-11-05,6919,70360.71059897178
2024-11-05,6663,72007.4007472092
2024-11-05,6631,68053.38856860723
2024-11-05,7032,64919.159703464575
2024-11-05,6487,71455.12575761655
2024-11-05,6476,69255.77569085205
2024-11-05,6856,70203.16633972504
2024-11-05,6398,84511.55309992991
2024-11-05,6854,72384.74981555325
2024-11-05,7083,68292.6694133219
2024-11-05,7275,73380.06835047725
2024-11-05,6681,72231.8228135515
2024-11-05,6904,61554.93331447626
2024-11-05,6734,64162.44116887796
2024-11-05,6524,69962.03807587641
2024-11-05,6736,74299.49008898425
2024-11-05,7292,69956.7728888563
2024-11-05,6803,62028.3758496375
2024-11-05,6797,73290.58331313751
2024-11-05,7296,69845.39725267242
2024-11-05,6861,70040.86526027642
2024-11-05,7213,63374.15445842623
2024-11-05,6304,69125.03789849993
2024-11-05,7002,67475.77437109927
2024-11-05,7224,73040.83561506815
2024-11-05,7010,70223.7135817336
2024-11-05,6633,53002.59470013806
2024-11-05,6634,69289.45124978811
2024-11-05,6755,53356.56389624498
2024-11-05,6679,70744.89545518551
2024-11-05,6364,71412.71557240326
2024-11-05,7200,69281.15318185183
2024-11-05,6368,67891.64836788422
2024-11-05,6424,70910.95850862811
2024-11-05,6534,70598.16602695899
2024-11-05,6604,73680.51469610861
2024-11-05,6254,71278.03739950198
2024-11-05,6824,66923.74340819208
2024-11-05,6548,68005.41104610132
2024-11-05,6696,70268.93803186214
2024-11-05,7089,76086.45746774987
2024-11-05,7219,57088.96878775771
2024-11-05,6298,61196.35216466076
2024-11-05,6287,71268.89431303546
2024-11-05,6445,70562.63123833413
2024-11-05,6876,71534.42589748076
2024-11-05,7084,64060.69940372481
2024-11-05,7165,60046.97766190267
2024-11-05,7036,70666.08489888556
2024-11-05,6761,69030.53667992017
2024-11-05,6866,70466.5776058803
2024-11-05,6582,67942.23679985425
2024-11-05,7268,68621.84567284147
2024-11-05,6239,69142.77145508205
2024-11-05,6544,69071.55295168077
2024-11-05,6842,68984.19542871362
2024-11-05,6594,72334.70435880148
2024-11-05,7067,73887.00483047708
2024-11-05,6565,74625.75963229855
2024-11-05,7174,72191.01322592834
2024-11-05,6780,70741.96514561454
2024-11-05,7080,65368.612497765585
2024-11-05,6616,78006.35510295501
2024-11-05,6410,62243.95953059157
2024-11-05,6568,70866.0269568334
2024-11-05,7146,73221.06199709544
2024-11-05,6618,71068.3491037916
2024-11-05,7159,80124.44586092759
2024-11-05,6585,72997.38611616427
2024-11-05,6538,56755.741153214025
2024-11-05,6978,69147.95385550181
2024-11-05,6686,70762.40419913606
2024-11-05,6382,72187.66335713537
2024-11-05,7031,67891.03312466094
2024-11-05,7197,69335.91039984864
2024-11-05,6905,62185.06739041902
2024-11-05,6829,69385.6704902043
2024-11-05,7258,70434.51852955463
2024-11-05,7073,72850.45263314502
2024-11-05,6974,67904.58245063253
2024-11-05,6963,68398.57061038354
2024-11-05,6659,56397.392040570245
2024-11-05,6758,53149.56085112954
2024-11-05,6751,66722.42446912159
2024-11-05,7186,60615.1257553567
2024-11-05,6674,70579.36316039704
2024-11-05,6351,69460.9495570315
2024-11-05,6420,73632.89826130566
2024-11-05,6752,62312.30724747687
2024-11-05,6602,58620.03366845721
2024-11-05,6520,70787.22775001501
2024-11-05,6723,54735.02136608886
2024-11-05,6432,70084.45838188422
2024-11-05,6899,73263.48782229927
2024-11-05,7150,69518.33063002319
2024-11-05,7278,84033.75941926026
2024-11-05,6874,68269.31995782511
2024-11-05,7172,61729.403428415375
2024-11-05,7211,68290.07833893453
2024-11-05,6693,70127.4453077631
2024-11-05,6547,68380.46650242947
2024-11-05,7149,72549.91982700661
2024-11-05,6783,73286.49966347775
2024-11-05,6101,78231.27608526971
2024-11-05,6940,70859.01286286084
2024-11-05,6249,70432.99311183742
2024-11-05,7124,56259.71588438928
2024-11-05,7276,74734.250215993
2024-11-05,7139,73383.56407513785
2024-11-05,6390,71024.33237630936
2024-11-05,7208,68848.54587468319
2024-11-05,6877,71422.917134948
2024-11-05,6291,62399.1710530664
2024-11-05,6246,69163.50464626304
2024-11-05,7027,70676.84002221146
2024-11-05,6680,66761.25447292102
2024-11-05,7047,91733.26641570152
2024-11-05,6414,68487.88628183478
2024-11-05,6832,74743.98361888473
2024-11-05,6762,69404.0183841771
2024-11-05,6977,58988.274659369104
2024-11-05,6082,71381.68378417811
2024-11-05,6676,70430.00029855127
2024-11-05,6845,72041.37605227403
2024-11-05,6400,69397.17892917736
2024-11-05,6417,71869.33514957935
2024-11-05,6880,68976.41593518447
2024-11-05,7190,62599.86782319518
2024-11-05,6541,69472.5520806276
2024-11-05,7016,70315.4529616686
2024-11-05,6598,78087.20799293689
2024-11-05,6411,60677.09172873174
2024-11-05,7106,70778.19885072472
2024-11-05,6517,73444.61099573113
2024-11-05,6757,55626.65281807419
2024-11-05,6715,68886.30804780968
2024-11-05,6668,74125.59778612723
2024-11-05,7066,63874.06483512635
2024-11-05,6925,73030.21610809295
2024-11-05,7063,66063.53591170942
2024-11-05,6759,57176.52698388461
2024-11-05,6972,72349.68530522312
2024-11-05,6994,77559.89621446468
2024-11-05,6888,72480.32353984159
2024-11-05,7111,67285.82050499214
2024-11-05,6669,69747.34037186037
2024-11-05,6601,70572.32764910816
2024-11-05,7236,72689.93402409219
2024-11-05,7171,58543.56863649825
2024-11-05,6852,66202.11404734131
2024-11-05,6496,67950.86267233315
2024-11-05,7072,61819.285812218455
2024-11-05,6727,67555.40375223695
2024-11-05,7249,62455.72702697359
2024-11-05,6493,66744.67449859252
2024-11-05,6092,74605.22921767639
2024-11-05,7169,72710.14801501333
2024-11-05,7254,70573.04841976035
2024-11-05,6025,76637.89265808082
2024-11-05,7039,69824.52351455772
2024-11-05,7168,62712.28186316527
2024-11-05,7060,73624.36874214362
2024-11-05,6789,69797.05411764127
2024-11-05,6333,73302.55640954581
2024-11-05,6552,71640.90158620158
2024-11-05,7034,68873.15263679827
2024-11-05,7195,72496.28668434863
2024-11-05,6632,70658.42864491532
2024-11-05,6540,70866.24368828296
2024-11-05,6936,51006.74426833109
2024-11-05,6903,78054.17167232401
2024-11-05,7091,72989.14223873662
2024-11-05,6863,70469.18420548677
2024-11-05,6722,64746.21846296986
2024-11-05,6906,76972.32677597494
2024-11-05,7175,68989.1246445633
2024-11-05,7189,63546.07468226739
2024-11-05,6799,70141.07838285207
2024-11-05,6320,72816.69415356532
2024-11-05,6427,72159.43437837476
2024-11-05,6754,57012.741534894965
2024-11-05,7018,56880.28535657568
2024-11-05,7248,70789.44824681575
2024-11-05,7110,70682.9208953221
2024-11-05,7117,67194.20011788858
2024-11-05,6574,70915.92433061884
2024-11-05,6388,75318.56381914594
2024-11-05,6788,69129.18788650972
2024-11-05,6961,72420.56419138289
2024-11-05,6649,76705.13458025226
2024-11-05,6642,69025.15164059403
2024-11-05,6775,74742.46078226803
2024-11-05,6313,70098.85531989163
2024-11-05,7291,55704.04138786994
2024-11-05,7222,99449.41216384596
2024-11-05,7070,74733.58269330977
2024-11-05,6536,57074.145056536036
2024-11-05,6763,71321.52726058065
2024-11-05,7097,70422.89938912966
2024-11-05,7077,73049.50977570651
2024-11-05,6769,66620.3686684941
2024-11-05,7196,70664.1413611648
2024-11-05,6558,70921.18979156457
2024-11-05,6870,70824.31488535267
2024-11-05,7137,71371.40217994692
2024-11-05,6792,63561.759097290225
2024-11-05,6307,68327.13747617569
2024-11-05,7134,72734.02244019388
2024-11-05,7244,73320.66899703348
2024-11-05,6492,77377.16245160702
2024-11-05,6658,60482.45081840787
2024-11-05,6575,52763.36507623952
2024-11-05,6661,70194.87319495495
2024-11-05,6966,73151.57720498928
2024-11-05,7098,64046.84487898506
2024-11-05,6776,68584.09375721008
2024-11-05,6785,55837.95139074038
2024-11-05,7048,74003.5059312752
2024-11-05,6882,69343.9643982278
2024-11-05,6443,74448.44910620248
2024-11-05,6553,50852.79760861864
2024-11-05,6482,74011.85508887949
2024-11-05,7126,63874.50319235813
2024-11-05,6250,70053.57529586193
2024-11-05,7024,72086.02627174932
2024-11-05,6999,69129.27068861517
2024-11-05,7076,69749.4646799726
2024-11-05,6719,66057.07906838652
2024-11-05,7033,72231.7552402075
2024-11-05,7129,70202.9343671861
2024-11-05,6924,71899.8372416346
2024-11-05,7086,76329.60408950648
2024-11-05,6494,70471.87003235104
2024-11-05,7000,75682.14197472173
2024-11-05,6878,65215.80808502675
2024-11-05,6630,69482.07750110913
2024-11-05,7056,72388.73206375397
2024-11-05,6328,71574.59005241266
2024-11-05,6225,65789.91866516789
2024-11-05,7266,67665.60687902692
2024-11-05,6811,72039.92557561708
2024-11-05,7009,81399.29578192336
2024-11-05,6718,61684.838392768885
2024-11-05,7256,74648.51775864772
2024-11-05,6588,74803.5786596548
2024-11-05,6213,70038.61822032476
2024-11-05,6952,67266.01165795994
2024-11-05,6323,72469.3441420643
2024-11-05,6838,68377.590191498
2024-11-05,7025,69984.3626072967
2024-11-05,7265,72869.59965202896
2024-11-05,7193,71755.29911719143
2024-11-05,6600,70208.63044710792
2024-11-05,6860,72169.7151965167
2024-11-05,6519,69872.2220185523
2024-11-05,7188,69236.36900334428
2024-11-05,7006,68904.3192968084
2024-11-05,6897,70915.02874935204
2024-11-05,7223,69196.51950080943
2024-11-05,6523,71155.81736714029
2024-11-05,6318,70603.66830614951
2024-11-05,6875,71089.40165230077
2024-11-05,6597,74042.89471194636
2024-11-05,6857,68385.23672523911
2024-11-05,7281,70912.64060052086
2024-11-05,6373,73965.71381663634
2024-11-05,7131,69008.87625139467
2024-11-05,6745,57071.37001451995
2024-11-05,6267,68579.01909802954
2024-11-05,6439,71703.79494229222
2024-11-05,7112,70258.55605326052
2024-11-05,6929,69805.69165774378
2024-11-05,7043,73166.72768148272
2024-11-05,7109,63790.58381607671
2024-11-05,6352,73013.00494005601
2024-11-05,6884,75770.02743293428
2024-11-05,6835,76257.52873909973
2024-11-05,6648,73664.55005824378
2024-11-05,6366,70229.20216929408
2024-11-05,6380,54005.09209242726
2024-11-05,6299,62446.04575134803
2024-11-05,6349,58823.39921326734
2024-11-05,6886,69397.07811821981
2024-11-05,6599,72557.01330403413
2024-11-05,6423,70683.41792675792
2024-11-05,6675,71278.36529138312
2024-11-05,7050,65141.58768611692
2024-11-05,6560,71565.4282543041
2024-11-05,6937,71222.79829486276
2024-11-05,7183,70928.23983764142
2024-11-05,7145,69245.08680090083
2024-11-05,6526,66531.28612464297
2024-11-05,6962,72322.75079624903
2024-11-05,6985,71671.45099036586
2024-11-05,6639,60445.09661732145
2024-11-05,6603,69254.67085272698
2024-11-05,6872,60630.95575054266
2024-11-05,6345,72355.00134279467
2024-11-05,7271,72269.27187961731
2024-11-05,6550,69079.28038807922
2024-11-05,7054,68558.16232717503
2024-11-05,6954,64513.06732976614
2024-11-05,6088,70983.94102532008
2024-11-05,6833,75874.75207933829
2024-11-05,7217,69672.96707159957
2024-11-05,7140,68267.11747292546
2024-11-05,6839,56542.62244628006
2024-11-05,7078,51665.29610433733
2024-11-05,6515,72084.57088609999
2024-11-05,7178,82614.13943676448
2024-11-05,6576,68754.09374177369
2024-11-05,7090,74461.86421148258
2024-11-05,6740,58845.85205423909
2024-11-05,6695,72816.62438175312
2024-11-05,7287,70472.21546614527
2024-11-05,6407,66728.64929396192
2024-11-05,6384,71175.50673240445
2024-11-05,6452,75281.27592880816
2024-11-05,6437,76765.65665303865
2024-11-05,6782,64717.491181529695
2024-11-05,6549,70719.28131050583
2024-11-05,6892,69716.27637486566
2024-11-05,6448,0
2024-11-05,6491,0
2024-11-05,6591,0
2024-11-05,6949,0
2024-11-05,7218,0
2024-11-05,7273,0
2024-11-05,7212,0
2024-11-05,7192,56435.851040975256
2024-11-06,6025,72612.14179221918
2024-11-06,6039,68647.68634720655
2024-11-06,6042,73612.41686608414
2024-11-06,6043,72132.46579543842
2024-11-06,6054,67105.38840002172
2024-11-06,6072,71259.49159443597
2024-11-06,6082,71081.22364666272
2024-11-06,6087,72860.17583859061
2024-11-06,6088,70880.40083663951
2024-11-06,6092,74130.46303259341
2024-11-06,6094,73376.94398931098
2024-11-06,6101,78228.14310568271
2024-11-06,6120,69969.06151161356
2024-11-06,6167,73159.38934771006
2024-11-06,6213,69482.89093008952
2024-11-06,6225,65810.695880726
2024-11-06,6232,77660.21374305616
2024-11-06,6239,68241.12586853668
2024-11-06,6245,70462.35003132685
2024-11-06,6246,67991.01359160594
2024-11-06,6248,63654.31200265527
2024-11-06,6250,69660.19412279363
2024-11-06,6251,62175.55973644378
2024-11-06,6254,70800.05964936937
2024-11-06,6266,74880.18967899286
2024-11-06,6267,69386.0546760306
2024-11-06,6268,69933.10057558797
2024-11-06,6272,70748.75746100425
2024-11-06,6291,62436.041149666045
2024-11-06,6295,70607.78979709395
2024-11-06,6297,68536.25833748153
2024-11-06,6298,61263.77278140937
2024-11-06,6299,62477.14978163633
2024-11-06,6304,69465.43011633152
2024-11-06,6307,68376.19869815675
2024-11-06,6313,70560.55498874762
2024-11-06,6316,70616.07106811149
2024-11-06,6317,70436.80085419059
2024-11-06,6318,70569.86998673825
2024-11-06,6320,72843.56318841463
2024-11-06,6323,71787.74074041125
2024-11-06,6324,63782.278650305
2024-11-06,6325,69369.82700216476
2024-11-06,6326,65468.09589565433
2024-11-06,6327,69160.38042193028
2024-11-06,6328,71623.99190751815
2024-11-06,6329,69768.95648660288
2024-11-06,6330,62718.91759899012
2024-11-06,6331,66289.14834724234
2024-11-06,6332,69784.5157667761
2024-11-06,6333,73480.75071215988
2024-11-06,6334,73505.37496559382
2024-11-06,6335,66774.17515099632
2024-11-06,6336,72742.7167426795
2024-11-06,6338,65496.01168086919
2024-11-06,6345,72695.42176574827
2024-11-06,6346,66838.01873254146
2024-11-06,6348,68290.47336401751
2024-11-06,6349,58266.65994012157
2024-11-06,6350,67799.26420360937
2024-11-06,6351,68697.12618332173
2024-11-06,6352,73171.69881354002
2024-11-06,6357,68480.22144272915
2024-11-06,6358,73134.82091096383
2024-11-06,6360,69333.30245476132
2024-11-06,6363,77462.506935610465
2024-11-06,6364,70942.21769999134
2024-11-06,6366,70192.91066709544
2024-11-06,6367,67144.62018885411
2024-11-06,6368,68516.1565236159
2024-11-06,6370,68315.66465612054
2024-11-06,6372,67315.2507433305
2024-11-06,6373,73924.46050991424
2024-11-06,6374,70469.25615152766
2024-11-06,6379,73056.93016767038
2024-11-06,6380,54143.41355516841
2024-11-06,6382,71783.93623840722
2024-11-06,6384,71646.46802934469
2024-11-06,6385,69931.52113756613
2024-11-06,6387,69975.28821785988
2024-11-06,6388,74790.67570303624
2024-11-06,6389,72060.09826398123
2024-11-06,6390,70581.3111178047
2024-11-06,6392,100442.25773585368
2024-11-06,6393,71399.09517379409
2024-11-06,6395,71323.8767627488
2024-11-06,6396,70404.43991007493
2024-11-06,6398,84532.70083814084
2024-11-06,6400,69354.62894133349
2024-11-06,6402,70233.66846175441
2024-11-06,6406,74689.92362121408
2024-11-06,6407,66182.79554510539
2024-11-06,6408,77693.41207606994
2024-11-06,6410,62150.0907093761
2024-11-06,6411,64567.48043430883
2024-11-06,6413,69890.7114747472
2024-11-06,6414,68402.63419048884
2024-11-06,6417,71832.09761454462
2024-11-06,6418,73234.80426704309
2024-11-06,6420,74052.57210534124
2024-11-06,6423,70275.57246768885
2024-11-06,6424,70662.52091766671
2024-11-06,6425,61411.92184436987
2024-11-06,6426,68348.95840007474
2024-11-06,6427,72114.16039184526
2024-11-06,6428,76555.31576514407
2024-11-06,6429,68210.9117784591
2024-11-06,6431,77362.19029230265
2024-11-06,6432,70649.10418689618
2024-11-06,6434,73649.08240356253
2024-11-06,6435,71907.31322245848
2024-11-06,6436,71498.77276572828
2024-11-06,6438,69286.24248146579
2024-11-06,6439,69516.38472290694
2024-11-06,6441,71225.22930110029
2024-11-06,6443,74737.33802666848
2024-11-06,6445,70537.24803033381
2024-11-06,6446,73046.94270106325
2024-11-06,6447,69207.67840608243
2024-11-06,6450,70126.9229896806
2024-11-06,6451,70849.6764187027
2024-11-06,6453,71776.44747286676
2024-11-06,6454,75472.35171212621
2024-11-06,6455,67145.43587849675
2024-11-06,6456,73012.41143868511
2024-11-06,6475,71216.87146839814
2024-11-06,6476,69389.16956428574
2024-11-06,6477,75060.25513887899
2024-11-06,6480,75888.92661365395
2024-11-06,6482,74977.5316113034
2024-11-06,6485,51284.16776381876
2024-11-06,6487,71354.29349588335
2024-11-06,6488,69265.86191477095
2024-11-06,6490,70110.53703155903
2024-11-06,6492,77395.61513838283
2024-11-06,6493,66644.99727985414
2024-11-06,6494,70639.10248185632
2024-11-06,6496,68806.1239772881
2024-11-06,6498,70293.0399856185
2024-11-06,6501,71556.29250129635
2024-11-06,6503,65889.66603248486
2024-11-06,6504,68179.63048380658
2024-11-06,6505,72647.17488446482
2024-11-06,6506,74108.47204025392
2024-11-06,6507,69643.55369359364
2024-11-06,6509,70493.57151003275
2024-11-06,6510,72507.04619444889
2024-11-06,6511,69603.8488151466
2024-11-06,6512,70629.55064165952
2024-11-06,6514,70159.6851048019
2024-11-06,6515,71766.75154392599
2024-11-06,6516,72432.91912343734
2024-11-06,6517,72046.71183503245
2024-11-06,6518,69775.48551780965
2024-11-06,6519,69519.94690528556
2024-11-06,6520,70788.40810395675
2024-11-06,6522,68239.92972466578
2024-11-06,6523,70922.28658933761
2024-11-06,6524,72553.5077640043
2024-11-06,6525,73360.51783873388
2024-11-06,6526,65090.85606728826
2024-11-06,6531,67410.87462793652
2024-11-06,6533,70075.24678242524
2024-11-06,6534,70932.89963658091
2024-11-06,6535,68747.27931531948
2024-11-06,6536,57007.607453086544
2024-11-06,6538,56751.961452125215
2024-11-06,6540,70886.01862267907
2024-11-06,6541,69264.31039044366
2024-11-06,6544,69024.04507455259
2024-11-06,6545,65773.39799412143
2024-11-06,6546,70375.42388051565
2024-11-06,6547,68324.07159835711
2024-11-06,6548,68059.6294820357
2024-11-06,6550,69134.87593006557
2024-11-06,6552,71773.80842049593
2024-11-06,6553,51463.74559053175
2024-11-06,6554,52213.28686429048
2024-11-06,6558,70804.25822890476
2024-11-06,6559,70481.72381583399
2024-11-06,6560,70896.12249805749
2024-11-06,6561,69786.27123076601
2024-11-06,6562,72899.74127895353
2024-11-06,6563,70295.31603327741
2024-11-06,6564,73696.26988220523
2024-11-06,6565,74704.8061045801
2024-11-06,6567,70754.0496328948
2024-11-06,6568,70934.81631522112
2024-11-06,6569,67073.22611062971
2024-11-06,6571,70671.45470950498
2024-11-06,6574,67141.65358057522
2024-11-06,6575,53712.31141031631
2024-11-06,6576,68967.1544634875
2024-11-06,6577,70109.88905693243
2024-11-06,6580,67594.25888860374
2024-11-06,6581,69959.53983157336
2024-11-06,6582,68214.19016834476
2024-11-06,6583,63881.64516641862
2024-11-06,6585,72950.09117929291
2024-11-06,6586,71866.18991697568
2024-11-06,6588,74634.82894960973
2024-11-06,6590,74103.3274578738
2024-11-06,6594,71885.35495681729
2024-11-06,6597,74287.1836895093
2024-11-06,6598,78292.14612932815
2024-11-06,6599,73717.95182069697
2024-11-06,6600,70507.58382946996
2024-11-06,6601,70782.65738787895
2024-11-06,6602,59202.7299543908
2024-11-06,6603,69760.02199727729
2024-11-06,6604,73523.22233055792
2024-11-06,6607,73550.06138647819
2024-11-06,6609,71361.40072682434
2024-11-06,6616,78602.6974800207
2024-11-06,6618,70998.01871665248
2024-11-06,6619,68638.41678667128
2024-11-06,6623,65126.91514212725
2024-11-06,6624,57035.85517604064
2024-11-06,6626,69995.72273784709
2024-11-06,6629,73655.22651444789
2024-11-06,6630,69807.29639745351
2024-11-06,6631,68098.7159695832
2024-11-06,6632,70376.59529917761
2024-11-06,6633,53072.654912446334
2024-11-06,6634,69108.5894531105
2024-11-06,6635,71505.54328402692
2024-11-06,6636,73460.58616705524
2024-11-06,6637,52856.83410609287
2024-11-06,6639,65814.12580123731
2024-11-06,6641,64661.39394759344
2024-11-06,6642,68934.43034181847
2024-11-06,6643,72901.24440233306
2024-11-06,6644,70562.68750844544
2024-11-06,6647,70448.9619161507
2024-11-06,6648,73602.14367362409
2024-11-06,6649,76787.28842632017
2024-11-06,6655,69152.24392551785
2024-11-06,6658,59970.44505295936
2024-11-06,6659,59435.46045092582
2024-11-06,6660,72852.86543173251
2024-11-06,6661,70266.57158642643
2024-11-06,6662,70269.38245142846
2024-11-06,6663,71754.16883460029
2024-11-06,6664,77792.5727168686
2024-11-06,6666,73813.78409814031
2024-11-06,6668,73088.28797610335
2024-11-06,6669,69101.27241814623
2024-11-06,6670,72156.05290855831
2024-11-06,6674,70943.22611043195
2024-11-06,6675,71574.4414365491
2024-11-06,6676,70350.89154082285
2024-11-06,6679,71108.45370815227
2024-11-06,6680,67017.70334862788
2024-11-06,6681,72251.77111415363
2024-11-06,6683,69737.08370316363
2024-11-06,6686,70908.18853484298
2024-11-06,6687,72311.94209273634
2024-11-06,6689,71772.11545421305
2024-11-06,6692,76702.99124584782
2024-11-06,6693,69722.13077832984
2024-11-06,6695,72832.18118248896
2024-11-06,6696,70364.30531961098
2024-11-06,6714,70526.58714596884
2024-11-06,6715,69213.56389871685
2024-11-06,6716,70502.45148675522
2024-11-06,6717,74157.91897472758
2024-11-06,6718,61839.79168263805
2024-11-06,6719,66358.02676332435
2024-11-06,6722,63513.59600739832
2024-11-06,6723,55405.28904207173
2024-11-06,6724,66764.1613928237
2024-11-06,6725,70880.65748292573
2024-11-06,6726,71647.13774206382
2024-11-06,6727,67616.5329383121
2024-11-06,6728,71487.4083927765
2024-11-06,6730,56750.66203751648
2024-11-06,6731,71353.47282157649
2024-11-06,6733,63523.87412409667
2024-11-06,6734,64013.832082212415
2024-11-06,6736,73057.89243213185
2024-11-06,6737,72546.91888939383
2024-11-06,6740,59178.54855455492
2024-11-06,6741,68445.28643281959
2024-11-06,6745,57280.049911616945
2024-11-06,6746,57255.63642835056
2024-11-06,6747,58044.4938919962
2024-11-06,6749,61053.80787994818
2024-11-06,6750,70082.8889057834
2024-11-06,6751,66484.13220470425
2024-11-06,6752,62676.85230269616
2024-11-06,6753,54573.91726782098
2024-11-06,6754,57365.4621186439
2024-11-06,6755,54868.249879234325
2024-11-06,6756,59328.260297844754
2024-11-06,6757,56763.67590014638
2024-11-06,6758,53086.02930891589
2024-11-06,6759,57713.460075340074
2024-11-06,6761,69009.8283558541
2024-11-06,6762,69128.1076729591
2024-11-06,6763,70909.55106843993
2024-11-06,6764,64907.35911950752
2024-11-06,6767,71218.33778585693
2024-11-06,6768,70371.583762905
2024-11-06,6769,65263.73447975928
2024-11-06,6773,64891.7812885948
2024-11-06,6774,66511.82197592821
2024-11-06,6775,74409.71220673413
2024-11-06,6776,70135.8082932003
2024-11-06,6777,61454.158096202424
2024-11-06,6779,65345.73016513393
2024-11-06,6780,70147.31823596188
2024-11-06,6783,72815.6924040912
2024-11-06,6784,68815.26296113801
2024-11-06,6785,55520.01415509105
2024-11-06,6787,68434.65385182785
2024-11-06,6788,69192.8586116804
2024-11-06,6789,70258.6615194986
2024-11-06,6792,61826.88223077755
2024-11-06,6794,62032.45435807452
2024-11-06,6797,72725.38532110564
2024-11-06,6798,82315.27630871623
2024-11-06,6799,70393.08575502102
2024-11-06,6800,66902.04231442843
2024-11-06,6801,59618.70677440497
2024-11-06,6803,62151.73790121968
2024-11-06,6804,72167.58603116125
2024-11-06,6809,69717.33388928704
2024-11-06,6810,68868.02831898586
2024-11-06,6811,72035.62901623615
2024-11-06,6812,67549.85126691703
2024-11-06,6813,68826.93622263517
2024-11-06,6815,65585.33470117
2024-11-06,6817,73524.14969398484
2024-11-06,6818,67898.63503606389
2024-11-06,6824,67138.34776302901
2024-11-06,6826,68415.22825994897
2024-11-06,6827,73269.55854878027
2024-11-06,6829,69389.20817003491
2024-11-06,6830,72870.54796016986
2024-11-06,6831,80667.39364403188
2024-11-06,6832,75444.8633980469
2024-11-06,6833,75816.52413164923
2024-11-06,6834,74315.04232117337
2024-11-06,6835,76219.79552626461
2024-11-06,6838,68310.45128371571
2024-11-06,6839,56503.08597559874
2024-11-06,6841,69487.74127222983
2024-11-06,6842,68275.85384584655
2024-11-06,6844,69266.86161756684
2024-11-06,6845,71557.34251595868
2024-11-06,6846,73896.53529025723
2024-11-06,6849,65875.27461912417
2024-11-06,6851,64057.17094730089
2024-11-06,6852,66215.54062256147
2024-11-06,6853,61697.74945437651
2024-11-06,6854,72025.9664405164
2024-11-06,6856,69994.98882625879
2024-11-06,6857,68090.86823810311
2024-11-06,6858,67756.716763157
2024-11-06,6860,71957.38895120322
2024-11-06,6861,69981.65025381386
2024-11-06,6862,69918.28615054631
2024-11-06,6863,70480.14662715136
2024-11-06,6865,71458.18671899219
2024-11-06,6866,70430.65143039239
2024-11-06,6868,63860.96365102882
2024-11-06,6869,70650.64769605741
2024-11-06,6870,70808.17606203948
2024-11-06,6872,60660.39707211299
2024-11-06,6873,69775.97527139231
2024-11-06,6874,68262.81273675353
2024-11-06,6875,68324.83195209022
2024-11-06,6876,71048.58381027024
2024-11-06,6877,71104.80637481257
2024-11-06,6878,65408.05203320383
2024-11-06,6879,70912.47223974194
2024-11-06,6880,68821.51121775633
2024-11-06,6881,60371.92904910147
2024-11-06,6882,66830.50273722412
2024-11-06,6883,67016.09424907637
2024-11-06,6884,75645.9800714399
2024-11-06,6885,69911.82932699521
2024-11-06,6886,69811.230786419
2024-11-06,6887,64626.96821284135
2024-11-06,6888,72304.78956624994
2024-11-06,6891,61490.037599246614
2024-11-06,6894,66747.27505125098
2024-11-06,6896,70399.84427793996
2024-11-06,6897,69372.73626886103
2024-11-06,6898,70211.11254793433
2024-11-06,6899,73129.06670085703
2024-11-06,6900,69799.89270829466
2024-11-06,6903,78621.85053124593
2024-11-06,6904,61636.858454122696
2024-11-06,6905,61836.46236950879
2024-11-06,6906,74938.71175584162
2024-11-06,6909,71348.9442657097
2024-11-06,6911,71631.48093030945
2024-11-06,6918,73466.6617926109
2024-11-06,6919,70069.26145534351
2024-11-06,6921,73560.67940572144
2024-11-06,6922,71665.4137132159
2024-11-06,6923,67631.56034795532
2024-11-06,6924,71487.44704741685
2024-11-06,6925,73902.32549411732
2024-11-06,6926,71802.37474119599
2024-11-06,6927,77788.34084610215
2024-11-06,6928,72279.40742094115
2024-11-06,6929,69752.57797728539
2024-11-06,6930,71188.23816315443
2024-11-06,6931,61159.442042151146
2024-11-06,6932,69256.58583988863
2024-11-06,6933,67222.2251840931
2024-11-06,6934,73599.64127867672
2024-11-06,6935,73080.6180270283
2024-11-06,6936,49990.27019300546
2024-11-06,6937,71053.8408082918
2024-11-06,6939,71747.34460404472
2024-11-06,6940,70836.28967090299
2024-11-06,6941,68846.89807610441
2024-11-06,6942,65559.94867800082
2024-11-06,6944,83723.43023488963
2024-11-06,6948,73657.72582395925
2024-11-06,6951,71317.04061250846
2024-11-06,6952,66271.54347793732
2024-11-06,6953,64783.62155547839
2024-11-06,6954,65890.85057493502
2024-11-06,6956,64792.63551232928
2024-11-06,6957,71414.81911383165
2024-11-06,6959,66550.18671272912
2024-11-06,6960,76328.51343507342
2024-11-06,6961,70284.75393312654
2024-11-06,6962,69275.51723638548
2024-11-06,6963,68361.39140496404
2024-11-06,6965,69525.660282139
2024-11-06,6966,73263.6651876872
2024-11-06,6967,69839.28654258429
2024-11-06,6968,68936.58912728899
2024-11-06,6969,70819.11637638198
2024-11-06,6970,72572.80008639435
2024-11-06,6971,72351.52522279139
2024-11-06,6972,73188.6580903262
2024-11-06,6973,71202.38364896654
2024-11-06,6974,67511.07653522503
2024-11-06,6977,57794.9793224966
2024-11-06,6978,69154.80770506167
2024-11-06,6985,71540.1357122266
2024-11-06,6993,66399.67778115634
2024-11-06,6994,76918.70365820597
2024-11-06,6997,73378.70186781045
2024-11-06,6999,70062.05738117897
2024-11-06,7000,75729.5795889923
2024-11-06,7002,67026.48842408106
2024-11-06,7003,72083.10225382993
2024-11-06,7004,69209.57839007305
2024-11-06,7005,70776.2148716549
2024-11-06,7006,69133.03814106845
2024-11-06,7007,69635.34147802173
2024-11-06,7008,70643.30506517539
2024-11-06,7009,80679.95408160936
2024-11-06,7010,70183.53048037896
2024-11-06,7011,69184.81576613078
2024-11-06,7012,67046.6861765921
2024-11-06,7013,68199.62482554195
2024-11-06,7014,71572.22193117302
2024-11-06,7016,70357.06032826303
2024-11-06,7017,72792.41875330603
2024-11-06,7018,57300.78032046437
2024-11-06,7019,58399.26521825322
2024-11-06,7020,73679.90545712273
2024-11-06,7021,70396.6666831147
2024-11-06,7022,67553.7420733878
2024-11-06,7024,71735.3368088376
2024-11-06,7025,70000.89324520945
2024-11-06,7026,70643.04732004085
2024-11-06,7027,70628.49425345598
2024-11-06,7028,71679.99005540492
2024-11-06,7030,69693.6543269926
2024-11-06,7031,67943.43120904735
2024-11-06,7032,64518.75410452107
2024-11-06,7033,72161.89414201702
2024-11-06,7034,67848.54460153845
2024-11-06,7035,69248.4200176877
2024-11-06,7036,70484.7171017412
2024-11-06,7037,62909.260140067076
2024-11-06,7038,76905.20344591349
2024-11-06,7039,69630.32065084921
2024-11-06,7040,66623.57806360188
2024-11-06,7042,74142.8074908958
2024-11-06,7043,73391.78255581851
2024-11-06,7047,86074.12054422808
2024-11-06,7048,73935.48486601136
2024-11-06,7049,67380.67116529151
2024-11-06,7050,65390.54385742242
2024-11-06,7052,68971.62217436096
2024-11-06,7053,62804.47901985987
2024-11-06,7054,68655.68667433033
2024-11-06,7056,72496.44317304905
2024-11-06,7060,73687.21885018282
2024-11-06,7062,62098.46595021547
2024-11-06,7063,66666.0968215537
2024-11-06,7064,68758.39201009933
2024-11-06,7065,69410.48962252442
2024-11-06,7066,63016.59748670101
2024-11-06,7067,74093.93662057567
2024-11-06,7068,69432.17265241932
2024-11-06,7069,68480.22352512545
2024-11-06,7070,74475.43660369689
2024-11-06,7072,61594.19443248156
2024-11-06,7073,72800.1269500051
2024-11-06,7075,64646.77253076853
2024-11-06,7076,69839.32604225527
2024-11-06,7077,72953.46628997564
2024-11-06,7078,51351.78249682541
2024-11-06,7079,71123.14688187299
2024-11-06,7080,67169.57423207784
2024-11-06,7081,72663.33778499863
2024-11-06,7083,69343.95495978155
2024-11-06,7084,63431.48416484643
2024-11-06,7085,72910.84258669632
2024-11-06,7086,76266.4730866791
2024-11-06,7087,76032.41014260908
2024-11-06,7090,74675.7954886256
2024-11-06,7091,72913.3822617325
2024-11-06,7092,75731.96158999599
2024-11-06,7095,72552.21517626374
2024-11-06,7096,69681.21633015452
2024-11-06,7097,71085.63123913886
2024-11-06,7098,64438.82330003156
2024-11-06,7100,58840.69570615021
2024-11-06,7101,71128.57196848988
2024-11-06,7104,70777.9235301391
2024-11-06,7105,78168.82126383521
2024-11-06,7106,70878.0094363259
2024-11-06,7107,66177.47058502249
2024-11-06,7108,70448.954148705845
2024-11-06,7109,63498.2700696318
2024-11-06,7110,69314.88390620334
2024-11-06,7111,66157.73457518918
2024-11-06,7112,70176.40545316463
2024-11-06,7113,55565.617270096685
2024-11-06,7115,69231.8035395024
2024-11-06,7116,73042.95908895234
2024-11-06,7117,67492.41697268505
2024-11-06,7121,62382.43027672597
2024-11-06,7122,74199.30377724637
2024-11-06,7124,56463.83406302861
2024-11-06,7125,69933.31101395938
2024-11-06,7126,63071.297521753106
2024-11-06,7127,67234.42580106742
2024-11-06,7128,73787.04030949913
2024-11-06,7129,69828.32982568574
2024-11-06,7131,69515.66848348117
2024-11-06,7134,72726.37882437072
2024-11-06,7135,71238.95927214589
2024-11-06,7136,74362.41033348479
2024-11-06,7137,71238.70223231173
2024-11-06,7139,72263.77000938579
2024-11-06,7140,67702.1785024334
2024-11-06,7141,70482.64160031898
2024-11-06,7144,73674.22855531104
2024-11-06,7145,69354.04065290713
2024-11-06,7146,73310.86031509736
2024-11-06,7147,67446.90609980622
2024-11-06,7149,72423.55094285401
2024-11-06,7150,72110.82570870782
2024-11-06,7151,69241.89597489685
2024-11-06,7152,68700.85261671727
2024-11-06,7155,72436.46893320887
2024-11-06,7156,69426.85675822993
2024-11-06,7157,71634.70324208986
2024-11-06,7158,71732.59105580271
2024-11-06,7159,80961.20922907632
2024-11-06,7165,59817.315724271226
2024-11-06,7168,62624.397659824055
2024-11-06,7169,72445.44190000652
2024-11-06,7170,65231.72542192611
2024-11-06,7171,58926.63442475968
2024-11-06,7172,60102.616002867464
2024-11-06,7173,56741.71304078805
2024-11-06,7174,72210.26005072719
2024-11-06,7175,69538.45273990555
2024-11-06,7178,82098.26456055604
2024-11-06,7180,57202.697132693494
2024-11-06,7182,68976.60741453206
2024-11-06,7183,70317.38113334464
2024-11-06,7184,63948.69858184373
2024-11-06,7185,58255.39988002871
2024-11-06,7186,60989.96333677068
2024-11-06,7187,62928.1326753079
2024-11-06,7188,69168.51402561217
2024-11-06,7189,63480.5344208692
2024-11-06,7190,62592.10715910728
2024-11-06,7193,71405.507075862
2024-11-06,7195,72489.52403835139
2024-11-06,7196,70720.4754306976
2024-11-06,7197,69830.09806708875
2024-11-06,7198,129023.0036262338
2024-11-06,7199,73784.6475569284
2024-11-06,7200,69252.15414004296
2024-11-06,7201,68530.96237216928
2024-11-06,7202,73257.1442084661
2024-11-06,7205,71703.86016955216
2024-11-06,7206,77240.74215172355
2024-11-06,7207,114462.57593332672
2024-11-06,7208,69859.92398111847
2024-11-06,7209,56271.363523505286
2024-11-06,7210,68898.2868022022
2024-11-06,7211,68329.30516973104
2024-11-06,7213,69132.63303018532
2024-11-06,7214,68781.26997335731
2024-11-06,7216,69974.47077320587
2024-11-06,7217,70006.17252838003
2024-11-06,7219,57146.17246618901
2024-11-06,7220,69582.95844463064
2024-11-06,7221,71519.67672207044
2024-11-06,7222,100942.3685741472
2024-11-06,7223,69314.62273428815
2024-11-06,7224,71902.58958312041
2024-11-06,7225,70235.49279913004
2024-11-06,7226,69372.6635427276
2024-11-06,7227,73500.98648237188
2024-11-06,7231,69256.24641499612
2024-11-06,7234,55448.654034574625
2024-11-06,7236,72875.2343065855
2024-11-06,7238,72897.1064396533
2024-11-06,7239,143212.91714229438
2024-11-06,7240,71756.7260890194
2024-11-06,7241,60519.149710772275
2024-11-06,7242,55716.581189324905
2024-11-06,7244,74424.24286601294
2024-11-06,7245,69104.60113487608
2024-11-06,7246,70862.63731990843
2024-11-06,7248,71967.5057155355
2024-11-06,7249,63217.68136845818
2024-11-06,7250,63684.14863537224
2024-11-06,7251,71218.04958797616
2024-11-06,7253,74522.63653029296
2024-11-06,7254,70677.05451346554
2024-11-06,7256,74699.25206012568
2024-11-06,7258,69587.88468142769
2024-11-06,7260,69820.97104693575
2024-11-06,7261,70019.0906370473
2024-11-06,7265,72832.21808583141
2024-11-06,7266,67830.41269270741
2024-11-06,7267,78036.12926987113
2024-11-06,7268,68393.28486275222
2024-11-06,7269,70851.78057458
2024-11-06,7271,72111.53805414257
2024-11-06,7272,73401.06184208779
2024-11-06,7274,68174.67537584373
2024-11-06,7275,73346.71879837124
2024-11-06,7276,74865.31745085158
2024-11-06,7278,83344.1591303577
2024-11-06,7279,70371.40396407651
2024-11-06,7280,68542.42290808196
2024-11-06,7281,70448.3976783393
2024-11-06,7282,72686.74904957476
2024-11-06,7283,68802.36253170703
2024-11-06,7287,70231.91666670368
2024-11-06,7288,69600.12391492951
2024-11-06,7289,71527.95592120233
2024-11-06,7291,57929.4627383671
2024-11-06,7292,70142.26571609815
2024-11-06,7295,68385.44834184823
2024-11-06,7296,69437.18814441335
2024-11-06,6287,71254.41872837752
2024-11-06,6249,70411.4401282983
2024-11-06,7293,76088.19860492168
2024-11-06,7089,77273.14272358459
2024-11-06,6508,67534.6982919174
2024-11-06,6437,77026.54058472905
2024-11-06,6452,75364.67477644114
2024-11-06,6782,63392.43571180073
2024-11-06,6549,70660.45864027736
2024-11-06,6892,69623.10831189774
2024-11-06,6491,0
2024-11-06,6448,0
2024-11-06,6591,0
2024-11-06,6949,0
2024-11-06,7218,0
2024-11-06,7212,0
2024-11-06,7273,0
2024-11-06,7192,57034.44169776818
2024-11-07,6025,72858.43298322034
2024-11-07,6042,73759.85126432095
2024-11-07,6043,71969.30019476978
2024-11-07,6054,67626.39561757713
2024-11-07,6072,70543.31723595661
2024-11-07,6082,71061.95888625654
2024-11-07,6087,72828.1214853975
2024-11-07,6088,70857.78456075364
2024-11-07,6092,74502.480293552
2024-11-07,6094,73641.08024547632
2024-11-07,6101,77536.90092600549
2024-11-07,6120,70036.53727337121
2024-11-07,6167,72197.93278104681
2024-11-07,6213,69478.78612958506
2024-11-07,6225,66007.56643899149
2024-11-07,6232,77306.56161419742
2024-11-07,6239,69235.1787255647
2024-11-07,6245,71069.78360680501
2024-11-07,6246,68910.64052862907
2024-11-07,6248,64015.12730079227
2024-11-07,6250,69853.85616958777
2024-11-07,6266,74535.61539252519
2024-11-07,6267,68632.09046777782
2024-11-07,6268,70167.62175767252
2024-11-07,6291,62438.28433457654
2024-11-07,6295,71806.50734715175
2024-11-07,6297,69165.43262152592
2024-11-07,6298,61221.84091670245
2024-11-07,6299,61396.67372395516
2024-11-07,6304,69410.63275566499
2024-11-07,6307,68963.23401109435
2024-11-07,6316,70643.71576995197
2024-11-07,6317,70482.12502650294
2024-11-07,6318,68859.6607684265
2024-11-07,6320,72869.58584816362
2024-11-07,6323,71955.29988502749
2024-11-07,6325,69360.74235664794
2024-11-07,6326,65872.45815937407
2024-11-07,6327,69594.64693184139
2024-11-07,6328,71729.1417091903
2024-11-07,6329,68860.94746233954
2024-11-07,6330,62081.90245068849
2024-11-07,6331,66466.06081377577
2024-11-07,6332,70126.65781862501
2024-11-07,6333,73251.23378737393
2024-11-07,6334,73544.1271878507
2024-11-07,6335,66875.853892072
2024-11-07,6336,72815.61018828429
2024-11-07,6338,65969.74255297698
2024-11-07,6346,68163.51984316033
2024-11-07,6349,58240.959329014375
2024-11-07,6350,68846.65615868836
2024-11-07,6351,69790.21757045167
2024-11-07,6352,73221.50553683135
2024-11-07,6357,68326.67086511556
2024-11-07,6360,67798.239418747093
2024-11-07,6363,77078.8581167627
2024-11-07,6364,70329.09108237295
2024-11-07,6366,70017.80867392235
2024-11-07,6370,68538.7921316289
2024-11-07,6380,56573.61750304386
2024-11-07,6382,71885.24003278234
2024-11-07,6384,71492.0189790796
2024-11-07,6385,70061.46009397153
2024-11-07,6387,69532.01725094569
2024-11-07,6388,75193.49688274515
2024-11-07,6389,71849.04483619257
2024-11-07,6392,93115.5470778904
2024-11-07,6393,69755.13170137031
2024-11-07,6395,71600.97009777294
2024-11-07,6396,70854.74731621974
2024-11-07,6400,69330.44915895228
2024-11-07,6406,73589.50293360306
2024-11-07,6411,60597.84795853413
2024-11-07,6413,70592.29454768823
2024-11-07,6414,68478.32299363038
2024-11-07,6420,72790.6263748259
2024-11-07,6423,71007.69910093112
2024-11-07,6426,68624.59765145597
2024-11-07,6428,76590.64159283208
2024-11-07,6431,77348.41638840077
2024-11-07,6432,69937.69415822228
2024-11-07,6434,72684.19829075896
2024-11-07,6435,72071.12014488368
2024-11-07,6436,71461.24918862325
2024-11-07,6438,68674.10591883947
2024-11-07,6441,71724.53822781034
2024-11-07,6443,74586.13839257378
2024-11-07,6445,70457.6023247989
2024-11-07,6447,69308.15768334176
2024-11-07,6450,70131.32640941776
2024-11-07,6451,72006.52660684015
2024-11-07,6453,71581.53666460206
2024-11-07,6454,75635.48979401292
2024-11-07,6455,66768.33390070821
2024-11-07,6456,73141.14482516529
2024-11-07,6475,71014.60251659498
2024-11-07,6476,69219.8935090245
2024-11-07,6477,75052.32218331391
2024-11-07,6482,73697.22271846476
2024-11-07,6487,71474.13957048429
2024-11-07,6490,70984.2449700809
2024-11-07,6492,77836.26361975998
2024-11-07,6493,66185.49500044946
2024-11-07,6494,70531.83691652781
2024-11-07,6496,69461.26427085369
2024-11-07,6498,70588.60852688394
2024-11-07,6501,71600.82613870908
2024-11-07,6503,65285.59099174166
2024-11-07,6504,68282.87484257678
2024-11-07,6505,72588.67417839012
2024-11-07,6506,73749.88845901325
2024-11-07,6507,70131.39695776756
2024-11-07,6509,70236.41336105189
2024-11-07,6511,69463.02865057976
2024-11-07,6512,70510.658096514715
2024-11-07,6514,70134.26308472699
2024-11-07,6516,72872.39463639962
2024-11-07,6518,70127.07280239156
2024-11-07,6519,69882.19314422343
2024-11-07,6524,68398.80759574726
2024-11-07,6526,66043.87768907272
2024-11-07,6531,67390.40547307138
2024-11-07,6534,70876.71586692537
2024-11-07,6536,57552.07738862792
2024-11-07,6538,57135.900999886784
2024-11-07,6540,70884.46506822953
2024-11-07,6544,68646.87629550463
2024-11-07,6545,65790.65659050584
2024-11-07,6546,70271.28022560397
2024-11-07,6547,69048.83673786049
2024-11-07,6548,68688.15067724351
2024-11-07,6550,69157.84026968201
2024-11-07,6552,71772.38363852931
2024-11-07,6553,51491.32946006908
2024-11-07,6554,49231.338166865025
2024-11-07,6558,70628.0391368757
2024-11-07,6560,71341.84836676528
2024-11-07,6561,69828.3258314995
2024-11-07,6562,72869.670692522
2024-11-07,6563,70600.93454198987
2024-11-07,6564,73774.97977050695
2024-11-07,6565,74681.02077013643
2024-11-07,6568,70677.71961370649
2024-11-07,6569,67963.27320580593
2024-11-07,6574,70718.85379114257
2024-11-07,6577,70206.67620148038
2024-11-07,6580,67393.97355508832
2024-11-07,6581,70430.75558752975
2024-11-07,6582,68706.77267939968
2024-11-07,6585,76165.44770154715
2024-11-07,6586,68264.58584962934
2024-11-07,6588,74812.67002374194
2024-11-07,6590,73808.5344873893
2024-11-07,6597,74369.05343545812
2024-11-07,6598,77949.70385429071
2024-11-07,6599,72582.89761229779
2024-11-07,6600,70958.73321384878
2024-11-07,6601,70800.05282605419
2024-11-07,6602,57427.57048812218
2024-11-07,6603,69538.60744543799
2024-11-07,6604,73124.52216595218
2024-11-07,6607,73627.33430239705
2024-11-07,6609,72121.81204617282
2024-11-07,6618,70828.6562541813
2024-11-07,6626,69873.86668100482
2024-11-07,6629,73939.4166991929
2024-11-07,6635,71568.67472701268
2024-11-07,6636,73683.41631276239
2024-11-07,6639,61719.55196208795
2024-11-07,6641,64537.353025040306
2024-11-07,6642,68979.52680579273
2024-11-07,6643,72623.06157656467
2024-11-07,6644,70942.5080194015
2024-11-07,6647,70448.27437618417
2024-11-07,6648,73512.79123121152
2024-11-07,6655,69322.26812984256
2024-11-07,6658,60222.69193130489
2024-11-07,6664,77977.65619336804
2024-11-07,6666,73828.5996402058
2024-11-07,6668,74171.37984095795
2024-11-07,6669,69839.61886702383
2024-11-07,6670,73170.24376807253
2024-11-07,6675,71510.41373724419
2024-11-07,6676,70355.01995815612
2024-11-07,6679,71122.05892826841
2024-11-07,6680,67375.00957907338
2024-11-07,6681,71972.9211299763
2024-11-07,6683,69853.15136711377
2024-11-07,6686,70909.61501513541
2024-11-07,6689,72062.22926361414
2024-11-07,6692,75467.6480621733
2024-11-07,6693,70081.1445124191
2024-11-07,6695,72871.79009467785
2024-11-07,6696,70169.59024179565
2024-11-07,6714,71106.53189509537
2024-11-07,6715,69651.76959114958
2024-11-07,6716,70640.24881254925
2024-11-07,6717,73817.42864465815
2024-11-07,6718,61774.03714138907
2024-11-07,6719,67180.5233543901
2024-11-07,6722,64645.598384598285
2024-11-07,6725,71038.91032382543
2024-11-07,6726,71277.03521866184
2024-11-07,6727,67453.96624014365
2024-11-07,6728,71748.36599863222
2024-11-07,6730,57091.304955791165
2024-11-07,6731,71734.45489937224
2024-11-07,6733,65220.12630979387
2024-11-07,6734,63921.49033652816
2024-11-07,6736,73138.46874304216
2024-11-07,6737,72499.39853733958
2024-11-07,6740,59149.33667745899
2024-11-07,6746,56822.73596793986
2024-11-07,6749,60908.25895198089
2024-11-07,6750,70223.02387066098
2024-11-07,6751,66716.02623163364
2024-11-07,6752,63488.16743184279
2024-11-07,6753,54741.88778820431
2024-11-07,6754,57742.26454547552
2024-11-07,6755,53514.34589276217
2024-11-07,6756,59256.023462877994
2024-11-07,6757,56901.68126216343
2024-11-07,6758,53032.59098889856
2024-11-07,6761,69407.84123859045
2024-11-07,6762,68403.58236992035
2024-11-07,6763,71410.21900970855
2024-11-07,6764,64697.27175599722
2024-11-07,6767,71380.87124112947
2024-11-07,6769,65760.08094780732
2024-11-07,6773,63012.9869566218
2024-11-07,6774,66482.26247904272
2024-11-07,6775,74422.20600180938
2024-11-07,6776,69379.90945735936
2024-11-07,6777,62114.58000086486
2024-11-07,6779,66132.58098354138
2024-11-07,6780,70336.19652766973
2024-11-07,6783,73899.24805771396
2024-11-07,6784,69065.72210213158
2024-11-07,6785,56297.43717006666
2024-11-07,6787,68230.30648281451
2024-11-07,6788,69523.63691076114
2024-11-07,6789,70110.15061313944
2024-11-07,6792,62667.64037841678
2024-11-07,6794,62992.76782324386
2024-11-07,6797,72658.21163619572
2024-11-07,6798,83182.60268163189
2024-11-07,6799,70447.99310283433
2024-11-07,6800,68352.578877389
2024-11-07,6801,58806.64489133842
2024-11-07,6803,62090.696214028685
2024-11-07,6809,69428.03306980705
2024-11-07,6813,69674.9116793264
2024-11-07,6815,66865.61362449944
2024-11-07,6824,67023.09361631297
2024-11-07,6826,68388.26802757588
2024-11-07,6827,73377.09050817841
2024-11-07,6829,69323.22577188844
2024-11-07,6832,75088.51588347273
2024-11-07,6833,75692.69674832323
2024-11-07,6834,74306.08435143511
2024-11-07,6835,75623.54041738277
2024-11-07,6838,67932.76987412496
2024-11-07,6839,55837.75520701619
2024-11-07,6841,69794.83351565327
2024-11-07,6842,69345.85617499173
2024-11-07,6844,69254.31984965916
2024-11-07,6845,71853.94798374272
2024-11-07,6849,66329.60947613498
2024-11-07,6851,64186.49733347619
2024-11-07,6852,67405.93211553714
2024-11-07,6853,61782.80443841944
2024-11-07,6854,72150.2185369097
2024-11-07,6856,70217.52358695393
2024-11-07,6857,68492.47939606025
2024-11-07,6858,68175.7680925301
2024-11-07,6862,69910.59000935016
2024-11-07,6863,70457.68150334887
2024-11-07,6865,71115.72310188494
2024-11-07,6866,70439.31347233146
2024-11-07,6869,70759.73078203227
2024-11-07,6870,70432.96383932064
2024-11-07,6872,61099.095538166795
2024-11-07,6873,69753.70200846055
2024-11-07,6875,70117.76831896452
2024-11-07,6876,70125.691281336
2024-11-07,6877,70859.53601864082
2024-11-07,6878,65130.1832675445
2024-11-07,6879,71346.69387144614
2024-11-07,6880,68896.63536715072
2024-11-07,6881,61327.6203243442
2024-11-07,6883,67259.08454775772
2024-11-07,6884,75637.01027362637
2024-11-07,6886,69939.07797480097
2024-11-07,6887,65193.82530869919
2024-11-07,6888,72646.03661357838
2024-11-07,6894,66741.63548653481
2024-11-07,6896,70350.93221692838
2024-11-07,6898,71736.67336421042
2024-11-07,6899,73330.90608789565
2024-11-07,6905,61447.18743787362
2024-11-07,6906,75232.25486572951
2024-11-07,6909,71160.70418191857
2024-11-07,6911,71798.75016840671
2024-11-07,6918,72867.5971719905
2024-11-07,6919,70513.10974554584
2024-11-07,6921,73725.51446508427
2024-11-07,6922,71707.1152350773
2024-11-07,6923,70505.13421190374
2024-11-07,6924,71617.54258812175
2024-11-07,6927,77801.90381548104
2024-11-07,6928,73752.74722587375
2024-11-07,6929,69771.33905058767
2024-11-07,6930,71854.077647938655
2024-11-07,6931,60530.10182791072
2024-11-07,6932,69725.38207936466
2024-11-07,6933,67154.55813201843
2024-11-07,6936,51631.62780499119
2024-11-07,6937,70920.48850840615
2024-11-07,6939,71138.95932239246
2024-11-07,6940,70790.49567709731
2024-11-07,6941,68524.45145733119
2024-11-07,6944,84685.68998064325
2024-11-07,6951,71281.63042644781
2024-11-07,6952,65738.91177267766
2024-11-07,6953,64651.86103628541
2024-11-07,6954,64380.30007267507
2024-11-07,6956,65184.78555792025
2024-11-07,6957,71142.20984715069
2024-11-07,6959,66748.39276699416
2024-11-07,6960,76348.1995551993
2024-11-07,6961,72750.1388750307
2024-11-07,6962,71486.79619128056
2024-11-07,6965,69530.62156737766
2024-11-07,6966,73081.94060860667
2024-11-07,6968,68672.73483720818
2024-11-07,6969,70918.22854686524
2024-11-07,6970,72361.11626024639
2024-11-07,6973,73478.36490518568
2024-11-07,6985,70941.5061342022
2024-11-07,6999,69855.55339548865
2024-11-07,7000,75843.34813681424
2024-11-07,7003,72652.35263628852
2024-11-07,7004,69177.83514507757
2024-11-07,7005,71629.85302097465
2024-11-07,7006,69014.68458726209
2024-11-07,7008,70801.21929956328
2024-11-07,7009,83388.80054094557
2024-11-07,7010,70140.79564020043
2024-11-07,7011,69445.37240588843
2024-11-07,7012,66960.63235071547
2024-11-07,7014,71531.50230062557
2024-11-07,7016,70384.08888536178
2024-11-07,7018,57155.90047894665
2024-11-07,7021,70460.6410123322
2024-11-07,7024,72251.94590611957
2024-11-07,7026,70491.8721319738
2024-11-07,7028,71425.01240280717
2024-11-07,7030,69536.23748429464
2024-11-07,7032,63408.88444094337
2024-11-07,7033,72057.57779594658
2024-11-07,7034,68867.94046339791
2024-11-07,7035,69310.64127555572
2024-11-07,7036,70454.24248484646
2024-11-07,7037,64215.42367332505
2024-11-07,7038,76838.77448993923
2024-11-07,7039,69782.04656359369
2024-11-07,7042,74246.19315026156
2024-11-07,7043,73497.25094977651
2024-11-07,7047,90854.74922581152
2024-11-07,7048,74081.24698690354
2024-11-07,7049,66342.38232496622
2024-11-07,7050,65305.48068673454
2024-11-07,7052,68604.89430665413
2024-11-07,7053,63158.41628933346
2024-11-07,7060,73626.6390004423
2024-11-07,7062,62111.04204260855
2024-11-07,7064,69461.36293478026
2024-11-07,7066,63838.092254725605
2024-11-07,7067,74040.32776732862
2024-11-07,7069,68430.19421554315
2024-11-07,7070,74630.70719157277
2024-11-07,7073,72390.67740446172
2024-11-07,7075,64259.75670832465
2024-11-07,7077,71458.38785469075
2024-11-07,7078,51042.66926943608
2024-11-07,7079,71149.85389022226
2024-11-07,7080,65524.1394669316
2024-11-07,7081,72673.03748846073
2024-11-07,7083,68699.18671835316
2024-11-07,7084,63957.846679661234
2024-11-07,7085,73537.6855117542
2024-11-07,7086,76257.20973936272
2024-11-07,7087,75884.36927173907
2024-11-07,7090,74798.64933919387
2024-11-07,7091,73176.24610399292
2024-11-07,7092,75929.22964583052
2024-11-07,7096,69446.40567376353
2024-11-07,7097,70528.97639937598
2024-11-07,7098,63960.35453011174
2024-11-07,7100,59166.35529155417
2024-11-07,7101,70851.70674717646
2024-11-07,7105,78296.54143073023
2024-11-07,7106,71005.85227136692
2024-11-07,7107,65957.65098495875
2024-11-07,7109,64275.60960671496
2024-11-07,7110,67398.293469502285
2024-11-07,7113,56051.6558567534
2024-11-07,7115,69590.88726416334
2024-11-07,7117,67419.329219954
2024-11-07,7121,62643.569737431375
2024-11-07,7122,74096.9592001322
2024-11-07,7124,56361.839886311536
2024-11-07,7126,63007.36659519369
2024-11-07,7127,68819.56937881689
2024-11-07,7128,73698.31942652597
2024-11-07,7131,69543.35978623864
2024-11-07,7135,71404.41805327352
2024-11-07,7136,74891.1232819044
2024-11-07,7137,71199.06096412099
2024-11-07,7139,73063.54345499452
2024-11-07,7140,68293.17048933858
2024-11-07,7144,74151.37982873456
2024-11-07,7145,75313.10058943761
2024-11-07,7147,67610.73387166513
2024-11-07,7149,72405.58576121104
2024-11-07,7151,69587.00700488176
2024-11-07,7152,68826.84674437296
2024-11-07,7156,69919.19110309648
2024-11-07,7157,73045.21742029954
2024-11-07,7158,72131.7760155101
2024-11-07,7165,60137.47609625476
2024-11-07,7168,62086.737771338274
2024-11-07,7171,59216.47551943924
2024-11-07,7172,60039.64900745573
2024-11-07,7173,56923.41094888316
2024-11-07,7178,81790.0238035671
2024-11-07,7180,56583.62864778203
2024-11-07,7182,69411.77337295591
2024-11-07,7185,58047.69011671456
2024-11-07,7186,60850.436604591174
2024-11-07,7188,68751.36047070977
2024-11-07,7190,62474.50369339864
2024-11-07,7195,72284.17432301663
2024-11-07,7196,70767.5164602964
2024-11-07,7197,69409.26449176332
2024-11-07,7198,129118.73078358406
2024-11-07,7199,73669.62769291711
2024-11-07,7200,69605.55515476601
2024-11-07,7201,68750.81655754968
2024-11-07,7205,71814.75036356642
2024-11-07,7206,76849.71015107557
2024-11-07,7207,113152.8701226534
2024-11-07,7208,70359.52420928865
2024-11-07,7209,56868.13353860468
2024-11-07,7211,68970.03907821521
2024-11-07,7213,70788.42455371076
2024-11-07,7216,69590.80917181217
2024-11-07,7217,70171.96804724669
2024-11-07,7219,55885.24823935763
2024-11-07,7220,70099.31485291212
2024-11-07,7223,69549.12056736884
2024-11-07,7224,71969.4162837576
2024-11-07,7227,73467.68681170038
2024-11-07,7231,69375.51460106962
2024-11-07,7234,56208.6357954012
2024-11-07,7236,72828.78206265347
2024-11-07,7240,71744.33542326513
2024-11-07,7241,59941.54133358812
2024-11-07,7242,55191.59004497595
2024-11-07,7244,74683.54626246268
2024-11-07,7245,69528.92200388377
2024-11-07,7246,71060.90177330762
2024-11-07,7248,72557.94895030068
2024-11-07,7249,62095.60369649928
2024-11-07,7250,64007.9355913161
2024-11-07,7251,71862.20729193358
2024-11-07,7256,76245.51000680364
2024-11-07,7258,69983.22186933843
2024-11-07,7260,69660.84337520554
2024-11-07,7265,72785.70872191513
2024-11-07,7266,67710.85855666554
2024-11-07,7267,78141.85731501842
2024-11-07,7271,72347.54334199529
2024-11-07,7272,73027.9078763277
2024-11-07,7275,73322.96360759072
2024-11-07,7276,74920.99316515288
2024-11-07,7280,68927.22513420829
2024-11-07,7281,70513.2402982397
2024-11-07,7282,72152.62635945826
2024-11-07,7283,69011.87532907359
2024-11-07,7287,70013.00275479014
2024-11-07,7289,71423.3237975594
2024-11-07,7292,70069.38417763975
2024-11-07,7295,69012.05823888097
2024-11-07,7296,70018.56148098056
2024-11-07,6287,71355.99490302801
2024-11-07,6249,70537.35492745253
2024-11-07,6039,68663.410736757025
2024-11-07,6251,62453.610825189695
2024-11-07,6254,70869.0284344106
2024-11-07,6272,70915.41158476238
2024-11-07,6313,70688.90231156914
2024-11-07,6324,64745.107688836
2024-11-07,6345,72256.20929543549
2024-11-07,6348,68166.21986978246
2024-11-07,6358,72775.74068723324
2024-11-07,6367,64740.230599258
2024-11-07,6368,68064.68598129404
2024-11-07,6372,67372.87078642324
2024-11-07,6373,73475.17665294767
2024-11-07,6374,70447.89100519344
2024-11-07,6379,73072.54852331517
2024-11-07,6390,70556.62945170654
2024-11-07,6398,85000.11226888579
2024-11-07,6402,70094.67209811408
2024-11-07,6407,66389.44997729016
2024-11-07,6408,77595.58281862798
2024-11-07,6410,61095.1390485884
2024-11-07,6417,72257.30594035078
2024-11-07,6418,73146.32660961983
2024-11-07,6424,70900.65234860645
2024-11-07,6425,59951.414667539655
2024-11-07,6427,72400.63008902533
2024-11-07,6429,67965.23582930726
2024-11-07,6439,71711.27675780279
2024-11-07,6446,73589.56748057775
2024-11-07,6480,75658.91003434469
2024-11-07,6485,51142.96617961032
2024-11-07,6488,69404.90818275393
2024-11-07,6510,73379.01683735964
2024-11-07,6515,71965.15642851687
2024-11-07,6517,73172.59510257308
2024-11-07,6520,70803.07984359658
2024-11-07,6522,68166.59479247655
2024-11-07,6523,70967.27901547568
2024-11-07,6525,74669.08652391957
2024-11-07,6533,70599.04940502474
2024-11-07,6535,68427.97060692187
2024-11-07,6541,69270.26497426875
2024-11-07,6559,71063.51246322373
2024-11-07,6567,70734.58548997127
2024-11-07,6571,70573.73358071908
2024-11-07,6575,54086.352404497855
2024-11-07,6576,68829.29712701545
2024-11-07,6583,64509.52790756426
2024-11-07,6594,72194.29862912225
2024-11-07,6616,79082.43216223936
2024-11-07,6619,69678.54363926782
2024-11-07,6623,65840.27566734859
2024-11-07,6624,56900.997901279574
2024-11-07,6630,69456.26393059095
2024-11-07,6631,67180.00196129638
2024-11-07,6632,70830.09693508352
2024-11-07,6633,52921.023247228026
2024-11-07,6634,69222.45538718365
2024-11-07,6637,52092.11720066032
2024-11-07,6649,76296.49388019995
2024-11-07,6659,56761.55381479793
2024-11-07,6660,73348.91764103391
2024-11-07,6661,69798.81984498366
2024-11-07,6662,70828.67080417874
2024-11-07,6663,71809.5772969839
2024-11-07,6674,70558.08096674517
2024-11-07,6687,73584.05491116564
2024-11-07,6723,55017.24973714007
2024-11-07,6724,66335.73607267819
2024-11-07,6741,69660.06216064938
2024-11-07,6745,57293.01130655134
2024-11-07,6747,57448.10083700019
2024-11-07,6759,57112.9241977699
2024-11-07,6768,70371.02151160191
2024-11-07,6804,72198.41082484678
2024-11-07,6810,69326.44934212964
2024-11-07,6811,72243.8888551901
2024-11-07,6812,67384.75943785251
2024-11-07,6817,73688.44631630667
2024-11-07,6818,68780.6583534094
2024-11-07,6830,73000.81536845482
2024-11-07,6831,80420.68202218256
2024-11-07,6846,73916.81007480921
2024-11-07,6860,72740.6865922602
2024-11-07,6861,70024.56820908375
2024-11-07,6868,64039.44222011683
2024-11-07,6874,68276.3147465146
2024-11-07,6882,68743.85789405995
2024-11-07,6885,70759.22698621044
2024-11-07,6891,61381.50865620368
2024-11-07,6897,69412.46753180095
2024-11-07,6900,69779.63661051603
2024-11-07,6903,78275.8402009713
2024-11-07,6904,61596.13354790457
2024-11-07,6925,73045.8679080497
2024-11-07,6926,72107.1971939516
2024-11-07,6935,78459.55020185372
2024-11-07,6942,65131.64559589528
2024-11-07,6948,74130.66170203024
2024-11-07,6963,68413.6668478925
2024-11-07,6967,69763.11126847452
2024-11-07,6971,71473.35417713261
2024-11-07,6972,73432.12566631038
2024-11-07,6974,66271.09163654313
2024-11-07,6977,57564.02340571067
2024-11-07,6978,69269.02532771332
2024-11-07,6993,66856.87370447408
2024-11-07,6994,76895.49961531763
2024-11-07,6997,74145.77923492526
2024-11-07,7002,67093.41828856763
2024-11-07,7007,69587.40235409883
2024-11-07,7013,68245.64663494345
2024-11-07,7017,72230.68554289256
2024-11-07,7019,58504.101697467886
2024-11-07,7020,74529.76051858425
2024-11-07,7022,68515.7756223996
2024-11-07,7025,69891.03757551419
2024-11-07,7027,71171.36535051373
2024-11-07,7031,67888.50361353537
2024-11-07,7040,67335.97902916776
2024-11-07,7054,68555.37618833047
2024-11-07,7056,72530.44428907052
2024-11-07,7063,67233.38635912118
2024-11-07,7065,69753.15428439846
2024-11-07,7068,69439.14185290139
2024-11-07,7072,60839.90712767965
2024-11-07,7076,68837.11794574776
2024-11-07,7095,72867.31752517262
2024-11-07,7104,71185.64976582947
2024-11-07,7108,70710.46034784414
2024-11-07,7111,67029.28253816093
2024-11-07,7112,70155.72602108032
2024-11-07,7116,69331.23653292052
2024-11-07,7125,69913.61945339512
2024-11-07,7129,69961.5212119091
2024-11-07,7134,72768.37354452467
2024-11-07,7141,70442.27977904471
2024-11-07,7146,73307.24255502336
2024-11-07,7150,71076.82737872815
2024-11-07,7155,72963.43945138554
2024-11-07,7159,81546.82493568429
2024-11-07,7169,72302.68742539673
2024-11-07,7170,65363.45209582204
2024-11-07,7174,72180.89869992816
2024-11-07,7175,68466.15304496973
2024-11-07,7183,70436.7064117414
2024-11-07,7184,64840.84792376043
2024-11-07,7187,62972.32602653107
2024-11-07,7189,63660.48215626999
2024-11-07,7193,71764.84801303266
2024-11-07,7202,73261.89660565973
2024-11-07,7210,68908.31467903536
2024-11-07,7214,69112.86209812213
2024-11-07,7221,70860.64148547976
2024-11-07,7222,102675.96780177226
2024-11-07,7225,69794.32178709112
2024-11-07,7226,69913.43947453648
2024-11-07,7238,72897.68376072124
2024-11-07,7239,144246.9203083907
2024-11-07,7253,74502.33653699972
2024-11-07,7254,70699.06783959725
2024-11-07,7261,69495.11453239345
2024-11-07,7268,68880.41646469882
2024-11-07,7269,70019.1277755256
2024-11-07,7274,67572.6400156684
2024-11-07,7278,82638.63134158483
2024-11-07,7279,70371.90353059645
2024-11-07,7288,69546.97895163739
2024-11-07,7291,59059.76022810909
2024-11-07,6508,69599.52270099439
2024-11-07,7293,75720.56973010379
2024-11-07,6437,77289.0940912569
2024-11-07,6452,75285.31256222227
2024-11-07,6934,73411.3270059475
2024-11-07,6782,59632.72708004482
2024-11-07,6549,72261.7975625372
2024-11-07,6892,69711.36020060102
2024-11-07,6491,0
2024-11-07,6448,0
2024-11-07,6591,0
2024-11-07,6949,0
2024-11-07,7212,0
2024-11-07,7218,0
2024-11-07,7273,0
2024-11-07,7192,56435.197874540456
2024-11-08,6317,69873.41616955589
2024-11-08,6025,73033.59067295032
2024-11-08,6039,69001.33789495371
2024-11-08,6042,74201.86652971794
2024-11-08,6043,72296.20899704561
2024-11-08,6054,66632.95855620135
2024-11-08,6072,70796.08317050198
2024-11-08,6082,71417.69949689264
2024-11-08,6087,72707.8366587465
2024-11-08,6088,71154.17521773023
2024-11-08,6092,74178.80132155337
2024-11-08,6094,73648.6542072185
2024-11-08,6101,78261.38992122372
2024-11-08,6120,70218.7157750461
2024-11-08,6167,73208.35844531764
2024-11-08,6213,69401.71582084158
2024-11-08,6225,65961.393602242
2024-11-08,6232,78032.44239049999
2024-11-08,6239,69190.66814449646
2024-11-08,6245,70666.66896598473
2024-11-08,6246,69222.51064574011
2024-11-08,6248,64339.55498764554
2024-11-08,6250,69346.42223712381
2024-11-08,6251,62384.71455741189
2024-11-08,6254,71520.2809388359
2024-11-08,6266,74736.29868530655
2024-11-08,6267,69346.46819596988
2024-11-08,6268,68885.67476915591
2024-11-08,6272,70995.42211903373
2024-11-08,6291,62066.291357802125
2024-11-08,6295,71690.03378996764
2024-11-08,6297,68725.49091054869
2024-11-08,6298,60997.571972541125
2024-11-08,6299,62635.45936122248
2024-11-08,6304,70499.29402861856
2024-11-08,6307,68739.4745419785
2024-11-08,6313,70364.128903745
2024-11-08,6316,71376.29178752314
2024-11-08,6318,70528.54624446979
2024-11-08,6320,72563.85243651408
2024-11-08,6323,72509.14748074872
2024-11-08,6324,64557.3584689661
2024-11-08,6325,69049.7173546012
2024-11-08,6326,65266.007433015315
2024-11-08,6327,69092.02318007304
2024-11-08,6328,71650.29770350075
2024-11-08,6329,68835.20087617963
2024-11-08,6330,63099.813785529885
2024-11-08,6331,67025.37485149714
2024-11-08,6332,70056.81608933379
2024-11-08,6333,73426.12321018706
2024-11-08,6334,73664.25346694744
2024-11-08,6335,66698.17561231718
2024-11-08,6336,72729.28744186515
2024-11-08,6338,66085.41443875633
2024-11-08,6345,72611.70018553315
2024-11-08,6346,67431.52266814525
2024-11-08,6348,68497.22578529218
2024-11-08,6349,58738.96054575009
2024-11-08,6350,69306.02242134314
2024-11-08,6351,69767.56969536739
2024-11-08,6352,72199.17929253215
2024-11-08,6357,68588.30713463144
2024-11-08,6358,73275.8758705291
2024-11-08,6360,67421.38050496754
2024-11-08,6363,74809.7993613756
2024-11-08,6364,69781.70585971439
2024-11-08,6366,70008.68266745603
2024-11-08,6367,67114.3366278876
2024-11-08,6368,68500.7511036855
2024-11-08,6370,69049.8592899587
2024-11-08,6372,67361.72341796666
2024-11-08,6373,73482.37025053553
2024-11-08,6374,70605.21008857935
2024-11-08,6379,73170.06482299685
2024-11-08,6380,56133.293732331695
2024-11-08,6382,72193.06236835559
2024-11-08,6384,71080.04265660584
2024-11-08,6385,69490.44178467602
2024-11-08,6387,69966.84626739337
2024-11-08,6388,74787.71896309099
2024-11-08,6389,69923.92559395079
2024-11-08,6390,70370.04742024207
2024-11-08,6392,92312.72792948656
2024-11-08,6393,70180.52629051948
2024-11-08,6395,71567.73087106895
2024-11-08,6396,70895.37481462368
2024-11-08,6398,84570.81681628617
2024-11-08,6400,69572.2940384508
2024-11-08,6402,69015.7982924083
2024-11-08,6406,74003.898159019
2024-11-08,6407,67544.43045800869
2024-11-08,6408,76946.82084302473
2024-11-08,6410,62506.44985364996
2024-11-08,6411,62504.960053988056
2024-11-08,6413,70941.20603221597
2024-11-08,6414,69061.73885810889
2024-11-08,6417,71105.31422412253
2024-11-08,6418,73349.1224302807
2024-11-08,6420,73393.6320162113
2024-11-08,6423,70395.16074167144
2024-11-08,6424,70428.69651927125
2024-11-08,6425,60921.91045969424
2024-11-08,6426,68514.8098287803
2024-11-08,6427,72659.98028308207
2024-11-08,6428,76811.62917704531
2024-11-08,6429,67576.30776524279
2024-11-08,6431,77318.92177917079
2024-11-08,6432,69847.33707850479
2024-11-08,6434,71785.45402157103
2024-11-08,6435,70709.90356931882
2024-11-08,6436,71905.85593139575
2024-11-08,6437,76924.46992717625
2024-11-08,6438,69187.61612406917
2024-11-08,6439,71893.80781605879
2024-11-08,6441,72072.05182892636
2024-11-08,6443,73996.20425471282
2024-11-08,6445,70117.22360877812
2024-11-08,6446,73628.84659357615
2024-11-08,6447,69402.90977741788
2024-11-08,6450,69367.80457106208
2024-11-08,6451,71923.56821309475
2024-11-08,6452,75898.63289449921
2024-11-08,6453,71616.19918345819
2024-11-08,6454,75800.25133294237
2024-11-08,6455,67764.48311357918
2024-11-08,6456,72969.18655129572
2024-11-08,6475,71292.65031047785
2024-11-08,6476,68851.73939721895
2024-11-08,6477,74561.97797003883
2024-11-08,6480,75448.14812230242
2024-11-08,6482,73647.6226452822
2024-11-08,6485,52127.931551532776
2024-11-08,6487,71137.3876156482
2024-11-08,6488,67834.46547093219
2024-11-08,6490,70167.58913018391
2024-11-08,6492,77330.44507085759
2024-11-08,6493,66003.7907943336
2024-11-08,6494,70420.64369820555
2024-11-08,6496,68926.32051540467
2024-11-08,6498,70242.63209458263
2024-11-08,6501,71670.88999242653
2024-11-08,6503,65704.10605862994
2024-11-08,6504,68244.11614378354
2024-11-08,6505,71085.68976540494
2024-11-08,6506,74573.77997708571
2024-11-08,6507,69457.79829315074
2024-11-08,6509,70030.50008505634
2024-11-08,6510,72794.14943313082
2024-11-08,6511,69797.8792228428
2024-11-08,6512,70684.47011668795
2024-11-08,6514,70364.4839646037
2024-11-08,6515,72727.34616315775
2024-11-08,6516,72908.56518780132
2024-11-08,6517,73306.29458883761
2024-11-08,6518,71445.52701943318
2024-11-08,6519,69896.75052893283
2024-11-08,6520,70738.67388346567
2024-11-08,6522,68416.56353987294
2024-11-08,6523,70101.17249615838
2024-11-08,6524,68782.09128068862
2024-11-08,6525,74052.58139834889
2024-11-08,6526,67308.65361947108
2024-11-08,6531,67168.39309537622
2024-11-08,6533,71167.77386587337
2024-11-08,6534,71050.14378877426
2024-11-08,6535,68634.18338188597
2024-11-08,6536,57705.6001455887
2024-11-08,6538,57072.642078336896
2024-11-08,6540,70850.44320650757
2024-11-08,6541,69169.02201226586
2024-11-08,6544,66852.68020347471
2024-11-08,6545,65993.80338738988
2024-11-08,6546,70496.48356797786
2024-11-08,6547,66846.37246215326
2024-11-08,6548,69019.911472701
2024-11-08,6550,69095.75236523384
2024-11-08,6552,71756.18153632876
2024-11-08,6553,51620.95035672493
2024-11-08,6554,51240.0886564497
2024-11-08,6558,70776.47832547507
2024-11-08,6559,70112.22143913404
2024-11-08,6560,71121.78561847915
2024-11-08,6561,69907.99246113132
2024-11-08,6562,73186.15343241196
2024-11-08,6563,70976.72452390284
2024-11-08,6564,73276.52748945878
2024-11-08,6565,74610.13271592309
2024-11-08,6567,70652.41858494769
2024-11-08,6568,70682.09337147966
2024-11-08,6569,66836.85678888152
2024-11-08,6571,70744.70085429188
2024-11-08,6574,70263.91088963438
2024-11-08,6575,56918.17884716211
2024-11-08,6576,69278.1923482653
2024-11-08,6577,67181.24736790064
2024-11-08,6580,67988.39245511986
2024-11-08,6581,70428.55463047653
2024-11-08,6582,68014.77444327014
2024-11-08,6583,65130.21157136424
2024-11-08,6585,74298.09457570831
2024-11-08,6586,69295.60942783805
2024-11-08,6588,74802.1836964182
2024-11-08,6590,73985.69846185093
2024-11-08,6594,71963.48680666895
2024-11-08,6597,74156.80156303303
2024-11-08,6598,77086.31918538272
2024-11-08,6599,74307.63804691893
2024-11-08,6600,70895.58145856785
2024-11-08,6601,70880.86879375858
2024-11-08,6602,56756.93557757049
2024-11-08,6603,69029.91053480875
2024-11-08,6604,73385.63102567499
2024-11-08,6607,73573.8602114346
2024-11-08,6609,72285.09987975808
2024-11-08,6616,79577.48208582513
2024-11-08,6618,70830.35140076239
2024-11-08,6619,70077.88505623763
2024-11-08,6623,66388.62223626774
2024-11-08,6624,56717.708963076686
2024-11-08,6626,70320.43860185101
2024-11-08,6629,73741.12127452603
2024-11-08,6630,70011.57565893717
2024-11-08,6631,67502.03178369535
2024-11-08,6632,70998.93094827973
2024-11-08,6634,69450.11493456463
2024-11-08,6635,71179.97102648292
2024-11-08,6636,72791.14935654469
2024-11-08,6637,53448.74561044183
2024-11-08,6639,66348.28918334794
2024-11-08,6641,64502.857540001685
2024-11-08,6642,68876.64501163266
2024-11-08,6643,73692.92098131686
2024-11-08,6644,71265.26604109241
2024-11-08,6647,70376.82442749791
2024-11-08,6648,70907.67133021442
2024-11-08,6649,75253.44703609007
2024-11-08,6655,69315.0418388989
2024-11-08,6658,60106.49931651738
2024-11-08,6659,54981.142518847526
2024-11-08,6660,71501.4308333637
2024-11-08,6661,70251.16637179958
2024-11-08,6662,70403.08879310591
2024-11-08,6663,68579.23504446885
2024-11-08,6664,79177.68972012265
2024-11-08,6666,73849.54345037893
2024-11-08,6668,73371.86824739104
2024-11-08,6669,68951.01877509351
2024-11-08,6670,73395.22653289008
2024-11-08,6674,71025.3240546827
2024-11-08,6675,70924.64704587926
2024-11-08,6676,70347.87845345805
2024-11-08,6679,71425.517792932
2024-11-08,6680,66337.68598678395
2024-11-08,6681,72233.53307132897
2024-11-08,6683,69893.25174577547
2024-11-08,6686,70765.0244850139
2024-11-08,6687,73366.61114561537
2024-11-08,6689,71681.32853655996
2024-11-08,6692,75539.83354640439
2024-11-08,6693,70476.53796096817
2024-11-08,6695,72833.56429268337
2024-11-08,6696,70492.05147245311
2024-11-08,6714,71144.32036490037
2024-11-08,6715,69406.72098977365
2024-11-08,6716,70780.73827467483
2024-11-08,6717,73811.98796151315
2024-11-08,6718,61949.779851162704
2024-11-08,6719,67049.00194493539
2024-11-08,6722,64660.228286342855
2024-11-08,6723,55243.931941579176
2024-11-08,6724,66378.54542383776
2024-11-08,6725,73903.29613744904
2024-11-08,6726,71185.17839494313
2024-11-08,6727,65548.47529361224
2024-11-08,6728,70787.7374048167
2024-11-08,6730,57458.26254997787
2024-11-08,6731,71642.34692043638
2024-11-08,6733,63166.19622353695
2024-11-08,6734,64149.79484451504
2024-11-08,6736,73681.13294179089
2024-11-08,6737,72747.57990919237
2024-11-08,6740,58905.002965893465
2024-11-08,6741,68335.13763408788
2024-11-08,6745,56864.31280885739
2024-11-08,6746,56571.91027255422
2024-11-08,6747,56578.6847935246
2024-11-08,6749,62461.06395597171
2024-11-08,6750,70003.11101797633
2024-11-08,6751,66137.70883227182
2024-11-08,6752,64320.3070940496
2024-11-08,6753,55417.918421160546
2024-11-08,6754,56680.20823006812
2024-11-08,6755,54795.35099449334
2024-11-08,6756,59594.462048198344
2024-11-08,6757,56100.35047862643
2024-11-08,6758,53480.83930173634
2024-11-08,6759,56572.727248314135
2024-11-08,6761,69249.55936448288
2024-11-08,6762,67801.46472969167
2024-11-08,6763,69838.76861465705
2024-11-08,6764,65249.05734481648
2024-11-08,6767,71723.79192668013
2024-11-08,6768,70578.18451273553
2024-11-08,6769,65882.6986593359
2024-11-08,6773,65132.66699277048
2024-11-08,6774,66165.55741720465
2024-11-08,6775,73436.58376943684
2024-11-08,6776,70275.20436441294
2024-11-08,6777,66842.85188901603
2024-11-08,6779,65707.59775095661
2024-11-08,6780,70016.7798508972
2024-11-08,6783,73796.2309455878
2024-11-08,6784,69126.57041995556
2024-11-08,6785,56832.00766871881
2024-11-08,6787,67473.82014643424
2024-11-08,6788,69729.763545813
2024-11-08,6789,70050.354042309
2024-11-08,6792,62327.86706706564
2024-11-08,6794,61308.346014680064
2024-11-08,6797,71644.07962315905
2024-11-08,6798,83096.71702650479
2024-11-08,6799,70559.33975252487
2024-11-08,6800,67704.03272996692
2024-11-08,6801,59540.52283790717
2024-11-08,6803,62171.26608415361
2024-11-08,6804,73046.60762851145
2024-11-08,6809,66322.7364601158
2024-11-08,6810,69256.97908536543
2024-11-08,6811,71817.62827325493
2024-11-08,6812,67531.21500237712
2024-11-08,6813,70449.41638781737
2024-11-08,6815,67166.5148741584
2024-11-08,6817,73703.16505109493
2024-11-08,6818,68723.21217124187
2024-11-08,6824,66920.05780676841
2024-11-08,6826,68362.57961463337
2024-11-08,6827,73370.69625743867
2024-11-08,6829,68486.93200064621
2024-11-08,6830,72935.88103174038
2024-11-08,6831,79890.37595228112
2024-11-08,6832,74142.59439337875
2024-11-08,6833,75180.11127564832
2024-11-08,6834,74219.59491422716
2024-11-08,6835,75612.28595444745
2024-11-08,6838,67660.6619491608
2024-11-08,6839,55407.28327035237
2024-11-08,6841,69885.56068145875
2024-11-08,6842,69591.04859345837
2024-11-08,6844,67603.85225897773
2024-11-08,6845,72467.38102541155
2024-11-08,6846,73577.97828742821
2024-11-08,6849,65058.00460024882
2024-11-08,6851,64203.06911082771
2024-11-08,6852,67356.29912250048
2024-11-08,6853,61737.99434784532
2024-11-08,6854,72052.56741476392
2024-11-08,6856,68960.81323921969
2024-11-08,6857,68462.7833986139
2024-11-08,6858,67759.35768246457
2024-11-08,6860,71254.14896006629
2024-11-08,6861,69554.14574246717
2024-11-08,6862,69970.5561913632
2024-11-08,6863,70475.05324631835
2024-11-08,6865,71498.6677070698
2024-11-08,6866,69909.07739580907
2024-11-08,6868,64074.63231163574
2024-11-08,6869,70659.46543833216
2024-11-08,6870,71222.35020248686
2024-11-08,6872,61167.05465508772
2024-11-08,6873,69707.14865594979
2024-11-08,6874,68242.50383528999
2024-11-08,6875,71133.73311032189
2024-11-08,6876,72732.09530735777
2024-11-08,6877,70737.05988982176
2024-11-08,6878,65290.16460827368
2024-11-08,6879,71267.45100882284
2024-11-08,6880,68971.66981846587
2024-11-08,6881,61072.002674178984
2024-11-08,6882,68494.31717307324
2024-11-08,6883,67338.55584640645
2024-11-08,6884,75604.60187982781
2024-11-08,6885,70522.94630219725
2024-11-08,6886,69938.54843390564
2024-11-08,6887,65417.56741953291
2024-11-08,6888,72335.487572816
2024-11-08,6891,61581.30994986274
2024-11-08,6894,67799.22396210357
2024-11-08,6896,69714.36808555941
2024-11-08,6897,68446.877250921
2024-11-08,6898,69730.64628684834
2024-11-08,6899,73139.24187986868
2024-11-08,6900,69497.01100261953
2024-11-08,6903,78413.86369665414
2024-11-08,6904,61697.30980182059
2024-11-08,6905,61610.32534032578
2024-11-08,6906,74662.4213369267
2024-11-08,6909,71988.20108086398
2024-11-08,6911,71810.80885234108
2024-11-08,6918,72993.46438989992
2024-11-08,6919,71540.70972120625
2024-11-08,6921,73671.39300838241
2024-11-08,6922,71809.69463144263
2024-11-08,6923,70394.19361063118
2024-11-08,6924,71566.64396337097
2024-11-08,6925,73072.45472672266
2024-11-08,6926,71505.75131931661
2024-11-08,6927,78094.4125153349
2024-11-08,6928,73872.8042841008
2024-11-08,6929,69793.1620788816
2024-11-08,6930,72870.79440026093
2024-11-08,6931,60145.8447455216
2024-11-08,6932,69112.06793940616
2024-11-08,6933,68118.28614238769
2024-11-08,6934,72849.72847004925
2024-11-08,6935,70830.42048959332
2024-11-08,6936,50766.318455517314
2024-11-08,6937,71111.1937224503
2024-11-08,6939,71219.31674178892
2024-11-08,6940,70590.62470118914
2024-11-08,6941,68459.69903804323
2024-11-08,6942,65886.6837003767
2024-11-08,6944,83540.92159372603
2024-11-08,6948,74241.24121344145
2024-11-08,6951,71408.1595669312
2024-11-08,6952,65930.36758122042
2024-11-08,6953,62569.36426933213
2024-11-08,6954,65209.210739573195
2024-11-08,6956,65543.23561221099
2024-11-08,6957,72566.8253116422
2024-11-08,6959,66453.416685839
2024-11-08,6960,76333.39979305217
2024-11-08,6961,72900.60693371265
2024-11-08,6962,71838.93585791717
2024-11-08,6963,67548.4494902651
2024-11-08,6965,69353.89197605956
2024-11-08,6966,72847.28227212586
2024-11-08,6967,69520.21633996615
2024-11-08,6968,67598.67202594038
2024-11-08,6969,70510.66652450323
2024-11-08,6970,72159.22081178968
2024-11-08,6971,72399.22755453656
2024-11-08,6972,72304.66880082097
2024-11-08,6973,71246.36074454278
2024-11-08,6974,67557.53668256485
2024-11-08,6977,58760.98226232579
2024-11-08,6978,69170.5333904166
2024-11-08,6985,71442.33905606401
2024-11-08,6993,66406.06323764875
2024-11-08,6994,77419.3053582549
2024-11-08,6997,72827.14371307289
2024-11-08,6999,70273.10276096422
2024-11-08,7000,75826.4508785378
2024-11-08,7003,72675.8229276342
2024-11-08,7004,69294.38359859337
2024-11-08,7005,71636.66703549738
2024-11-08,7006,68949.35118064003
2024-11-08,7007,69988.4120874929
2024-11-08,7008,70800.60216963464
2024-11-08,7009,83726.85795943077
2024-11-08,7010,70226.39465639112
2024-11-08,7011,69298.14665325375
2024-11-08,7012,67668.93813717269
2024-11-08,7013,68565.62573219617
2024-11-08,7014,72489.8973825213
2024-11-08,7016,70448.95070655331
2024-11-08,7017,72095.7946142602
2024-11-08,7018,57207.72492631981
2024-11-08,7020,74195.55418704465
2024-11-08,7021,70611.20345541416
2024-11-08,7022,68477.47138356813
2024-11-08,7024,70656.2625122363
2024-11-08,7025,69942.5799839535
2024-11-08,7026,70728.49431230665
2024-11-08,7027,69778.22330741245
2024-11-08,7028,71680.75746063587
2024-11-08,7030,69998.66842174991
2024-11-08,7031,67918.13998755613
2024-11-08,7032,64442.77174399353
2024-11-08,7033,72180.50546820131
2024-11-08,7034,69093.97957755187
2024-11-08,7035,69176.89286830154
2024-11-08,7036,70752.98381287554
2024-11-08,7037,63859.73359641739
2024-11-08,7038,76188.08721727601
2024-11-08,7039,69768.65330147541
2024-11-08,7040,66124.805171966
2024-11-08,7042,76348.07676256773
2024-11-08,7043,73137.65406556813
2024-11-08,7047,91124.42132736996
2024-11-08,7048,73810.39407602628
2024-11-08,7049,67052.4529336996
2024-11-08,7050,65126.314532158045
2024-11-08,7052,67881.48148855363
2024-11-08,7053,62898.9042274556
2024-11-08,7054,68586.42294295611
2024-11-08,7056,72380.26845124655
2024-11-08,7060,73508.5263899452
2024-11-08,7062,61710.14362001689
2024-11-08,7063,65462.9010153008
2024-11-08,7064,68133.58520565719
2024-11-08,7065,69843.56664763708
2024-11-08,7066,63515.3846650403
2024-11-08,7067,73989.21086401175
2024-11-08,7068,69644.66304417502
2024-11-08,7069,69448.72399514135
2024-11-08,7070,73853.63726842019
2024-11-08,7072,61667.963385079594
2024-11-08,7073,71180.58582051995
2024-11-08,7075,64411.87849067122
2024-11-08,7076,70489.01349308374
2024-11-08,7077,69488.05538349444
2024-11-08,7078,50585.06793875979
2024-11-08,7079,70901.58845333045
2024-11-08,7080,66345.14769517224
2024-11-08,7081,73316.77421816842
2024-11-08,7083,70050.53136224122
2024-11-08,7084,63901.09354314832
2024-11-08,7085,73184.92222876586
2024-11-08,7086,76569.35290642487
2024-11-08,7087,75665.80623670541
2024-11-08,7090,74773.59997446278
2024-11-08,7091,73045.30403282226
2024-11-08,7092,75421.81045003147
2024-11-08,7095,72802.10770866286
2024-11-08,7096,69663.9215368695
2024-11-08,7097,70834.93169745375
2024-11-08,7098,64051.876015444475
2024-11-08,7100,59329.36737247428
2024-11-08,7101,71587.30365291171
2024-11-08,7104,70442.95505558352
2024-11-08,7105,75787.10229361834
2024-11-08,7106,70093.29381853674
2024-11-08,7107,66717.84615597704
2024-11-08,7108,70621.07618232962
2024-11-08,7109,64010.46988018575
2024-11-08,7110,70918.02795419772
2024-11-08,7111,66860.25856564441
2024-11-08,7112,70195.51262429058
2024-11-08,7113,55060.45816176716
2024-11-08,7115,69171.80866151514
2024-11-08,7116,72590.87888628874
2024-11-08,7117,67811.91436475026
2024-11-08,7121,62676.42893501355
2024-11-08,7122,74127.04128520972
2024-11-08,7124,57029.27361764206
2024-11-08,7125,69861.76881897543
2024-11-08,7126,63024.93074128765
2024-11-08,7127,68836.0585782654
2024-11-08,7128,73410.21967889705
2024-11-08,7129,67163.38331731394
2024-11-08,7131,68792.30436820525
2024-11-08,7134,72743.39646805933
2024-11-08,7135,71540.92932704765
2024-11-08,7136,74436.57683847743
2024-11-08,7137,70758.35024804412
2024-11-08,7139,72963.86759361286
2024-11-08,7140,67083.50175705153
2024-11-08,7141,69935.89813436754
2024-11-08,7144,74830.91717740806
2024-11-08,7145,73195.95564284589
2024-11-08,7146,73037.47540766816
2024-11-08,7147,68203.15072795055
2024-11-08,7149,72575.65257813263
2024-11-08,7150,72814.7263101849
2024-11-08,7151,69828.02452066873
2024-11-08,7152,69610.26930304624
2024-11-08,7155,71639.8381759696
2024-11-08,7156,69191.98438600225
2024-11-08,7157,71738.89304364026
2024-11-08,7158,72557.74452193435
2024-11-08,7159,81773.9351767862
2024-11-08,7165,59862.30496583577
2024-11-08,7168,61815.38376876302
2024-11-08,7169,72499.49098136931
2024-11-08,7170,64999.561840198425
2024-11-08,7171,58513.61044536853
2024-11-08,7172,58457.51080253749
2024-11-08,7173,56845.93249466722
2024-11-08,7174,72385.88416214655
2024-11-08,7175,69551.73900620727
2024-11-08,7178,81901.88835634009
2024-11-08,7180,56410.72380782441
2024-11-08,7182,69725.69370939986
2024-11-08,7183,70865.73148661097
2024-11-08,7184,64950.98935348491
2024-11-08,7185,57939.02670380535
2024-11-08,7186,61180.476395096695
2024-11-08,7187,63328.15301082092
2024-11-08,7188,69935.03597782372
2024-11-08,7189,64194.128680782174
2024-11-08,7190,62601.10777978861
2024-11-08,7193,73354.88140900273
2024-11-08,7195,72688.99753647763
2024-11-08,7196,71131.1322837741
2024-11-08,7197,69039.30592193801
2024-11-08,7198,137236.49459299093
2024-11-08,7199,72376.7541656223
2024-11-08,7200,69273.81234973778
2024-11-08,7201,69492.6780858807
2024-11-08,7202,73100.30375986327
2024-11-08,7205,71906.60280644323
2024-11-08,7206,77236.53324032378
2024-11-08,7207,79113.27603835314
2024-11-08,7208,70209.15444869337
2024-11-08,7209,57161.556703006405
2024-11-08,7210,68939.97833855335
2024-11-08,7211,67597.47722263543
2024-11-08,7213,70466.50667239536
2024-11-08,7214,69010.82977187268
2024-11-08,7216,70118.43444760641
2024-11-08,7217,69201.53164663797
2024-11-08,7219,55803.399461462286
2024-11-08,7220,70065.31311188434
2024-11-08,7221,70779.43075763418
2024-11-08,7222,93569.9513907746
2024-11-08,7223,66236.18608001778
2024-11-08,7224,73081.81296522213
2024-11-08,7225,70003.87750193573
2024-11-08,7226,69873.25558856626
2024-11-08,7227,71082.5987760645
2024-11-08,7231,69536.2532110344
2024-11-08,7234,57169.21926415496
2024-11-08,7236,72822.58522655796
2024-11-08,7238,72838.42846449782
2024-11-08,7239,146867.25782479788
2024-11-08,7240,71865.29248233781
2024-11-08,7241,60032.96855728588
2024-11-08,7242,50926.598510641525
2024-11-08,7244,74360.18455846093
2024-11-08,7245,68844.03532061278
2024-11-08,7246,71021.36939433946
2024-11-08,7248,72607.41207163216
2024-11-08,7249,61649.53747168585
2024-11-08,7250,63591.06025620815
2024-11-08,7251,72453.00599202784
2024-11-08,7253,73722.17834969574
2024-11-08,7254,70708.75650548475
2024-11-08,7256,75797.95673983076
2024-11-08,7258,69309.55745380092
2024-11-08,7260,67330.14334479294
2024-11-08,7261,69571.80466027393
2024-11-08,7265,72858.92159474746
2024-11-08,7266,67591.568850132855
2024-11-08,7267,77643.54842616234
2024-11-08,7268,69081.90876836237
2024-11-08,7269,69702.30489239348
2024-11-08,7271,72715.3137978418
2024-11-08,7272,73168.12336588994
2024-11-08,7274,68218.54234064567
2024-11-08,7275,73366.33603131156
2024-11-08,7276,74744.87668667373
2024-11-08,7278,83027.40875760608
2024-11-08,7279,70607.33913693484
2024-11-08,7280,66330.22500906499
2024-11-08,7281,69646.70114096193
2024-11-08,7282,71982.38562210437
2024-11-08,7283,68609.56731688582
2024-11-08,7287,70126.2609284752
2024-11-08,7288,69464.49107172959
2024-11-08,7289,71553.14651459776
2024-11-08,7291,56753.560894564616
2024-11-08,7292,69860.3651750802
2024-11-08,7293,75777.06324733945
2024-11-08,7295,68495.41049430563
2024-11-08,7296,68696.43301591284
2024-11-08,6287,71254.11384927572
2024-11-08,6249,70552.11377546797
2024-11-08,6633,52938.43286098593
2024-11-08,7002,67315.53346706588
2024-11-08,6782,59578.01154913536
2024-11-08,7019,54887.496343977
2024-11-08,6549,70670.15605787799
2024-11-08,6892,69624.20697753642
2024-11-08,6448,0
2024-11-08,6491,0
2024-11-08,6591,0
2024-11-08,6949,0
2024-11-08,7212,0
2024-11-08,7218,0
2024-11-08,7273,0
2024-11-08,7192,56575.735312346245
2024-11-09,6025,71860.85866915972
2024-11-09,6039,68493.32546026108
2024-11-09,6042,73756.71465300045
2024-11-09,6043,72329.5428176392
2024-11-09,6054,67304.47943535987
2024-11-09,6072,70711.16193193257
2024-11-09,6082,71043.02814981263
2024-11-09,6087,71942.79877779813
2024-11-09,6088,71287.49907271219
2024-11-09,6092,74623.25998054146
2024-11-09,6094,73265.60243376653
2024-11-09,6101,77981.65336623086
2024-11-09,6120,70027.07794238042
2024-11-09,6167,72580.56165795977
2024-11-09,6213,69374.02848996407
2024-11-09,6225,65945.36043457892
2024-11-09,6232,77510.91946808835
2024-11-09,6239,69249.06303233006
2024-11-09,6245,69780.31006293198
2024-11-09,6246,69195.87755409614
2024-11-09,6248,64176.460427927705
2024-11-09,6250,69339.78325058929
2024-11-09,6251,62357.474792766574
2024-11-09,6254,71632.76831518997
2024-11-09,6266,75101.30329123612
2024-11-09,6267,69193.26519560919
2024-11-09,6268,70277.61417318648
2024-11-09,6272,70657.73428389193
2024-11-09,6291,62479.05965085901
2024-11-09,6295,70640.35639155735
2024-11-09,6297,68614.25321501875
2024-11-09,6298,60567.27162649728
2024-11-09,6299,63270.323420600354
2024-11-09,6304,70061.93522224286
2024-11-09,6307,68216.72529563034
2024-11-09,6313,70442.20215136287
2024-11-09,6316,69853.598533805
2024-11-09,6317,70345.30481899486
2024-11-09,6318,68106.1719417544
2024-11-09,6320,72631.78412047039
2024-11-09,6323,67548.82519715386
2024-11-09,6324,64500.821725072055
2024-11-09,6325,68726.87995080563
2024-11-09,6326,64798.07621195715
2024-11-09,6327,69156.43064422611
2024-11-09,6328,70074.41134916013
2024-11-09,6329,68910.42544226085
2024-11-09,6330,61992.35618696631
2024-11-09,6331,65988.08757519613
2024-11-09,6332,69925.33490973948
2024-11-09,6333,73440.99425486318
2024-11-09,6334,73540.10984926447
2024-11-09,6335,66191.53107410306
2024-11-09,6336,72604.0232216948
2024-11-09,6338,65263.30591744465
2024-11-09,6345,72428.90574450676
2024-11-09,6346,66563.56186418903
2024-11-09,6348,68211.56226998502
2024-11-09,6349,58578.73441809851
2024-11-09,6350,68963.99707056137
2024-11-09,6351,69596.16703274127
2024-11-09,6352,72776.57835219674
2024-11-09,6357,68750.17760036005
2024-11-09,6358,74574.20572944025
2024-11-09,6360,69181.34745267723
2024-11-09,6363,77303.91300938763
2024-11-09,6364,70058.18533530727
2024-11-09,6366,70428.01137113286
2024-11-09,6367,64517.320251267294
2024-11-09,6368,67948.3443556445
2024-11-09,6370,68790.24120629519
2024-11-09,6372,67451.82721719293
2024-11-09,6373,73566.40405665214
2024-11-09,6374,70616.57514910336
2024-11-09,6379,71579.89299046091
2024-11-09,6382,72267.37704629006
2024-11-09,6384,71366.71686149256
2024-11-09,6385,70174.47281547812
2024-11-09,6387,69076.56232630675
2024-11-09,6388,73835.09510452363
2024-11-09,6389,70344.34586225572
2024-11-09,6390,70674.63389234067
2024-11-09,6392,89924.36873418633
2024-11-09,6393,70738.73860303068
2024-11-09,6395,70909.31384005559
2024-11-09,6396,70673.02609887112
2024-11-09,6398,84287.14395841332
2024-11-09,6400,69515.99345799824
2024-11-09,6402,69974.01236555942
2024-11-09,6406,74103.09874483636
2024-11-09,6407,66398.66873192746
2024-11-09,6408,76727.56204568592
2024-11-09,6410,53154.271437969066
2024-11-09,6411,62525.66267346198
2024-11-09,6413,69936.06009671872
2024-11-09,6414,68817.41211770421
2024-11-09,6417,73492.11577842866
2024-11-09,6418,72970.80871230719
2024-11-09,6420,72869.1195436678
2024-11-09,6423,70230.46238128189
2024-11-09,6424,70006.79549352425
2024-11-09,6425,59943.500468422295
2024-11-09,6426,68761.73987776403
2024-11-09,6427,72456.28259497909
2024-11-09,6428,76652.81972230159
2024-11-09,6429,67270.43740269948
2024-11-09,6431,77428.27349432923
2024-11-09,6432,70583.19078323344
2024-11-09,6434,72374.36586929462
2024-11-09,6435,71459.11775947774
2024-11-09,6436,71302.62173561
2024-11-09,6438,69490.80361242728
2024-11-09,6439,71800.4833649665
2024-11-09,6441,71563.43653183187
2024-11-09,6443,73870.48440703233
2024-11-09,6445,70462.65127646229
2024-11-09,6446,73447.1220799001
2024-11-09,6447,68910.49039015935
2024-11-09,6450,69574.63069246472
2024-11-09,6451,71971.99651685379
2024-11-09,6453,72005.84986769076
2024-11-09,6454,76826.18172567672
2024-11-09,6455,65900.53019353551
2024-11-09,6456,72505.94793804786
2024-11-09,6475,70812.96394039018
2024-11-09,6476,69478.33804100132
2024-11-09,6477,74633.18043807996
2024-11-09,6480,75724.79133881953
2024-11-09,6482,73687.75267570185
2024-11-09,6485,52244.72248887615
2024-11-09,6487,71762.6772675334
2024-11-09,6488,69179.8554292665
2024-11-09,6490,70655.73316409082
2024-11-09,6492,77327.8322116229
2024-11-09,6493,67028.88994780384
2024-11-09,6494,70616.31901652469
2024-11-09,6496,68300.9670291375
2024-11-09,6498,71011.38201832176
2024-11-09,6501,71629.78898913316
2024-11-09,6503,66046.37716867232
2024-11-09,6504,67782.36739237871
2024-11-09,6505,72033.9928093214
2024-11-09,6506,74284.99664980863
2024-11-09,6507,69928.72246692672
2024-11-09,6509,70159.97685965792
2024-11-09,6510,72864.09356738196
2024-11-09,6511,69676.30311548836
2024-11-09,6512,70584.77699543053
2024-11-09,6514,70231.21906774459
2024-11-09,6515,71781.0153557279
2024-11-09,6516,71663.71805029047
2024-11-09,6517,73421.17210931507
2024-11-09,6518,71292.68448913745
2024-11-09,6519,69998.43651252691
2024-11-09,6520,70757.41252850615
2024-11-09,6522,68524.51898241161
2024-11-09,6523,70708.16952578365
2024-11-09,6524,68579.1911313715
2024-11-09,6525,74210.42432069726
2024-11-09,6526,64998.92882987468
2024-11-09,6531,67483.42303878577
2024-11-09,6533,70625.86972307223
2024-11-09,6534,70439.9632600832
2024-11-09,6535,68458.54637521102
2024-11-09,6536,57053.874963166694
2024-11-09,6538,57184.0836096632
2024-11-09,6540,70889.54545234074
2024-11-09,6541,69045.47982068121
2024-11-09,6544,68448.39192080876
2024-11-09,6545,65762.20622279478
2024-11-09,6546,70325.9289056217
2024-11-09,6547,69143.33585649144
2024-11-09,6548,68584.71866707943
2024-11-09,6550,69134.7593739042
2024-11-09,6552,71592.67186368146
2024-11-09,6553,51730.30986264349
2024-11-09,6554,48174.43721181736
2024-11-09,6558,70865.63424783309
2024-11-09,6559,69985.75930799334
2024-11-09,6560,71120.61270098585
2024-11-09,6561,69820.52190370816
2024-11-09,6562,72856.6803383582
2024-11-09,6563,70554.60238941798
2024-11-09,6564,73800.1113302427
2024-11-09,6565,74371.77274400435
2024-11-09,6567,70404.38479208323
2024-11-09,6568,71021.56078292972
2024-11-09,6569,61987.22415419832
2024-11-09,6571,70292.32696350577
2024-11-09,6574,68545.76158499258
2024-11-09,6575,56029.13235607645
2024-11-09,6576,69267.27018642335
2024-11-09,6577,70186.51702746387
2024-11-09,6580,68455.25754004988
2024-11-09,6581,69472.434604027585
2024-11-09,6582,67084.84485811161
2024-11-09,6583,64066.17101324805
2024-11-09,6585,74584.57978833762
2024-11-09,6586,69985.31432682888
2024-11-09,6588,74752.46574749224
2024-11-09,6590,74456.17124810033
2024-11-09,6594,71758.5127975034
2024-11-09,6597,74855.57917965142
2024-11-09,6598,76901.05881948605
2024-11-09,6599,73857.5221522405
2024-11-09,6600,71242.22997808189
2024-11-09,6601,70748.90834573467
2024-11-09,6602,56535.59457188025
2024-11-09,6603,68783.40301857138
2024-11-09,6604,72305.6990386553
2024-11-09,6607,73837.430792057
2024-11-09,6609,71701.15852652767
2024-11-09,6616,79790.47414200554
2024-11-09,6618,70671.92756476122
2024-11-09,6619,68085.46217300136
2024-11-09,6623,66661.48620053778
2024-11-09,6624,56762.60961338152
2024-11-09,6626,70313.81765808568
2024-11-09,6629,73351.12834765534
2024-11-09,6630,69527.34912227759
2024-11-09,6631,67627.53039881418
2024-11-09,6632,70396.44942488073
2024-11-09,6633,53159.88932912063
2024-11-09,6634,69517.39263054807
2024-11-09,6635,70929.12181210381
2024-11-09,6636,73583.43243018947
2024-11-09,6637,53845.89565465942
2024-11-09,6639,65413.50367287536
2024-11-09,6641,64444.14942996217
2024-11-09,6642,68967.51558771361
2024-11-09,6643,74258.69384112545
2024-11-09,6644,71263.16780120957
2024-11-09,6647,70059.4447474489
2024-11-09,6648,72335.67599937141
2024-11-09,6649,74548.24697191661
2024-11-09,6655,69362.15745522446
2024-11-09,6658,60265.80116587347
2024-11-09,6659,60905.24669466557
2024-11-09,6660,74271.23821158153
2024-11-09,6661,70312.24310519866
2024-11-09,6662,70185.2856287742
2024-11-09,6663,71517.80646641388
2024-11-09,6664,77044.76734247278
2024-11-09,6666,73906.26350498603
2024-11-09,6668,72770.90517426906
2024-11-09,6669,69686.17799667682
2024-11-09,6670,73112.4429339298
2024-11-09,6674,70744.93086386555
2024-11-09,6675,71411.65781632434
2024-11-09,6676,70605.53155937608
2024-11-09,6679,70655.03894470475
2024-11-09,6680,67450.47567257995
2024-11-09,6681,72381.84412498593
2024-11-09,6683,69686.9237277566
2024-11-09,6686,70844.14245841595
2024-11-09,6687,72529.27884347527
2024-11-09,6689,72100.42109773135
2024-11-09,6692,75651.83847443042
2024-11-09,6693,70348.36676748937
2024-11-09,6695,72584.26784621236
2024-11-09,6696,71268.8241931815
2024-11-09,6714,70222.98353279472
2024-11-09,6715,70051.69874867323
2024-11-09,6716,70485.40790433243
2024-11-09,6717,73797.67153220095
2024-11-09,6718,61906.5015420771
2024-11-09,6719,66884.08210678837
2024-11-09,6722,62891.98603395485
2024-11-09,6723,55077.90245098963
2024-11-09,6724,65177.97818609736
2024-11-09,6725,71166.68291762237
2024-11-09,6726,71401.60709096031
2024-11-09,6727,66237.63729971864
2024-11-09,6728,70703.87746368747
2024-11-09,6730,57154.09885662469
2024-11-09,6731,72087.64053158095
2024-11-09,6733,63250.1556001483
2024-11-09,6734,63960.456522993554
2024-11-09,6736,74137.01497928133
2024-11-09,6737,72447.85689093969
2024-11-09,6740,59228.178464639575
2024-11-09,6741,69001.28078396869
2024-11-09,6745,56549.07478383625
2024-11-09,6746,55391.322828713994
2024-11-09,6747,56483.82263677593
2024-11-09,6749,62480.21973982549
2024-11-09,6750,70646.42572074746
2024-11-09,6751,66043.04767226194
2024-11-09,6752,64347.657331946306
2024-11-09,6753,55166.69410361153
2024-11-09,6754,56374.42050865628
2024-11-09,6755,53414.07262107367
2024-11-09,6756,59887.58419595317
2024-11-09,6757,56072.43252780013
2024-11-09,6758,53263.050825880746
2024-11-09,6759,56357.70417527923
2024-11-09,6761,69354.60851988343
2024-11-09,6762,67881.73190327818
2024-11-09,6763,71310.38132524375
2024-11-09,6764,65150.86077938766
2024-11-09,6767,69815.49033609775
2024-11-09,6768,70435.1529292698
2024-11-09,6769,65774.6410860275
2024-11-09,6773,64903.926270542914
2024-11-09,6774,66616.98963060995
2024-11-09,6775,73837.47104506721
2024-11-09,6776,70753.44234083935
2024-11-09,6777,62471.41763447458
2024-11-09,6779,65151.46290359246
2024-11-09,6780,70336.12193710073
2024-11-09,6783,73200.5711207312
2024-11-09,6784,69234.62495439217
2024-11-09,6785,55569.75237611986
2024-11-09,6787,68246.65151217741
2024-11-09,6788,69186.5250352068
2024-11-09,6789,69667.79216530027
2024-11-09,6792,61750.48497135262
2024-11-09,6794,60641.945074730174
2024-11-09,6797,72591.62077350373
2024-11-09,6798,83295.95904558605
2024-11-09,6799,70201.29613118176
2024-11-09,6800,67632.08883877877
2024-11-09,6801,60129.56875060932
2024-11-09,6803,62158.92959789676
2024-11-09,6804,73094.4833895652
2024-11-09,6809,69154.23708816955
2024-11-09,6810,69001.77529642118
2024-11-09,6811,72025.89436218797
2024-11-09,6812,67558.72504792604
2024-11-09,6813,69460.78608243972
2024-11-09,6815,66549.52219077585
2024-11-09,6817,73635.76758549812
2024-11-09,6818,68719.50994431399
2024-11-09,6824,67084.23545405029
2024-11-09,6826,68353.9683570955
2024-11-09,6827,73327.19570986916
2024-11-09,6829,69505.19232505004
2024-11-09,6830,72920.8281814481
2024-11-09,6831,80476.2616674032
2024-11-09,6832,74220.09373603245
2024-11-09,6833,75039.23191195146
2024-11-09,6834,73826.07598286116
2024-11-09,6835,74756.94228027307
2024-11-09,6838,67829.51600427258
2024-11-09,6839,55736.57816553425
2024-11-09,6841,69478.77349493721
2024-11-09,6842,68204.03770593806
2024-11-09,6844,68917.53341811415
2024-11-09,6845,72072.41723693017
2024-11-09,6846,73490.39182135151
2024-11-09,6849,66142.53542367432
2024-11-09,6851,64156.36434844131
2024-11-09,6852,65563.05197341062
2024-11-09,6853,61336.116386718946
2024-11-09,6854,72156.1404232987
2024-11-09,6856,70341.05253628187
2024-11-09,6857,68269.64855136305
2024-11-09,6858,68063.49977094162
2024-11-09,6860,71271.91932406145
2024-11-09,6861,69764.43635911569
2024-11-09,6862,69660.9760627891
2024-11-09,6863,70473.87528174504
2024-11-09,6865,71548.0192189274
2024-11-09,6866,69797.03819244039
2024-11-09,6868,63936.70177746553
2024-11-09,6869,70725.44250807505
2024-11-09,6870,70613.60186559231
2024-11-09,6872,60982.38050193629
2024-11-09,6873,69541.74482745837
2024-11-09,6874,67961.97398710636
2024-11-09,6875,71092.82880876254
2024-11-09,6876,69757.67064764211
2024-11-09,6877,70970.47646724642
2024-11-09,6878,65193.61619564658
2024-11-09,6879,71437.6403504227
2024-11-09,6880,68944.13767564415
2024-11-09,6881,60831.63408650342
2024-11-09,6882,69297.6832978973
2024-11-09,6883,67172.53757529552
2024-11-09,6884,75587.22919891342
2024-11-09,6885,70667.72145807918
2024-11-09,6886,69841.07879778557
2024-11-09,6887,65743.67162729538
2024-11-09,6888,72138.00565446168
2024-11-09,6891,61996.391179044695
2024-11-09,6894,67454.2384511041
2024-11-09,6896,70075.75712953752
2024-11-09,6897,68953.0144728642
2024-11-09,6898,69835.5889679637
2024-11-09,6899,73317.51008657485
2024-11-09,6900,69839.3003618036
2024-11-09,6903,78005.5656422871
2024-11-09,6904,61884.211974989536
2024-11-09,6905,62926.543989412196
2024-11-09,6906,73825.81211394806
2024-11-09,6909,72023.80844079616
2024-11-09,6911,72084.04426342978
2024-11-09,6918,73290.5439121862
2024-11-09,6919,70692.94188054794
2024-11-09,6921,73771.0161789228
2024-11-09,6922,71570.95144377626
2024-11-09,6923,69953.49545950886
2024-11-09,6924,71809.55577765683
2024-11-09,6925,72975.56984854194
2024-11-09,6926,71641.82843378485
2024-11-09,6927,78078.84630042854
2024-11-09,6928,73753.99717974273
2024-11-09,6929,69832.55689347487
2024-11-09,6930,72515.5134200497
2024-11-09,6931,61098.05249937617
2024-11-09,6932,69110.57328802886
2024-11-09,6933,67017.74881747684
2024-11-09,6934,72792.45591755796
2024-11-09,6935,70990.63186631352
2024-11-09,6936,50624.755883891834
2024-11-09,6937,70731.36321492401
2024-11-09,6939,70286.06609667577
2024-11-09,6940,70589.42425046433
2024-11-09,6941,67901.80635769981
2024-11-09,6942,66236.79168029792
2024-11-09,6944,84083.252172035
2024-11-09,6948,74705.72548502193
2024-11-09,6951,71359.2313719889
2024-11-09,6952,63073.12673609078
2024-11-09,6953,63629.811290190126
2024-11-09,6954,64396.318088472224
2024-11-09,6956,64379.34681247941
2024-11-09,6957,72374.01873927847
2024-11-09,6959,66348.14072771253
2024-11-09,6960,76374.62141269972
2024-11-09,6961,71383.85114433413
2024-11-09,6962,71406.26890888753
2024-11-09,6963,68481.61286952376
2024-11-09,6965,69300.30907634737
2024-11-09,6966,73472.31532262555
2024-11-09,6967,69339.87682432737
2024-11-09,6968,68995.19731347756
2024-11-09,6969,69527.88913692979
2024-11-09,6970,72372.66426698248
2024-11-09,6971,70609.21204016928
2024-11-09,6972,73249.27579545324
2024-11-09,6973,71583.89502696338
2024-11-09,6974,68010.32422101292
2024-11-09,6977,58248.375041257714
2024-11-09,6978,69096.23662690097
2024-11-09,6985,72310.78178331062
2024-11-09,6993,67329.11208137109
2024-11-09,6994,74005.06992902119
2024-11-09,6997,72463.41093676831
2024-11-09,6999,70289.49180967335
2024-11-09,7000,75843.96149436288
2024-11-09,7003,72044.91788286915
2024-11-09,7004,69183.38856631175
2024-11-09,7005,71202.87712587508
2024-11-09,7006,68942.04598528404
2024-11-09,7007,69794.88140426579
2024-11-09,7008,69898.75873249331
2024-11-09,7009,82776.60840927054
2024-11-09,7010,70265.32306697355
2024-11-09,7011,69550.86153169473
2024-11-09,7012,66972.50380003396
2024-11-09,7013,68297.7023218376
2024-11-09,7014,73361.38550888619
2024-11-09,7016,70453.56295626129
2024-11-09,7017,72204.8847504998
2024-11-09,7018,57523.24046411675
2024-11-09,7020,74171.77628592512
2024-11-09,7021,70417.15421797788
2024-11-09,7022,67619.93559771185
2024-11-09,7024,71902.57592939863
2024-11-09,7025,69826.75505382997
2024-11-09,7026,70655.21790662539
2024-11-09,7027,69435.05706163886
2024-11-09,7028,70802.66945215745
2024-11-09,7030,69977.08088113449
2024-11-09,7031,67891.54119681072
2024-11-09,7032,64029.70713214158
2024-11-09,7033,72231.19336297487
2024-11-09,7034,68822.2475851524
2024-11-09,7035,68890.16360137016
2024-11-09,7036,70527.87121957864
2024-11-09,7037,62969.85799465538
2024-11-09,7038,76531.98613463779
2024-11-09,7039,69920.52921426576
2024-11-09,7040,65320.58871818788
2024-11-09,7042,76188.68897340153
2024-11-09,7043,73169.81802108977
2024-11-09,7047,90626.51620934528
2024-11-09,7048,73108.0988599174
2024-11-09,7049,68002.03605980832
2024-11-09,7050,64682.94286295409
2024-11-09,7052,68428.42428659955
2024-11-09,7053,62722.333578785176
2024-11-09,7054,68420.21657912001
2024-11-09,7056,72639.66736935025
2024-11-09,7060,73871.66527279216
2024-11-09,7062,61275.59789417056
2024-11-09,7063,61721.8097383928
2024-11-09,7064,66966.12906414764
2024-11-09,7065,70736.65005634043
2024-11-09,7066,63900.87844592835
2024-11-09,7067,73978.23823177829
2024-11-09,7068,69192.09671722799
2024-11-09,7069,68424.43194560666
2024-11-09,7070,73739.44715504299
2024-11-09,7072,61720.71700296559
2024-11-09,7073,72699.23442743054
2024-11-09,7075,62996.55185720611
2024-11-09,7076,70270.98750892526
2024-11-09,7077,69861.3893012985
2024-11-09,7078,51164.212981541845
2024-11-09,7079,71221.13547980216
2024-11-09,7080,67524.73747872723
2024-11-09,7081,72293.63098400134
2024-11-09,7083,70231.31956495334
2024-11-09,7084,63895.07293913636
2024-11-09,7085,73318.91408598212
2024-11-09,7086,74144.70955208561
2024-11-09,7087,75707.98972222279
2024-11-09,7090,74683.73963941794
2024-11-09,7091,72928.86628732776
2024-11-09,7092,75904.4078654494
2024-11-09,7095,70901.8669865182
2024-11-09,7096,69243.54588251172
2024-11-09,7097,70797.98161639826
2024-11-09,7098,62067.76124620467
2024-11-09,7100,58562.77419757738
2024-11-09,7101,71263.8296188083
2024-11-09,7104,71091.24499649099
2024-11-09,7105,77199.27760938335
2024-11-09,7106,69889.47123663482
2024-11-09,7107,66065.31818605185
2024-11-09,7108,70939.3150657864
2024-11-09,7109,63383.39814094971
2024-11-09,7110,71017.10061444879
2024-11-09,7111,67363.91540341222
2024-11-09,7112,70098.01814439677
2024-11-09,7113,58031.15402235238
2024-11-09,7115,71342.70751176937
2024-11-09,7116,73872.53264048106
2024-11-09,7117,67729.8928094415
2024-11-09,7121,61939.673996182195
2024-11-09,7122,74191.77575844878
2024-11-09,7124,56983.64284099891
2024-11-09,7125,69898.82274634812
2024-11-09,7126,63983.51384933018
2024-11-09,7127,68340.20717314215
2024-11-09,7128,73581.20411985148
2024-11-09,7129,70066.82229566788
2024-11-09,7131,68652.66557499395
2024-11-09,7134,71913.76989912434
2024-11-09,7135,71626.43996319456
2024-11-09,7136,73020.54289557801
2024-11-09,7137,71177.90198844933
2024-11-09,7139,71903.82322032287
2024-11-09,7140,64984.52147075517
2024-11-09,7141,70166.5329343369
2024-11-09,7144,73652.98967903467
2024-11-09,7145,66526.70870851734
2024-11-09,7146,73274.24045284462
2024-11-09,7147,67717.57843706793
2024-11-09,7149,72575.89100871392
2024-11-09,7150,71796.84530689038
2024-11-09,7151,69050.65971810823
2024-11-09,7152,69493.12265742863
2024-11-09,7155,71295.21364053272
2024-11-09,7156,69124.1976016691
2024-11-09,7157,71227.88869863648
2024-11-09,7158,71284.80362080253
2024-11-09,7159,82006.83601818327
2024-11-09,7165,59863.17059906242
2024-11-09,7168,62042.78872124306
2024-11-09,7169,72385.69574500372
2024-11-09,7170,65245.466217175504
2024-11-09,7171,59195.57862218801
2024-11-09,7172,60109.270620607975
2024-11-09,7173,56735.125413260794
2024-11-09,7174,71403.72504453771
2024-11-09,7175,68874.45360148339
2024-11-09,7178,82078.42041624211
2024-11-09,7180,56420.52507646242
2024-11-09,7182,68783.49273431014
2024-11-09,7183,69912.39125953804
2024-11-09,7184,65071.96403671015
2024-11-09,7185,57803.98155494886
2024-11-09,7186,60861.53421334489
2024-11-09,7187,62504.81000601735
2024-11-09,7188,69148.9062621287
2024-11-09,7189,63203.50563638382
2024-11-09,7190,62368.195904404565
2024-11-09,7193,71193.16617149986
2024-11-09,7195,72719.85836768265
2024-11-09,7196,70544.67516423482
2024-11-09,7197,69456.45327433477
2024-11-09,7198,129418.81015208043
2024-11-09,7199,73395.51034271947
2024-11-09,7200,69454.19315591354
2024-11-09,7201,68186.46226655676
2024-11-09,7202,73096.3325890029
2024-11-09,7205,71273.73608788893
2024-11-09,7206,77638.09041985878
2024-11-09,7207,81047.84181495772
2024-11-09,7208,70204.18004725095
2024-11-09,7209,56766.26319103212
2024-11-09,7210,69168.24896077861
2024-11-09,7211,69035.24598873446
2024-11-09,7213,70516.57190114372
2024-11-09,7214,67799.90897215666
2024-11-09,7216,70394.17891614276
2024-11-09,7217,69964.69020954154
2024-11-09,7219,55487.36595011843
2024-11-09,7220,69613.36859081265
2024-11-09,7221,70823.82071068647
2024-11-09,7222,89476.3337201338
2024-11-09,7223,69193.0745441628
2024-11-09,7224,71946.27494934999
2024-11-09,7225,69830.50731092639
2024-11-09,7226,70518.43300039264
2024-11-09,7227,72409.58659375424
2024-11-09,7231,69323.35739782311
2024-11-09,7234,56952.98944791866
2024-11-09,7236,72827.6332619786
2024-11-09,7238,72562.34565744718
2024-11-09,7239,148060.25310086895
2024-11-09,7240,71285.11329292784
2024-11-09,7241,60359.27600314521
2024-11-09,7242,55549.62316538995
2024-11-09,7244,74338.96567228808
2024-11-09,7245,69599.19696632672
2024-11-09,7246,71569.685820311
2024-11-09,7248,72354.30620721224
2024-11-09,7249,61730.72026635475
2024-11-09,7250,63674.33232221827
2024-11-09,7251,71073.87750757327
2024-11-09,7253,73636.9199487188
2024-11-09,7254,71049.31470471667
2024-11-09,7256,75622.5775691735
2024-11-09,7258,69215.47731725291
2024-11-09,7260,69935.65428555607
2024-11-09,7261,69501.47008909368
2024-11-09,7265,72787.889387946
2024-11-09,7266,67509.15894456224
2024-11-09,7267,77167.17187712523
2024-11-09,7268,68195.50513270994
2024-11-09,7269,70162.66264182176
2024-11-09,7271,73292.74169941207
2024-11-09,7272,73438.99356695129
2024-11-09,7274,67479.89295563426
2024-11-09,7275,73530.27916106409
2024-11-09,7276,75827.55612376319
2024-11-09,7278,83313.11207629311
2024-11-09,7279,71116.00555843643
2024-11-09,7280,68803.63096650633
2024-11-09,7281,70905.12928941747
2024-11-09,7282,71922.63719456669
2024-11-09,7283,68590.71169448891
2024-11-09,7287,69946.03075482266
2024-11-09,7288,69451.18988216211
2024-11-09,7289,71548.13470950679
2024-11-09,7291,57588.423244704616
2024-11-09,7292,69850.24146048768
2024-11-09,7293,74886.67895747065
2024-11-09,7295,68098.45860651543
2024-11-09,7296,69996.57897454752
2024-11-09,6287,70700.42765672943
2024-11-09,6249,70412.52238675664
2024-11-09,6380,55487.39301389968
2024-11-09,6437,77343.5187252958
2024-11-09,6452,76410.48752344366
2024-11-09,7002,67112.87990596407
2024-11-09,6549,70588.31535620315
2024-11-09,7019,54427.478782429185
2024-11-09,6782,60020.77822660037
2024-11-09,6448,0
2024-11-09,6892,69637.12843988795
2024-11-09,6491,0
2024-11-09,6591,0
2024-11-09,6949,0
2024-11-09,7212,0
2024-11-09,7218,0
2024-11-09,7273,0
2024-11-09,7192,56532.556963523355
2024-11-10,6025,72488.28735228845
2024-11-10,6039,67851.97115694205
2024-11-10,6042,74077.57389749416
2024-11-10,6043,72514.28997770174
2024-11-10,6054,67642.38264208722
2024-11-10,6072,70960.04070236991
2024-11-10,6082,71321.22474440107
2024-11-10,6087,72667.6323052797
2024-11-10,6088,71429.49001213317
2024-11-10,6092,74421.57461095201
2024-11-10,6094,73608.26819694143
2024-11-10,6101,77638.34149101279
2024-11-10,6120,70131.3503534122
2024-11-10,6167,72744.90812203757
2024-11-10,6213,69701.82970823474
2024-11-10,6225,64782.79232210222
2024-11-10,6232,78274.39598318108
2024-11-10,6239,69295.39489928786
2024-11-10,6245,69574.19240096456
2024-11-10,6246,68739.58187201414
2024-11-10,6248,64063.865736478336
2024-11-10,6250,69077.32829676535
2024-11-10,6251,62463.845116983306
2024-11-10,6254,71778.83038940605
2024-11-10,6266,75663.7084872724
2024-11-10,6267,68987.33920346937
2024-11-10,6268,70078.44007080108
2024-11-10,6272,70338.37348925187
2024-11-10,6291,61057.06410832894
2024-11-10,6295,69619.88435633395
2024-11-10,6297,68549.05660869223
2024-11-10,6298,60363.61498593493
2024-11-10,6299,61464.63398624844
2024-11-10,6304,70020.647542114
2024-11-10,6307,68054.0134508148
2024-11-10,6313,70574.14544574708
2024-11-10,6316,70017.07696023077
2024-11-10,6317,70452.47680414202
2024-11-10,6318,68562.44943284245
2024-11-10,6320,72706.33950927267
2024-11-10,6323,67073.28640194978
2024-11-10,6324,63781.6399645525
2024-11-10,6325,69569.35741700254
2024-11-10,6326,64951.139193400704
2024-11-10,6327,68964.30459979668
2024-11-10,6328,71090.59515158652
2024-11-10,6329,67605.15406088176
2024-11-10,6330,62196.40389463152
2024-11-10,6331,66171.95469136695
2024-11-10,6332,69959.44717079971
2024-11-10,6333,73218.67487205766
2024-11-10,6334,73407.0627265254
2024-11-10,6335,66727.30122174683
2024-11-10,6336,72634.03347584941
2024-11-10,6338,65473.64733852686
2024-11-10,6345,72215.79481488487
2024-11-10,6346,66833.97530208113
2024-11-10,6348,68349.15403297728
2024-11-10,6349,58774.39067027046
2024-11-10,6350,69391.89356087794
2024-11-10,6351,70020.22458736383
2024-11-10,6352,72191.70653559892
2024-11-10,6357,68738.01763759766
2024-11-10,6358,74130.58172270197
2024-11-10,6360,68894.52824674269
2024-11-10,6363,76671.23066979609
2024-11-10,6364,69499.08397195654
2024-11-10,6366,69439.97774049976
2024-11-10,6367,64990.759026401065
2024-11-10,6368,68431.80833472617
2024-11-10,6370,67996.83302476624
2024-11-10,6372,67591.28188226248
2024-11-10,6373,73280.38994325287
2024-11-10,6374,70560.66446356385
2024-11-10,6379,71632.12978270829
2024-11-10,6382,73022.93408213023
2024-11-10,6384,71328.83443251095
2024-11-10,6385,69521.93860514603
2024-11-10,6387,69535.48394323271
2024-11-10,6388,74984.74913766373
2024-11-10,6389,71372.92301123557
2024-11-10,6390,70503.15487621256
2024-11-10,6392,86798.5990704348
2024-11-10,6393,71652.56417212561
2024-11-10,6395,71460.57092233961
2024-11-10,6396,70171.02859461922
2024-11-10,6398,85481.47969332983
2024-11-10,6400,69408.69396945465
2024-11-10,6402,69996.51335549106
2024-11-10,6406,74155.39946325481
2024-11-10,6407,65979.56251384488
2024-11-10,6408,77704.91124258698
2024-11-10,6411,63066.314708827274
2024-11-10,6413,70991.59886222343
2024-11-10,6414,69029.8343923968
2024-11-10,6417,72042.10934903218
2024-11-10,6418,73836.9886186258
2024-11-10,6420,73591.88918559672
2024-11-10,6423,70413.5422457837
2024-11-10,6424,70645.19039766323
2024-11-10,6425,58749.415127363645
2024-11-10,6426,68764.2391421214
2024-11-10,6427,72276.82659006081
2024-11-10,6428,76604.84923623333
2024-11-10,6429,67452.6563583315
2024-11-10,6431,75617.06277214216
2024-11-10,6432,69798.2930747685
2024-11-10,6434,71806.32904749164
2024-11-10,6435,71886.19561151309
2024-11-10,6436,71901.8936800561
2024-11-10,6438,69089.25207579225
2024-11-10,6439,71619.99882336512
2024-11-10,6441,72183.27591178298
2024-11-10,6443,74051.10674039922
2024-11-10,6445,70379.00889332892
2024-11-10,6446,73653.15736170756
2024-11-10,6447,69472.24150575453
2024-11-10,6450,70161.42227611628
2024-11-10,6451,71096.56541968648
2024-11-10,6453,71979.02326867642
2024-11-10,6454,76755.45332383232
2024-11-10,6455,67159.2822576425
2024-11-10,6456,72997.58945476744
2024-11-10,6475,70783.71515338897
2024-11-10,6476,69521.01396724927
2024-11-10,6477,74384.26063902053
2024-11-10,6480,75420.46054687044
2024-11-10,6482,73699.52469113743
2024-11-10,6485,51553.95582592068
2024-11-10,6487,71753.68192434491
2024-11-10,6488,69094.33888249731
2024-11-10,6490,70478.88388767348
2024-11-10,6492,76897.1065000054
2024-11-10,6493,66106.93309289454
2024-11-10,6494,70658.6351201418
2024-11-10,6496,66152.72660513378
2024-11-10,6498,70483.92521231335
2024-11-10,6501,71928.6567881008
2024-11-10,6503,65624.22945624906
2024-11-10,6504,68099.62549049528
2024-11-10,6505,70869.88811734758
2024-11-10,6506,73778.00641337289
2024-11-10,6507,69458.8717412938
2024-11-10,6509,71227.00755406247
2024-11-10,6510,71936.68712842232
2024-11-10,6511,69767.72632498431
2024-11-10,6512,70897.79898326898
2024-11-10,6514,70461.05991970097
2024-11-10,6515,72125.0263016104
2024-11-10,6516,72676.72816265206
2024-11-10,6517,73385.24326033007
2024-11-10,6518,71077.9022998911
2024-11-10,6519,69973.87513038875
2024-11-10,6520,70820.6435216581
2024-11-10,6522,68434.47441649639
2024-11-10,6523,70682.26695419071
2024-11-10,6524,70912.91897004726
2024-11-10,6525,74102.89322625304
2024-11-10,6526,65834.59247338946
2024-11-10,6531,67459.21034257246
2024-11-10,6533,70653.5479459766
2024-11-10,6534,70479.4567423025
2024-11-10,6535,68967.45384516942
2024-11-10,6536,57411.771087634974
2024-11-10,6538,57124.31672584998
2024-11-10,6540,70873.9801200518
2024-11-10,6541,68880.33703208595
2024-11-10,6544,68670.26835460973
2024-11-10,6545,65781.39551993311
2024-11-10,6546,69767.70950284271
2024-11-10,6547,69108.30845200211
2024-11-10,6548,68116.52712683847
2024-11-10,6550,69129.40334379565
2024-11-10,6552,71768.88972321173
2024-11-10,6553,52216.15169975194
2024-11-10,6554,49211.661446798855
2024-11-10,6558,69967.25639440423
2024-11-10,6559,70033.98974849883
2024-11-10,6560,71241.52563877768
2024-11-10,6561,70263.46574286689
2024-11-10,6562,73465.51062611224
2024-11-10,6563,70649.79447676719
2024-11-10,6564,73661.70592506182
2024-11-10,6565,74807.55188055742
2024-11-10,6567,70469.03883491068
2024-11-10,6568,71078.72834062159
2024-11-10,6569,66487.6605418439
2024-11-10,6571,70411.41882718424
2024-11-10,6574,70622.54677293275
2024-11-10,6575,55770.90115567459
2024-11-10,6576,69357.10729002692
2024-11-10,6577,70240.60088646016
2024-11-10,6580,68446.556829411
2024-11-10,6581,69610.33995237008
2024-11-10,6582,66998.81896264355
2024-11-10,6583,64057.38917714217
2024-11-10,6585,76319.53388668434
2024-11-10,6586,69207.40912684322
2024-11-10,6588,74818.21072483598
2024-11-10,6590,74430.7636628126
2024-11-10,6594,71389.03751711432
2024-11-10,6597,74669.95079513735
2024-11-10,6598,76860.40906567035
2024-11-10,6599,73723.71393567971
2024-11-10,6600,71409.49582849655
2024-11-10,6601,70933.51449465497
2024-11-10,6602,56571.55963350632
2024-11-10,6603,69265.45600894972
2024-11-10,6604,72334.07703521219
2024-11-10,6607,73587.51947850776
2024-11-10,6609,71915.8633877662
2024-11-10,6616,77938.33328455137
2024-11-10,6618,71176.94691092004
2024-11-10,6619,69699.61786541673
2024-11-10,6623,66834.47504157136
2024-11-10,6624,56516.639663932474
2024-11-10,6626,70371.54918465624
2024-11-10,6629,73636.43492104133
2024-11-10,6630,69520.65508023485
2024-11-10,6631,67983.04597935839
2024-11-10,6632,71123.86571160574
2024-11-10,6633,53056.56099192443
2024-11-10,6634,69185.40991298314
2024-11-10,6635,71451.8172070313
2024-11-10,6636,73281.4233785177
2024-11-10,6637,53224.753748023024
2024-11-10,6639,64451.1160739826
2024-11-10,6641,64347.84493685542
2024-11-10,6642,68997.47913607601
2024-11-10,6643,73538.12250953588
2024-11-10,6644,71133.67887268387
2024-11-10,6647,70542.18116776437
2024-11-10,6648,72909.62880881432
2024-11-10,6649,75392.39086480445
2024-11-10,6655,69491.54044365586
2024-11-10,6658,60413.582750342684
2024-11-10,6659,60883.446863510515
2024-11-10,6660,73456.80655832603
2024-11-10,6661,70347.47870534427
2024-11-10,6662,69586.13480559427
2024-11-10,6663,71551.15371281358
2024-11-10,6664,76700.7913644301
2024-11-10,6666,73892.95988061241
2024-11-10,6668,72564.79904038648
2024-11-10,6669,68174.20578175837
2024-11-10,6670,73373.6411891618
2024-11-10,6674,70935.82400023236
2024-11-10,6675,71510.4398670592
2024-11-10,6676,70569.44643771129
2024-11-10,6679,70968.35049679327
2024-11-10,6680,67313.94970054843
2024-11-10,6681,72333.91445646797
2024-11-10,6683,69657.48673331205
2024-11-10,6686,70313.88600729141
2024-11-10,6687,71807.9610450106
2024-11-10,6689,72139.09208153129
2024-11-10,6692,75952.45130274999
2024-11-10,6693,69990.93034498538
2024-11-10,6695,72793.47071083174
2024-11-10,6696,71295.07849919597
2024-11-10,6714,70941.00424427784
2024-11-10,6715,70132.52560812085
2024-11-10,6716,70563.11852987454
2024-11-10,6717,73661.92647560101
2024-11-10,6718,62030.49219212433
2024-11-10,6719,66901.21427313445
2024-11-10,6722,63563.59360215553
2024-11-10,6723,51931.506045468544
2024-11-10,6724,65041.27460163985
2024-11-10,6725,71026.06881232731
2024-11-10,6726,70777.49836479117
2024-11-10,6727,66525.6145005313
2024-11-10,6728,70793.3299905522
2024-11-10,6730,57183.94152682201
2024-11-10,6731,72096.3091029533
2024-11-10,6733,63216.372103242815
2024-11-10,6734,63733.28150962579
2024-11-10,6736,75437.93523615347
2024-11-10,6737,72568.21427500108
2024-11-10,6740,59102.159279323154
2024-11-10,6741,68792.80774024506
2024-11-10,6745,56302.751990721415
2024-11-10,6746,55317.74690572384
2024-11-10,6747,56455.10042623543
2024-11-10,6749,62487.90498996448
2024-11-10,6750,70173.91717185943
2024-11-10,6751,66427.36469465336
2024-11-10,6752,63529.00037655408
2024-11-10,6753,55120.64888696862
2024-11-10,6754,56454.2986207271
2024-11-10,6755,52438.000151783184
2024-11-10,6756,58191.13051582628
2024-11-10,6757,56843.91587005974
2024-11-10,6758,52479.724209274355
2024-11-10,6759,56646.25534316489
2024-11-10,6761,69313.86704748092
2024-11-10,6762,68606.17924069417
2024-11-10,6763,71030.12473617033
2024-11-10,6764,65058.57149780346
2024-11-10,6767,70639.30931557264
2024-11-10,6768,70706.88944869435
2024-11-10,6769,65794.89362825292
2024-11-10,6773,64980.2074557508
2024-11-10,6774,66501.37999419267
2024-11-10,6775,73805.71449659321
2024-11-10,6776,70736.59129008107
2024-11-10,6777,62253.74285395158
2024-11-10,6779,65255.87372864298
2024-11-10,6780,70045.42549624231
2024-11-10,6783,73754.34879528011
2024-11-10,6784,68875.58342681806
2024-11-10,6785,57578.30343989153
2024-11-10,6787,68414.90301399655
2024-11-10,6788,68409.01268837096
2024-11-10,6789,70301.6913085756
2024-11-10,6792,62497.220377758546
2024-11-10,6794,60835.63356359197
2024-11-10,6797,72541.54315284989
2024-11-10,6798,81104.62225928553
2024-11-10,6799,70346.19231467757
2024-11-10,6800,68268.2222548031
2024-11-10,6801,60198.510553445914
2024-11-10,6803,62237.92067479499
2024-11-10,6804,73085.81967138058
2024-11-10,6809,69236.00828038278
2024-11-10,6810,68390.79017990491
2024-11-10,6811,72209.68940504201
2024-11-10,6812,67492.06626385011
2024-11-10,6813,69524.56404001628
2024-11-10,6815,66667.50079409995
2024-11-10,6817,73627.53186832387
2024-11-10,6818,68883.11400160876
2024-11-10,6824,67024.66286913103
2024-11-10,6826,68618.16190368596
2024-11-10,6827,73259.76031626208
2024-11-10,6829,69414.93662530616
2024-11-10,6830,72908.51616437205
2024-11-10,6831,80108.48547739044
2024-11-10,6832,74041.52886925425
2024-11-10,6833,75330.09072885527
2024-11-10,6834,74342.52801998032
2024-11-10,6835,75111.42526788011
2024-11-10,6838,67742.62381260439
2024-11-10,6839,55546.592224846376
2024-11-10,6841,69509.44202333904
2024-11-10,6842,70064.53208921627
2024-11-10,6844,69420.68317208735
2024-11-10,6845,72743.51993255666
2024-11-10,6846,73402.42439106462
2024-11-10,6849,66618.11296379662
2024-11-10,6851,64026.04891516597
2024-11-10,6852,65985.99521235607
2024-11-10,6853,61168.80922480438
2024-11-10,6854,72089.77602360315
2024-11-10,6856,70308.70447075328
2024-11-10,6857,68396.39982075537
2024-11-10,6858,68028.7326227315
2024-11-10,6860,71341.48443170205
2024-11-10,6861,69829.32946076604
2024-11-10,6862,69978.39462605781
2024-11-10,6863,70491.08361543152
2024-11-10,6865,71539.39273585223
2024-11-10,6866,69893.33431264288
2024-11-10,6869,70690.5601775177
2024-11-10,6870,70847.02566279247
2024-11-10,6872,61088.25589310395
2024-11-10,6873,69815.739046348
2024-11-10,6874,68110.75719802987
2024-11-10,6875,71513.79707280731
2024-11-10,6876,67670.55172819486
2024-11-10,6877,70980.31796513949
2024-11-10,6878,65174.23052125646
2024-11-10,6879,71520.83219412436
2024-11-10,6880,68853.56421899953
2024-11-10,6881,60936.98448479462
2024-11-10,6882,69362.23739739484
2024-11-10,6883,67236.27311519053
2024-11-10,6884,75610.13831197067
2024-11-10,6885,70587.75039697545
2024-11-10,6886,70355.43638816189
2024-11-10,6887,64623.70216541596
2024-11-10,6888,72172.47299687588
2024-11-10,6891,61931.56403161392
2024-11-10,6894,67519.40566500564
2024-11-10,6896,70148.30552513839
2024-11-10,6897,69210.81691768572
2024-11-10,6898,69937.39221353398
2024-11-10,6899,73359.63070795979
2024-11-10,6900,70017.7307186651
2024-11-10,6903,78086.19344255318
2024-11-10,6904,61599.64297987589
2024-11-10,6905,62457.14088166065
2024-11-10,6906,74249.18094253047
2024-11-10,6909,72386.49042769562
2024-11-10,6911,72065.62798144606
2024-11-10,6918,73552.06007166307
2024-11-10,6919,71385.4395408239
2024-11-10,6921,73494.6860531968
2024-11-10,6922,71745.07588497235
2024-11-10,6923,69856.61181581019
2024-11-10,6924,71317.29647317638
2024-11-10,6925,73005.92034481514
2024-11-10,6926,71709.07659663518
2024-11-10,6927,77805.53160904892
2024-11-10,6928,73775.05524631655
2024-11-10,6929,69829.7033619465
2024-11-10,6930,72451.42113172988
2024-11-10,6931,60220.63091216195
2024-11-10,6932,69134.20940080534
2024-11-10,6933,67364.99539891085
2024-11-10,6934,72975.28328896627
2024-11-10,6935,72597.5266396448
2024-11-10,6936,50468.87304573094
2024-11-10,6937,70891.50962174342
2024-11-10,6939,71118.48677938766
2024-11-10,6940,70519.14833240157
2024-11-10,6941,68919.68750946924
2024-11-10,6942,65820.90081520427
2024-11-10,6944,84447.65627297299
2024-11-10,6948,74669.19094185345
2024-11-10,6951,71379.90515809893
2024-11-10,6952,63033.553122597834
2024-11-10,6953,64128.37416638628
2024-11-10,6954,63826.11126140045
2024-11-10,6956,64574.73869718145
2024-11-10,6957,71755.60476309275
2024-11-10,6959,66336.06124271468
2024-11-10,6960,76553.41403223897
2024-11-10,6961,72671.02479624876
2024-11-10,6962,70926.71291077827
2024-11-10,6963,68475.5505784427
2024-11-10,6965,69468.63127940775
2024-11-10,6966,73366.65419858746
2024-11-10,6967,69534.93749811575
2024-11-10,6968,68252.97521006677
2024-11-10,6969,70175.44315688725
2024-11-10,6970,72827.34158116607
2024-11-10,6971,71334.00547135757
2024-11-10,6972,72314.3258816333
2024-11-10,6973,71791.53026460011
2024-11-10,6974,68048.77198213297
2024-11-10,6977,58300.349152911454
2024-11-10,6978,69211.69391955748
2024-11-10,6985,71708.54780027596
2024-11-10,6993,68152.42084517809
2024-11-10,6994,77970.7398185518
2024-11-10,6997,74417.15275792392
2024-11-10,6999,69757.04270957073
2024-11-10,7000,76623.15938259511
2024-11-10,7003,72437.10550622856
2024-11-10,7004,69255.67930915141
2024-11-10,7005,71113.94682475415
2024-11-10,7006,68829.34786760918
2024-11-10,7007,69223.79223561754
2024-11-10,7008,70491.23533094369
2024-11-10,7009,82689.19671548535
2024-11-10,7010,70249.17917849144
2024-11-10,7011,69591.78816151025
2024-11-10,7012,67237.41097871265
2024-11-10,7013,68308.23812013328
2024-11-10,7014,71238.7935239705
2024-11-10,7016,70337.29155954914
2024-11-10,7017,71628.78437287269
2024-11-10,7018,57487.53180216919
2024-11-10,7020,73946.96607924186
2024-11-10,7021,70494.56407722658
2024-11-10,7022,67690.2851269725
2024-11-10,7024,71594.87928336076
2024-11-10,7025,69886.72364601136
2024-11-10,7026,71195.60761424419
2024-11-10,7027,69811.98438984671
2024-11-10,7028,70732.74667611612
2024-11-10,7030,70041.437301541
2024-11-10,7031,67944.16869109967
2024-11-10,7032,60196.55962943549
2024-11-10,7033,72409.47520590908
2024-11-10,7034,68923.35907906684
2024-11-10,7035,69213.00526157136
2024-11-10,7036,70737.68281279718
2024-11-10,7037,64342.11276960033
2024-11-10,7038,76795.40557089938
2024-11-10,7039,69441.75629704072
2024-11-10,7040,65003.43778860568
2024-11-10,7042,76057.79694167811
2024-11-10,7043,73849.4231090169
2024-11-10,7047,90709.46188344643
2024-11-10,7048,73466.8965022704
2024-11-10,7049,65060.979452394466
2024-11-10,7050,65319.00852823719
2024-11-10,7052,68544.01246332172
2024-11-10,7053,62888.91904103417
2024-11-10,7054,68434.50349405555
2024-11-10,7056,72638.8884613383
2024-11-10,7060,73705.81093990941
2024-11-10,7062,61786.26622493751
2024-11-10,7063,66437.61925718492
2024-11-10,7064,67863.08422869384
2024-11-10,7065,69666.50665058615
2024-11-10,7066,63884.3948107257
2024-11-10,7067,74106.91392136575
2024-11-10,7068,69512.95672130863
2024-11-10,7069,69486.91941597317
2024-11-10,7070,73886.58424176158
2024-11-10,7072,61873.9460677756
2024-11-10,7073,72896.64992130818
2024-11-10,7075,63316.42983320497
2024-11-10,7076,70458.44330306332
2024-11-10,7077,75553.05419951206
2024-11-10,7078,52305.67857797609
2024-11-10,7079,71202.91811446798
2024-11-10,7080,67562.91927938566
2024-11-10,7081,72493.0320833819
2024-11-10,7083,69660.45821495295
2024-11-10,7084,63911.181341036194
2024-11-10,7085,73421.75982922515
2024-11-10,7086,74996.15864345967
2024-11-10,7087,75886.0280770642
2024-11-10,7090,74551.31658563453
2024-11-10,7091,72292.52119489964
2024-11-10,7092,76180.18732279037
2024-11-10,7095,73032.82669248934
2024-11-10,7096,68488.74541133743
2024-11-10,7097,70770.46114183121
2024-11-10,7098,63757.007347618914
2024-11-10,7100,59205.89909474302
2024-11-10,7101,70945.69784305208
2024-11-10,7104,70994.46075685104
2024-11-10,7105,76572.22375762176
2024-11-10,7106,70003.08450590108
2024-11-10,7107,65916.6727013394
2024-11-10,7108,70988.5980178975
2024-11-10,7109,64197.6910995356
2024-11-10,7110,71156.47903850183
2024-11-10,7111,68381.93537551345
2024-11-10,7112,70135.83054260937
2024-11-10,7113,56938.464617964
2024-11-10,7115,71361.43915789566
2024-11-10,7116,73272.07256156529
2024-11-10,7117,67784.26507244774
2024-11-10,7121,62505.96627962139
2024-11-10,7122,74080.57014055687
2024-11-10,7124,57281.439321648686
2024-11-10,7125,69974.67046506084
2024-11-10,7126,63362.50659742893
2024-11-10,7127,68664.23007062083
2024-11-10,7128,72964.32188808308
2024-11-10,7129,69818.04629908164
2024-11-10,7131,68760.69362071923
2024-11-10,7134,72419.6787449611
2024-11-10,7135,71621.52999624066
2024-11-10,7136,74557.15803890795
2024-11-10,7137,71225.85906875486
2024-11-10,7139,73027.55139953739
2024-11-10,7140,67156.97422390364
2024-11-10,7141,70352.56521136948
2024-11-10,7144,74439.00863021555
2024-11-10,7145,67876.2872082694
2024-11-10,7146,73184.40558515296
2024-11-10,7147,67149.14717942696
2024-11-10,7149,72443.3127318428
2024-11-10,7150,70288.42265614832
2024-11-10,7151,68992.90686839784
2024-11-10,7152,69450.46136318483
2024-11-10,7155,71873.29364307648
2024-11-10,7156,69990.98326488074
2024-11-10,7157,71631.16629381513
2024-11-10,7158,71522.78828221718
2024-11-10,7159,82296.5776184284
2024-11-10,7165,59322.06268036675
2024-11-10,7168,61838.445769398255
2024-11-10,7169,72284.87763668239
2024-11-10,7170,65164.44429197006
2024-11-10,7171,59095.35602415765
2024-11-10,7172,60207.55129723962
2024-11-10,7173,56673.35559921586
2024-11-10,7174,72340.22498926462
2024-11-10,7175,68850.21071674221
2024-11-10,7178,81541.14490113342
2024-11-10,7180,56379.155673607005
2024-11-10,7182,69786.8124919022
2024-11-10,7183,70328.62552166858
2024-11-10,7184,64926.03170851195
2024-11-10,7185,57777.87030819123
2024-11-10,7186,60971.78877284227
2024-11-10,7187,62441.25507727339
2024-11-10,7188,69291.66573920827
2024-11-10,7189,63340.00948897767
2024-11-10,7190,62606.77474919651
2024-11-10,7193,69880.62687082874
2024-11-10,7195,71961.86631621109
2024-11-10,7196,71285.2208277739
2024-11-10,7197,69119.70106203464
2024-11-10,7198,129701.36144646905
2024-11-10,7199,73474.94838782397
2024-11-10,7200,69402.20087967247
2024-11-10,7201,68099.95084742029
2024-11-10,7202,73076.82418374797
2024-11-10,7205,71596.030809654
2024-11-10,7206,77107.51941579656
2024-11-10,7207,80236.71920104348
2024-11-10,7208,69847.7375410203
2024-11-10,7209,56730.981454484565
2024-11-10,7210,69141.73624889982
2024-11-10,7211,69009.02771249246
2024-11-10,7213,69324.85429896746
2024-11-10,7214,67471.97480179313
2024-11-10,7216,70409.45979122588
2024-11-10,7217,69847.80181698076
2024-11-10,7219,56195.10855517071
2024-11-10,7220,70039.23017086604
2024-11-10,7221,70064.630586349
2024-11-10,7222,100368.00640414067
2024-11-10,7223,69379.41661219281
2024-11-10,7224,72597.6572021814
2024-11-10,7225,70039.57023935963
2024-11-10,7226,70429.88396609023
2024-11-10,7227,72413.06698282088
2024-11-10,7231,69800.25564915148
2024-11-10,7234,56622.45878464859
2024-11-10,7236,72967.23121870022
2024-11-10,7238,72775.76238076595
2024-11-10,7239,134215.07890174366
2024-11-10,7240,71235.75270874523
2024-11-10,7241,60327.44767259797
2024-11-10,7242,55830.78952075947
2024-11-10,7244,74299.09698398456
2024-11-10,7245,69717.45636775324
2024-11-10,7246,71121.07535127812
2024-11-10,7248,72090.19339990825
2024-11-10,7249,62967.29305715917
2024-11-10,7250,63829.94346636721
2024-11-10,7251,71125.1580892505
2024-11-10,7253,74212.02891394834
2024-11-10,7254,70954.53547400456
2024-11-10,7256,75619.28775568095
2024-11-10,7258,69725.61313211005
2024-11-10,7260,59695.32891363082
2024-11-10,7261,69700.97690945746
2024-11-10,7265,72879.87042618854
2024-11-10,7266,67799.38986735223
2024-11-10,7267,77697.55325515226
2024-11-10,7268,68745.47674187276
2024-11-10,7269,68914.72952149915
2024-11-10,7271,72914.22401089633
2024-11-10,7272,73185.42480115808
2024-11-10,7274,67281.49671854918
2024-11-10,7275,73442.16397065717
2024-11-10,7276,75750.94389851317
2024-11-10,7278,83179.06007074763
2024-11-10,7279,70466.49509839482
2024-11-10,7280,68852.41851113565
2024-11-10,7281,70680.52683348244
2024-11-10,7282,72034.48905462956
2024-11-10,7283,68668.43097486804
2024-11-10,7287,70019.00022602956
2024-11-10,7288,69455.41132116095
2024-11-10,7289,71491.66437831458
2024-11-10,7291,59323.178180432995
2024-11-10,7292,69770.75497819252
2024-11-10,7293,75389.78681977275
2024-11-10,7295,67931.18085086466
2024-11-10,7296,69775.65158882181
2024-11-10,6287,70823.86079109293
2024-11-10,6249,70409.8698395464
2024-11-10,6410,56254.27903976257
2024-11-10,6508,69362.65362982596
2024-11-10,6380,56130.71797505576
2024-11-10,6437,77215.27080906242
2024-11-10,6452,76382.14486902264
2024-11-10,7002,67300.21550801219
2024-11-10,7019,55012.67222123251
2024-11-10,6549,70528.89684744873
2024-11-10,6782,59819.28159586337
2024-11-10,6892,70308.08245645517
2024-11-10,6491,0
2024-11-10,6448,0
2024-11-10,6591,0
2024-11-10,6949,0
2024-11-10,7218,0
2024-11-10,7212,0
2024-11-10,7273,0
2024-11-10,7192,56744.8310415864
2024-11-11,6025,72853.06564930953
2024-11-11,6039,68139.66931394016
2024-11-11,6042,73666.91872219706
2024-11-11,6043,72317.29484390338
2024-11-11,6054,67261.37654299918
2024-11-11,6072,70733.15975455959
2024-11-11,6082,70969.82300814475
2024-11-11,6094,73653.36886572246
2024-11-11,6120,68878.6294610783
2024-11-11,6167,73007.44197010032
2024-11-11,6213,69735.87429259846
2024-11-11,6225,65939.28897806951
2024-11-11,6232,77521.15873675072
2024-11-11,6239,69292.60903129714
2024-11-11,6246,69422.57287866602
2024-11-11,6248,64060.72959475641
2024-11-11,6251,62120.39390417196
2024-11-11,6254,71422.99075734576
2024-11-11,6266,75089.89927012745
2024-11-11,6267,69478.84535233726
2024-11-11,6272,70447.14844924715
2024-11-11,6291,61073.218045370406
2024-11-11,6295,71040.88793565962
2024-11-11,6298,61265.45198708107
2024-11-11,6299,63201.178297732025
2024-11-11,6304,69389.0380255865
2024-11-11,6307,68975.0125992411
2024-11-11,6313,70710.25511831116
2024-11-11,6316,70602.6195893164
2024-11-11,6317,70409.09220725439
2024-11-11,6320,72805.47056686938
2024-11-11,6324,64017.19054480904
2024-11-11,6325,69513.30201501705
2024-11-11,6326,60187.67888845143
2024-11-11,6327,68843.4333707746
2024-11-11,6328,71305.4921499088
2024-11-11,6329,69640.33326307217
2024-11-11,6330,62099.63733005099
2024-11-11,6331,66120.63923841885
2024-11-11,6332,70139.95143828724
2024-11-11,6333,73355.24711893224
2024-11-11,6334,73429.13600354014
2024-11-11,6335,66567.68079356755
2024-11-11,6338,64505.06014857906
2024-11-11,6345,72414.7537946447
2024-11-11,6346,66991.63723002402
2024-11-11,6348,68782.05662027912
2024-11-11,6349,59191.180615402605
2024-11-11,6350,69158.65273265612
2024-11-11,6351,69167.7286926688
2024-11-11,6357,68712.39074758554
2024-11-11,6358,73944.37869631634
2024-11-11,6360,67318.90167344084
2024-11-11,6363,77074.74516138794
2024-11-11,6366,69833.83006078747
2024-11-11,6367,66203.71019142371
2024-11-11,6368,68061.8100846469
2024-11-11,6370,68536.54661891446
2024-11-11,6372,67540.97002586005
2024-11-11,6373,73467.06749908865
2024-11-11,6374,70528.05555495279
2024-11-11,6379,71477.30641504457
2024-11-11,6380,55104.055400551144
2024-11-11,6382,72117.95001458644
2024-11-11,6384,71151.1348307245
2024-11-11,6387,69487.53563554287
2024-11-11,6389,72207.355297631
2024-11-11,6390,70733.27926254465
2024-11-11,6395,71623.01527346692
2024-11-11,6396,70751.7194212339
2024-11-11,6398,85259.83763031401
2024-11-11,6402,69980.42571478321
2024-11-11,6407,65538.93280705983
2024-11-11,6408,76619.36647223089
2024-11-11,6410,61649.172041030135
2024-11-11,6411,62631.35811207738
2024-11-11,6413,70348.3553889189
2024-11-11,6414,68837.30608602944
2024-11-11,6417,72112.51265464372
2024-11-11,6418,73301.06167115839
2024-11-11,6420,72756.18245783485
2024-11-11,6424,70059.25539424467
2024-11-11,6425,64516.6098081405
2024-11-11,6426,68034.78037854708
2024-11-11,6427,72362.58787519406
2024-11-11,6428,76106.35860884082
2024-11-11,6429,67497.85136652637
2024-11-11,6431,77312.32828239059
2024-11-11,6432,70525.2346043605
2024-11-11,6434,72233.1263912309
2024-11-11,6436,71788.974165313
2024-11-11,6438,69244.07388043593
2024-11-11,6441,69943.99854424482
2024-11-11,6443,73665.85226331526
2024-11-11,6446,73320.70559688774
2024-11-11,6447,69448.08923469043
2024-11-11,6450,70109.38899854415
2024-11-11,6451,72053.84161540437
2024-11-11,6454,76348.69601508598
2024-11-11,6455,66903.20710976254
2024-11-11,6456,72444.85525162253
2024-11-11,6475,70957.77010524806
2024-11-11,6476,69288.83568466887
2024-11-11,6477,74869.45494849097
2024-11-11,6480,74291.92829418748
2024-11-11,6482,74220.83844082683
2024-11-11,6485,50766.92214340585
2024-11-11,6487,71970.77917158348
2024-11-11,6490,70851.21182624916
2024-11-11,6492,77084.36676003714
2024-11-11,6493,68429.2761906473
2024-11-11,6496,68482.67911340721
2024-11-11,6501,71615.97787422866
2024-11-11,6503,65718.59842947197
2024-11-11,6504,68281.25241097086
2024-11-11,6505,71224.75237042124
2024-11-11,6507,69905.40990287016
2024-11-11,6508,68564.7132385102
2024-11-11,6509,71204.49854785939
2024-11-11,6512,70610.44037877944
2024-11-11,6514,70424.0524929298
2024-11-11,6515,71937.26546785122
2024-11-11,6516,72656.54478165787
2024-11-11,6517,73365.34478937855
2024-11-11,6519,69976.00219950353
2024-11-11,6522,68480.68835286627
2024-11-11,6523,71008.46069357959
2024-11-11,6526,65441.6969929413
2024-11-11,6533,70494.9615866364
2024-11-11,6534,70479.8782086153
2024-11-11,6536,57069.94979844715
2024-11-11,6538,56608.01464041203
2024-11-11,6541,69053.48030699664
2024-11-11,6544,68251.62150120563
2024-11-11,6545,65780.3692733119
2024-11-11,6546,70303.55819563226
2024-11-11,6547,69154.58897532614
2024-11-11,6548,68072.84071350907
2024-11-11,6550,69092.46352559338
2024-11-11,6552,71668.78960208282
2024-11-11,6553,50970.96236053128
2024-11-11,6558,69986.81296093414
2024-11-11,6559,69559.63616892204
2024-11-11,6560,71266.37783892876
2024-11-11,6561,70314.73038562309
2024-11-11,6565,74084.44868372944
2024-11-11,6567,70676.90652137597
2024-11-11,6568,71035.57582618251
2024-11-11,6569,66384.91340743485
2024-11-11,6574,70579.26585228625
2024-11-11,6576,68628.31435149233
2024-11-11,6581,69252.11444833635
2024-11-11,6585,76147.35936969194
2024-11-11,6586,68580.34590307446
2024-11-11,6588,74780.29672561232
2024-11-11,6597,74904.40855687515
2024-11-11,6599,71095.37070264494
2024-11-11,6600,70599.05667684901
2024-11-11,6601,71003.96362974573
2024-11-11,6602,57601.44578195256
2024-11-11,6603,68891.1293354547
2024-11-11,6604,72649.87049250201
2024-11-11,6607,73909.17818947835
2024-11-11,6618,70662.78979086122
2024-11-11,6619,69292.62181415815
2024-11-11,6623,66737.2142085804
2024-11-11,6624,56541.40307777925
2024-11-11,6626,70345.53297098329
2024-11-11,6629,74060.17334069686
2024-11-11,6630,69545.94132360179
2024-11-11,6631,66969.79337462416
2024-11-11,6632,70459.61631402868
2024-11-11,6633,52849.90137382481
2024-11-11,6634,69163.9721437091
2024-11-11,6635,71374.12300826005
2024-11-11,6636,73822.74409244291
2024-11-11,6637,53874.29288528861
2024-11-11,6639,66415.68638940256
2024-11-11,6643,73375.4588464122
2024-11-11,6644,71100.11906565617
2024-11-11,6647,70201.01038629557
2024-11-11,6648,72952.03608209523
2024-11-11,6649,74990.14354528209
2024-11-11,6655,69379.24488413688
2024-11-11,6658,60112.54066916774
2024-11-11,6659,57925.415728889784
2024-11-11,6660,74097.41519064816
2024-11-11,6662,70052.937730590493
2024-11-11,6663,71605.65332595682
2024-11-11,6668,72595.3791442457
2024-11-11,6669,69515.09421272416
2024-11-11,6675,71573.593822368
2024-11-11,6676,69872.16297710985
2024-11-11,6679,70978.79537174702
2024-11-11,6681,72226.10731114533
2024-11-11,6683,69659.01458648333
2024-11-11,6687,71958.26169588197
2024-11-11,6689,71876.66384967108
2024-11-11,6692,74648.2601487724
2024-11-11,6695,72360.51058250677
2024-11-11,6696,70906.8684269892
2024-11-11,6714,69988.50634873589
2024-11-11,6715,69594.65512788465
2024-11-11,6717,73916.73764267447
2024-11-11,6718,70155.84400245354
2024-11-11,6719,66947.96084800256
2024-11-11,6724,65385.18924721406
2024-11-11,6725,71272.19941901867
2024-11-11,6726,71339.24387901642
2024-11-11,6727,67197.43710366896
2024-11-11,6730,56732.297802050496
2024-11-11,6731,71787.24072013996
2024-11-11,6733,62993.51531267283
2024-11-11,6734,63892.71359172869
2024-11-11,6736,74359.15709827366
2024-11-11,6740,59330.50995326712
2024-11-11,6741,69190.30800192154
2024-11-11,6745,56501.41502576143
2024-11-11,6746,54989.648395236065
2024-11-11,6747,57087.46363168021
2024-11-11,6749,62301.54536421348
2024-11-11,6751,66356.52603799438
2024-11-11,6752,64466.29921422725
2024-11-11,6753,55342.85358975268
2024-11-11,6754,56601.103199892925
2024-11-11,6755,55518.34615694963
2024-11-11,6756,58422.154233059686
2024-11-11,6757,57089.54155656932
2024-11-11,6759,57083.40783812825
2024-11-11,6761,69218.98331338749
2024-11-11,6762,68640.46762944791
2024-11-11,6763,71011.50974381903
2024-11-11,6764,65054.07222330143
2024-11-11,6767,71338.32971591956
2024-11-11,6769,65905.95565945351
2024-11-11,6773,65378.66588184377
2024-11-11,6774,66715.24723111058
2024-11-11,6776,71059.09535994496
2024-11-11,6783,73197.13498555853
2024-11-11,6785,58149.59576176599
2024-11-11,6787,67539.40764594023
2024-11-11,6789,69903.44600013862
2024-11-11,6794,60904.56746126136
2024-11-11,6797,72543.86108366483
2024-11-11,6798,81484.81730024944
2024-11-11,6799,69948.18748134309
2024-11-11,6800,67597.27081644724
2024-11-11,6801,59470.51260029546
2024-11-11,6804,73078.62664137798
2024-11-11,6809,68306.96550684502
2024-11-11,6810,69054.8874089162
2024-11-11,6811,72940.59163995068
2024-11-11,6813,69460.69798156986
2024-11-11,6817,73468.36994650046
2024-11-11,6818,67976.3723229201
2024-11-11,6824,66889.45842140363
2024-11-11,6826,68518.67192034583
2024-11-11,6827,73251.61899066549
2024-11-11,6829,69034.77516355884
2024-11-11,6830,72915.71591099474
2024-11-11,6831,79587.92004259212
2024-11-11,6832,74458.59312319984
2024-11-11,6834,73939.01499396158
2024-11-11,6835,74918.17481314346
2024-11-11,6838,68002.6970653774
2024-11-11,6841,69490.97047816555
2024-11-11,6842,70140.3939662751
2024-11-11,6845,72052.28137626107
2024-11-11,6849,66558.4287675173
2024-11-11,6851,64100.58567249315
2024-11-11,6852,67245.12423699017
2024-11-11,6853,60878.965242229526
2024-11-11,6854,72036.06543371487
2024-11-11,6856,69634.44181686889
2024-11-11,6858,68115.5655836502
2024-11-11,6860,71300.12088432934
2024-11-11,6861,69553.20543453094
2024-11-11,6862,69719.16709431907
2024-11-11,6863,70347.64763477017
2024-11-11,6865,71257.91179181937
2024-11-11,6866,70059.01336407781
2024-11-11,6873,69860.69955012239
2024-11-11,6874,67919.59068658827
2024-11-11,6875,71012.00750514519
2024-11-11,6876,71195.70659597858
2024-11-11,6878,65562.57412980036
2024-11-11,6881,60743.22623183945
2024-11-11,6882,68367.19903573494
2024-11-11,6886,69897.79410718402
2024-11-11,6887,65384.090450322685
2024-11-11,6894,67246.98474107562
2024-11-11,6896,70317.45351838022
2024-11-11,6898,69810.53147316228
2024-11-11,6899,73328.40031689692
2024-11-11,6900,69795.3919591888
2024-11-11,6903,77183.03916355725
2024-11-11,6904,61711.75761978715
2024-11-11,6906,74575.55916403099
2024-11-11,6909,72089.82607589378
2024-11-11,6918,73097.59585967398
2024-11-11,6922,71630.73402273703
2024-11-11,6924,71921.94229427977
2024-11-11,6925,73250.85259647162
2024-11-11,6926,71677.08935954516
2024-11-11,6927,76874.05389419042
2024-11-11,6928,73695.2308478805
2024-11-11,6929,69819.18624404437
2024-11-11,6930,72462.15945459032
2024-11-11,6931,60810.56193801078
2024-11-11,6932,69070.05237943803
2024-11-11,6935,68490.82042050241
2024-11-11,6937,70782.81176993158
2024-11-11,6939,70657.37701411886
2024-11-11,6942,66300.0075873115
2024-11-11,6944,84086.15223526704
2024-11-11,6948,74633.19500146793
2024-11-11,6954,63058.98420978469
2024-11-11,6956,64377.028980834584
2024-11-11,6957,70932.62163775739
2024-11-11,6959,66576.985547572
2024-11-11,6960,76022.61938176607
2024-11-11,6962,70487.88512697682
2024-11-11,6963,68329.30375644832
2024-11-11,6965,69410.97462823578
2024-11-11,6966,74065.54205708786
2024-11-11,6967,69506.19024549364
2024-11-11,6968,69187.80700049202
2024-11-11,6969,70385.257629491
2024-11-11,6970,72127.19802846287
2024-11-11,6971,71332.63402624252
2024-11-11,6972,72502.91952429118
2024-11-11,6973,72480.91818739068
2024-11-11,6974,68875.01724906762
2024-11-11,6977,58442.39472486776
2024-11-11,6985,71476.807406065
2024-11-11,6993,65104.104795723586
2024-11-11,6997,72503.21809160933
2024-11-11,6999,70102.13082316444
2024-11-11,7000,75782.79570986738
2024-11-11,7003,72277.59135334035
2024-11-11,7004,69234.9091615294
2024-11-11,7006,68976.73552662919
2024-11-11,7008,70465.64373203054
2024-11-11,7010,70747.82068018774
2024-11-11,7012,67663.25338086931
2024-11-11,7014,71570.5013530747
2024-11-11,7016,70482.79895006967
2024-11-11,7017,72077.60148991267
2024-11-11,7021,70388.68999949603
2024-11-11,7022,67890.09922285973
2024-11-11,7024,72079.82739913481
2024-11-11,7026,70846.88948227486
2024-11-11,7027,67282.04904828456
2024-11-11,7028,70167.65430129782
2024-11-11,7031,67889.32046830043
2024-11-11,7032,59853.77632628033
2024-11-11,7033,72191.71089265445
2024-11-11,7034,68728.90653529164
2024-11-11,7035,69163.70693667175
2024-11-11,7036,70675.97499290943
2024-11-11,7037,63116.25478546559
2024-11-11,7038,76321.67730492161
2024-11-11,7039,69652.60733919464
2024-11-11,7040,65230.59387397417
2024-11-11,7043,71327.49100496023
2024-11-11,7047,90178.36868347802
2024-11-11,7048,73245.32804660939
2024-11-11,7050,65195.22389380178
2024-11-11,7052,69033.35660838555
2024-11-11,7053,62523.005287156586
2024-11-11,7056,72319.49853711524
2024-11-11,7062,62347.4533676999
2024-11-11,7063,66292.97719390003
2024-11-11,7064,68130.36818096666
2024-11-11,7066,63786.42289041927
2024-11-11,7067,73909.96366751824
2024-11-11,7070,73947.19283784044
2024-11-11,7073,72813.82379629875
2024-11-11,7075,63803.85359559976
2024-11-11,7076,70365.14166854703
2024-11-11,7077,70922.43240074643
2024-11-11,7078,52469.64743817789
2024-11-11,7079,71146.95174242328
2024-11-11,7081,73149.44890967307
2024-11-11,7083,69300.77966899771
2024-11-11,7084,63928.60955993707
2024-11-11,7085,73506.80779438958
2024-11-11,7087,75894.08587059891
2024-11-11,7090,74676.38095954689
2024-11-11,7091,72982.08855090593
2024-11-11,7092,75859.12118369914
2024-11-11,7095,72910.00324727914
2024-11-11,7096,69529.98026485938
2024-11-11,7098,63873.44808794816
2024-11-11,7100,59071.70263772631
2024-11-11,7101,71167.96054420264
2024-11-11,7104,71491.93570999443
2024-11-11,7108,71302.78471022056
2024-11-11,7109,63809.36059056057
2024-11-11,7110,70596.71189078
2024-11-11,7111,67074.64464579828
2024-11-11,7112,70133.54283411725
2024-11-11,7115,70566.27248060062
2024-11-11,7116,73738.37627771328
2024-11-11,7117,67713.6943558204
2024-11-11,7122,74205.79255817898
2024-11-11,7125,69994.69453945733
2024-11-11,7126,63908.48744016654
2024-11-11,7127,68624.15629887658
2024-11-11,7128,73478.03225026204
2024-11-11,7129,69187.78848183998
2024-11-11,7131,68491.94264494034
2024-11-11,7134,72082.38024790857
2024-11-11,7135,71712.56519191281
2024-11-11,7136,74386.85242380452
2024-11-11,7140,68519.34944839952
2024-11-11,7141,69864.28572972427
2024-11-11,7145,69408.15221219891
2024-11-11,7147,67582.63229991873
2024-11-11,7150,70019.53840440497
2024-11-11,7152,69484.81078974395
2024-11-11,7155,71564.58789049763
2024-11-11,7156,69588.5510379648
2024-11-11,7158,71604.6866668515
2024-11-11,7159,82241.66558321599
2024-11-11,7168,61907.4599269833
2024-11-11,7170,65085.80935493316
2024-11-11,7173,57117.25860187424
2024-11-11,7174,72226.01342824308
2024-11-11,7175,68035.09527958492
2024-11-11,7180,57064.6655260642
2024-11-11,7182,68945.60827027663
2024-11-11,7183,70069.81565285938
2024-11-11,7185,58079.956471138146
2024-11-11,7186,60682.42955651967
2024-11-11,7188,69244.74856426116
2024-11-11,7189,63439.95587516682
2024-11-11,7190,62390.39591664679
2024-11-11,7193,72986.83605202593
2024-11-11,7195,68922.36031292188
2024-11-11,7196,70835.54506693223
2024-11-11,7197,69108.62755157401
2024-11-11,7198,135769.8564573809
2024-11-11,7199,73523.55031206048
2024-11-11,7200,69191.76314214908
2024-11-11,7207,70940.36222291864
2024-11-11,7208,70166.52814485399
2024-11-11,7209,56821.86446258696
2024-11-11,7210,69197.2010806122
2024-11-11,7211,68365.85663597245
2024-11-11,7217,70010.92983152595
2024-11-11,7219,51652.70045254422
2024-11-11,7220,70035.30823016512
2024-11-11,7221,70746.78987619774
2024-11-11,7222,90921.95056050092
2024-11-11,7223,67746.47163220544
2024-11-11,7231,69493.85278472253
2024-11-11,7234,57796.66358898183
2024-11-11,7236,72830.91292458621
2024-11-11,7238,72474.92651811703
2024-11-11,7240,71669.30467018683
2024-11-11,7241,60085.611572878435
2024-11-11,7242,55081.183210498384
2024-11-11,7244,73481.39708209796
2024-11-11,7246,71328.70024552608
2024-11-11,7249,62624.340844343096
2024-11-11,7250,63512.94330677338
2024-11-11,7251,71041.16522078843
2024-11-11,7253,73934.01735487401
2024-11-11,7256,75996.05597622451
2024-11-11,7258,69752.33215630995
2024-11-11,7260,59794.19622084458
2024-11-11,7261,69656.64300147534
2024-11-11,7265,72889.713796584
2024-11-11,7267,77770.74788473586
2024-11-11,7268,68410.64612498772
2024-11-11,7269,70340.2216875092
2024-11-11,7272,73424.864300538
2024-11-11,7275,73518.0526536119
2024-11-11,7276,75666.5707160153
2024-11-11,7279,71027.86992553009
2024-11-11,7280,68549.58439513546
2024-11-11,7282,71833.54714509635
2024-11-11,7283,68747.75272003097
2024-11-11,7288,69712.0573668801
2024-11-11,7289,71472.661147918
2024-11-11,7292,70242.430139237
2024-11-11,7293,75796.59163789183
2024-11-11,7295,68896.15926083496
2024-11-11,7296,68527.98526823569
2024-11-11,6287,72026.57198996314
2024-11-11,6249,70466.22546392909
2024-11-11,6087,72580.12012150674
2024-11-11,6088,71360.67122197466
2024-11-11,6092,74436.15623781973
2024-11-11,6101,78238.95107236448
2024-11-11,6245,70659.41391609995
2024-11-11,6250,69315.68516487005
2024-11-11,6268,70022.32911779436
2024-11-11,6297,68354.47195821824
2024-11-11,6318,68911.90779495378
2024-11-11,6323,72819.82611456889
2024-11-11,6336,72576.0965496465
2024-11-11,6352,73087.28221016796
2024-11-11,6364,71229.68754541989
2024-11-11,6385,69925.9088322271
2024-11-11,6388,74011.88416390684
2024-11-11,6392,90193.00430773542
2024-11-11,6393,71828.69356604097
2024-11-11,6400,69379.54768853022
2024-11-11,6406,75297.69733638912
2024-11-11,6423,70474.52268420633
2024-11-11,6435,71394.48047213825
2024-11-11,6439,70406.47361584174
2024-11-11,6445,70511.34449579618
2024-11-11,6453,71744.29111531877
2024-11-11,6488,69510.16540946982
2024-11-11,6494,70696.26170371143
2024-11-11,6506,74776.09380605252
2024-11-11,6510,71123.4232977254
2024-11-11,6511,69882.62143824453
2024-11-11,6518,70964.18921634126
2024-11-11,6520,70779.12658192636
2024-11-11,6524,70517.92793275602
2024-11-11,6531,67504.33056770738
2024-11-11,6535,68796.06052453167
2024-11-11,6540,70895.6283024486
2024-11-11,6554,50673.438201964
2024-11-11,6562,72867.69163348601
2024-11-11,6563,70547.84959703007
2024-11-11,6564,73658.89613358084
2024-11-11,6571,70650.09775007432
2024-11-11,6575,56392.15434347188
2024-11-11,6577,70009.91735659286
2024-11-11,6580,68483.85092321632
2024-11-11,6582,66740.12865894036
2024-11-11,6583,65153.61291010935
2024-11-11,6590,74074.77204523046
2024-11-11,6594,71730.99437417566
2024-11-11,6598,76645.56109331029
2024-11-11,6609,71949.42603176109
2024-11-11,6616,77900.98171281852
2024-11-11,6641,64375.64580638857
2024-11-11,6642,69003.19329566059
2024-11-11,6661,70315.26534453673
2024-11-11,6664,76482.96724268871
2024-11-11,6666,73888.98243440264
2024-11-11,6670,72420.12579450908
2024-11-11,6674,70779.8838268333
2024-11-11,6680,66547.69843136355
2024-11-11,6686,70492.40874863278
2024-11-11,6693,70314.02776387047
2024-11-11,6716,70377.82015235028
2024-11-11,6722,63022.068583805856
2024-11-11,6723,51757.715854389506
2024-11-11,6728,71085.46453954621
2024-11-11,6737,72574.45216126929
2024-11-11,6750,70330.58065483629
2024-11-11,6758,52702.49987820882
2024-11-11,6768,70667.76137607856
2024-11-11,6775,74064.98206835479
2024-11-11,6777,61698.47167959113
2024-11-11,6779,66496.46969906993
2024-11-11,6780,70324.2792334233
2024-11-11,6784,68722.19339562776
2024-11-11,6788,69134.01323283106
2024-11-11,6792,62749.84823882801
2024-11-11,6803,62062.80622369528
2024-11-11,6812,67569.5401308477
2024-11-11,6815,66952.47574426008
2024-11-11,6833,74869.09001603129
2024-11-11,6839,55330.69837228239
2024-11-11,6844,67927.57901344026
2024-11-11,6846,73855.69389075585
2024-11-11,6857,68388.17227860614
2024-11-11,6869,70689.51596520773
2024-11-11,6870,70766.80572746822
2024-11-11,6872,60926.62932083586
2024-11-11,6877,71253.04057688928
2024-11-11,6879,71249.21413405426
2024-11-11,6880,68845.39079034484
2024-11-11,6883,66419.33671114298
2024-11-11,6884,75475.43024294305
2024-11-11,6885,70760.54591116899
2024-11-11,6888,72776.92233192448
2024-11-11,6891,61565.47404804665
2024-11-11,6897,69325.54400993485
2024-11-11,6905,62936.54588093453
2024-11-11,6911,71979.7361876444
2024-11-11,6919,71288.90894810173
2024-11-11,6921,73353.83231161763
2024-11-11,6923,69822.6317861414
2024-11-11,6933,67858.73696122116
2024-11-11,6936,51152.68346867291
2024-11-11,6940,70669.60266521039
2024-11-11,6941,68921.50725345181
2024-11-11,6951,71420.30317934112
2024-11-11,6952,64927.398411930415
2024-11-11,6953,62613.82500333263
2024-11-11,6961,73630.90977717347
2024-11-11,6978,69291.6543566409
2024-11-11,6994,74869.07419586579
2024-11-11,7002,67381.64620933316
2024-11-11,7005,71040.55819111141
2024-11-11,7007,69624.94400398327
2024-11-11,7009,81899.82775120353
2024-11-11,7011,69189.72275893128
2024-11-11,7013,68547.41195061167
2024-11-11,7018,57384.12004195389
2024-11-11,7020,73915.03553396193
2024-11-11,7025,69920.83961136162
2024-11-11,7030,70024.75374379462
2024-11-11,7042,76122.99366740296
2024-11-11,7049,67669.45766318543
2024-11-11,7054,68422.57013210293
2024-11-11,7060,73170.7983498531
2024-11-11,7065,69021.9886210669
2024-11-11,7068,69346.44769350287
2024-11-11,7069,69446.62436120994
2024-11-11,7072,61930.98141220967
2024-11-11,7080,64869.22758818199
2024-11-11,7086,74641.11858363813
2024-11-11,7097,70753.14219158916
2024-11-11,7105,76937.12647014555
2024-11-11,7106,70048.0382339658
2024-11-11,7107,65778.54564367884
2024-11-11,7113,56124.09839160926
2024-11-11,7121,62752.17027669546
2024-11-11,7124,56826.20527754427
2024-11-11,7137,71234.5321581649
2024-11-11,7139,71894.91134144602
2024-11-11,7144,74073.43464174222
2024-11-11,7146,73162.25204468222
2024-11-11,7149,72425.97940692423
2024-11-11,7151,69725.50791202151
2024-11-11,7157,72123.71181150194
2024-11-11,7165,60410.1074301015
2024-11-11,7169,72290.11722925042
2024-11-11,7171,59208.96014547753
2024-11-11,7172,58474.098629909626
2024-11-11,7178,81784.81121141242
2024-11-11,7184,64649.42504896882
2024-11-11,7187,62107.309642839034
2024-11-11,7201,67750.2244091075
2024-11-11,7202,73318.63531043084
2024-11-11,7205,71340.20854327742
2024-11-11,7206,77244.7391755994
2024-11-11,7213,69364.77884422691
2024-11-11,7214,67815.67460513461
2024-11-11,7216,69457.51908149017
2024-11-11,7224,73097.02384330436
2024-11-11,7225,70070.1302621579
2024-11-11,7226,70308.34193537787
2024-11-11,7227,73355.61036000951
2024-11-11,7245,69785.1835965563
2024-11-11,7248,72678.82901627394
2024-11-11,7254,70976.21666980044
2024-11-11,7266,67774.06596915881
2024-11-11,7271,73025.92560553545
2024-11-11,7274,67890.95665259624
2024-11-11,7278,84909.74155698501
2024-11-11,7281,70347.2278923628
2024-11-11,7287,70024.91814148988
2024-11-11,7291,56994.66072946048
2024-11-11,6525,74194.96610849258
2024-11-11,6498,70968.6877928711
2024-11-11,7019,58835.327041831995
2024-11-11,7239,130359.80347840296
2024-11-11,6437,77038.48231057076
2024-11-11,6452,76186.0201650307
2024-11-11,6934,71998.92131508299
2024-11-11,6782,58606.43775131998
2024-11-11,6549,70709.82870679641
2024-11-11,6448,0
2024-11-11,6491,0
2024-11-11,6892,70171.73567324846
2024-11-11,6591,0
2024-11-11,6949,0
2024-11-11,7212,0
2024-11-11,7218,0
2024-11-11,7273,0
2024-11-11,7192,56382.02697017114
2024-11-12,6323,71356.33534069994
2024-11-12,6025,72912.01733644579
2024-11-12,6039,68249.03939456289
2024-11-12,6043,72314.88662580906
2024-11-12,6054,66812.29979377525
2024-11-12,6072,70625.38021626095
2024-11-12,6082,70998.30158113777
2024-11-12,6087,71534.37607590319
2024-11-12,6088,71047.99698074629
2024-11-12,6092,72466.62932341051
2024-11-12,6094,73493.99748544092
2024-11-12,6101,77502.12154354711
2024-11-12,6167,72659.45404644516
2024-11-12,6213,69801.55138299681
2024-11-12,6225,65709.0755418031
2024-11-12,6232,76604.04041045785
2024-11-12,6239,69237.84345272607
2024-11-12,6245,70814.35128642213
2024-11-12,6246,69757.3593247781
2024-11-12,6248,64114.787452474986
2024-11-12,6250,69314.21917201825
2024-11-12,6251,62282.879550804755
2024-11-12,6254,71682.98186252863
2024-11-12,6266,74493.90122039375
2024-11-12,6267,69409.34321108306
2024-11-12,6268,69942.80866128925
2024-11-12,6272,71088.86939427038
2024-11-12,6291,62051.95879572299
2024-11-12,6297,68958.588816787
2024-11-12,6298,61085.709894896754
2024-11-12,6299,62489.563819514035
2024-11-12,6304,69436.51480582841
2024-11-12,6307,68227.3436357179
2024-11-12,6313,70517.66816114548
2024-11-12,6316,69898.84244741627
2024-11-12,6317,70298.72694206666
2024-11-12,6318,68916.99013923752
2024-11-12,6320,72808.6977288777
2024-11-12,6324,64420.5758317554
2024-11-12,6325,69508.69714509798
2024-11-12,6326,65899.79633738415
2024-11-12,6327,69060.94252143131
2024-11-12,6328,71308.51163469473
2024-11-12,6329,68647.89880073114
2024-11-12,6330,62225.66930878399
2024-11-12,6331,65947.32390761112
2024-11-12,6332,70136.43676788585
2024-11-12,6333,73330.50604135367
2024-11-12,6334,73612.40990188226
2024-11-12,6335,66632.84472193744
2024-11-12,6338,64602.98380794442
2024-11-12,6345,72105.54069366422
2024-11-12,6346,67494.0434943176
2024-11-12,6348,68551.62499919515
2024-11-12,6349,58775.70210430251
2024-11-12,6350,69182.53550997899
2024-11-12,6351,69693.53299014992
2024-11-12,6352,72305.36113313331
2024-11-12,6357,68847.11870756341
2024-11-12,6358,73701.56942852525
2024-11-12,6360,70107.13126980203
2024-11-12,6363,77049.48276707629
2024-11-12,6364,70244.15608000806
2024-11-12,6366,69024.8535694588
2024-11-12,6367,67264.0124999303
2024-11-12,6368,68415.06799231676
2024-11-12,6370,68179.77019801154
2024-11-12,6372,67253.56087856914
2024-11-12,6373,73136.15878865955
2024-11-12,6374,70531.22846760217
2024-11-12,6379,71064.39219886127
2024-11-12,6380,55341.85221340578
2024-11-12,6382,72190.18867144008
2024-11-12,6384,71161.07890921492
2024-11-12,6385,70256.7067114704
2024-11-12,6387,69619.3978598919
2024-11-12,6388,73980.29071366202
2024-11-12,6389,69975.0019653442
2024-11-12,6390,70444.71008634943
2024-11-12,6392,89193.33186397025
2024-11-12,6393,71423.92175974596
2024-11-12,6395,70933.74704584458
2024-11-12,6396,70320.22935931006
2024-11-12,6398,82598.50670147993
2024-11-12,6400,69674.57744485959
2024-11-12,6402,69929.40599888639
2024-11-12,6406,74211.98658985386
2024-11-12,6407,66557.54417919478
2024-11-12,6408,76511.24406671814
2024-11-12,6410,61057.66513148128
2024-11-12,6411,62453.99418145524
2024-11-12,6413,70944.37947071643
2024-11-12,6414,69731.09392221135
2024-11-12,6417,71579.58262119074
2024-11-12,6418,71191.61774224186
2024-11-12,6420,72589.3252129096
2024-11-12,6423,70496.42779802434
2024-11-12,6424,70691.07668763252
2024-11-12,6425,63747.57872250354
2024-11-12,6426,67882.5696489664
2024-11-12,6427,72614.70665983693
2024-11-12,6428,75261.42775271299
2024-11-12,6429,67241.63384082404
2024-11-12,6431,77366.50000056972
2024-11-12,6432,71042.47146044356
2024-11-12,6434,71508.77603257519
2024-11-12,6435,72339.35354112921
2024-11-12,6436,70365.2562082602
2024-11-12,6437,76889.77447873204
2024-11-12,6438,69153.08639791372
2024-11-12,6439,70604.16839917914
2024-11-12,6441,71567.6090470026
2024-11-12,6443,74215.0569607193
2024-11-12,6445,70593.5093917924
2024-11-12,6446,73841.14493671473
2024-11-12,6447,69277.13461118142
2024-11-12,6450,69922.72174767827
2024-11-12,6451,72125.10448215366
2024-11-12,6452,76103.58563215067
2024-11-12,6453,71889.42536441692
2024-11-12,6454,76344.60040130545
2024-11-12,6455,67647.92690650899
2024-11-12,6456,71414.54143317664
2024-11-12,6475,70689.67903518079
2024-11-12,6476,69590.39378026532
2024-11-12,6477,73061.2852401334
2024-11-12,6480,74950.89942828268
2024-11-12,6482,73283.12091529605
2024-11-12,6485,51373.10017039868
2024-11-12,6487,70041.37482497186
2024-11-12,6488,66863.42900614033
2024-11-12,6490,70470.0585306039
2024-11-12,6492,77419.09276513428
2024-11-12,6493,66028.03455816286
2024-11-12,6494,70677.70729314309
2024-11-12,6496,68721.45620305109
2024-11-12,6498,70048.04730466983
2024-11-12,6501,71790.15188208321
2024-11-12,6503,64560.02584209805
2024-11-12,6504,68235.24842714796
2024-11-12,6505,71357.21753331905
2024-11-12,6506,74159.2624843313
2024-11-12,6507,69633.81578026309
2024-11-12,6509,70759.80730931966
2024-11-12,6510,71896.63597492198
2024-11-12,6511,69955.55532417385
2024-11-12,6512,70486.71914354867
2024-11-12,6514,70314.1155211459
2024-11-12,6515,72832.73332707316
2024-11-12,6516,73121.44694249713
2024-11-12,6517,70892.91681862186
2024-11-12,6518,70950.3186393674
2024-11-12,6519,69885.81454626197
2024-11-12,6520,70812.67126733392
2024-11-12,6522,67576.39328912825
2024-11-12,6523,70750.77435498365
2024-11-12,6524,65416.049987184975
2024-11-12,6525,73947.31638854858
2024-11-12,6526,64789.10159250932
2024-11-12,6531,67448.44521399355
2024-11-12,6533,70598.35543357072
2024-11-12,6534,70737.82192326884
2024-11-12,6535,68850.5409933524
2024-11-12,6536,57153.284541328416
2024-11-12,6538,57312.40871238572
2024-11-12,6540,70866.23322516662
2024-11-12,6541,69112.34957043288
2024-11-12,6544,68729.0539734317
2024-11-12,6545,65759.15793225635
2024-11-12,6546,70050.42107985597
2024-11-12,6547,69130.35478798408
2024-11-12,6548,68653.42736531376
2024-11-12,6550,69099.4967551096
2024-11-12,6552,72597.1628471348
2024-11-12,6553,51593.92202083192
2024-11-12,6554,49922.46223328361
2024-11-12,6558,69889.22992125846
2024-11-12,6559,69855.04567169437
2024-11-12,6560,71339.56543626415
2024-11-12,6561,70154.35371390465
2024-11-12,6562,72894.05851913472
2024-11-12,6563,70986.46383022833
2024-11-12,6564,73455.31754438962
2024-11-12,6565,73917.08671973932
2024-11-12,6567,70716.66092983187
2024-11-12,6568,70681.13932908782
2024-11-12,6569,65959.34114758804
2024-11-12,6571,70757.92289688467
2024-11-12,6574,68270.62600816945
2024-11-12,6575,56694.79492004125
2024-11-12,6576,68745.29778614812
2024-11-12,6577,70497.95196705444
2024-11-12,6580,68336.47146660821
2024-11-12,6581,70176.18578062237
2024-11-12,6582,69423.92235035486
2024-11-12,6583,65444.87673584672
2024-11-12,6585,67364.77760484364
2024-11-12,6586,67507.2496174638
2024-11-12,6588,74163.28199364145
2024-11-12,6590,74313.23950122649
2024-11-12,6594,71670.69148402037
2024-11-12,6597,74214.45679888448
2024-11-12,6598,75711.22428657627
2024-11-12,6599,71517.49849690776
2024-11-12,6600,71332.53659661692
2024-11-12,6601,71064.91598416596
2024-11-12,6602,59567.83308224034
2024-11-12,6603,68555.20568323928
2024-11-12,6604,72132.76670849156
2024-11-12,6607,73176.06414258409
2024-11-12,6609,72312.56695625964
2024-11-12,6616,77419.45717497714
2024-11-12,6618,70632.9600511464
2024-11-12,6619,69150.94642207124
2024-11-12,6623,66486.7559726993
2024-11-12,6624,56654.80638909332
2024-11-12,6626,70268.82336384835
2024-11-12,6629,73795.97088271761
2024-11-12,6630,70274.85619298724
2024-11-12,6631,67894.31072309423
2024-11-12,6632,70380.64257106681
2024-11-12,6633,52610.54078459399
2024-11-12,6634,68838.50085118279
2024-11-12,6635,70909.90313887893
2024-11-12,6636,67352.21555625497
2024-11-12,6637,51774.08004075719
2024-11-12,6639,63446.99194508398
2024-11-12,6641,64642.99034702094
2024-11-12,6642,68933.40297747713
2024-11-12,6643,73773.87393767574
2024-11-12,6644,70153.72396130324
2024-11-12,6647,70559.35495721227
2024-11-12,6648,73226.3998156736
2024-11-12,6649,72800.9807486085
2024-11-12,6655,69367.17026882927
2024-11-12,6658,60040.83528185786
2024-11-12,6659,57807.568795324805
2024-11-12,6660,74316.0387210374
2024-11-12,6661,70271.21720286462
2024-11-12,6662,69672.43641315452
2024-11-12,6663,71777.21167580312
2024-11-12,6664,76346.08910189518
2024-11-12,6666,73796.85912557176
2024-11-12,6668,73382.58986405503
2024-11-12,6669,69734.57009309287
2024-11-12,6670,73310.63773275349
2024-11-12,6674,71121.2586871936
2024-11-12,6675,71511.46880514565
2024-11-12,6679,70648.35353247535
2024-11-12,6680,67253.30609339204
2024-11-12,6681,72627.27329015598
2024-11-12,6683,69629.90022543634
2024-11-12,6686,70743.766828814
2024-11-12,6687,73408.78755946338
2024-11-12,6689,71529.22471505628
2024-11-12,6692,73991.68203013267
2024-11-12,6693,70472.58263551585
2024-11-12,6695,72872.23631901303
2024-11-12,6696,71019.87516344246
2024-11-12,6714,70390.46035235631
2024-11-12,6715,70150.3795120472
2024-11-12,6716,70693.33581188413
2024-11-12,6717,74104.9658300449
2024-11-12,6719,66927.41785790147
2024-11-12,6722,62982.83598331961
2024-11-12,6723,52992.38388727218
2024-11-12,6724,65243.586810199704
2024-11-12,6725,71180.32236895226
2024-11-12,6726,71511.44318264423
2024-11-12,6727,65071.35534799217
2024-11-12,6728,71001.1182314536
2024-11-12,6730,58592.60778056069
2024-11-12,6731,71912.38196752411
2024-11-12,6733,63303.88265361632
2024-11-12,6734,64016.124074808264
2024-11-12,6736,73991.51854779791
2024-11-12,6737,73133.88257500963
2024-11-12,6740,59265.64827310544
2024-11-12,6741,68765.7715223221
2024-11-12,6745,56480.94913403586
2024-11-12,6746,55429.3754550573
2024-11-12,6747,56607.019372832954
2024-11-12,6749,62304.44273491985
2024-11-12,6750,70923.83783362128
2024-11-12,6751,66671.11837861582
2024-11-12,6752,60778.71210696213
2024-11-12,6753,55309.50354952216
2024-11-12,6754,57978.94904228203
2024-11-12,6755,55333.35766518794
2024-11-12,6756,59253.673083092464
2024-11-12,6757,55783.21368228488
2024-11-12,6758,52745.07510561769
2024-11-12,6759,58227.88348966045
2024-11-12,6761,69176.68657376182
2024-11-12,6762,68821.19196965436
2024-11-12,6763,71206.76100429322
2024-11-12,6764,65038.65685905571
2024-11-12,6767,71376.28509609975
2024-11-12,6768,70400.47727679159
2024-11-12,6769,65381.05267115678
2024-11-12,6773,64895.6581463804
2024-11-12,6774,66651.41008392468
2024-11-12,6775,73964.80548216969
2024-11-12,6777,61301.78901279104
2024-11-12,6779,65787.47450962893
2024-11-12,6780,70226.80696155009
2024-11-12,6783,72274.16873845019
2024-11-12,6784,68976.83228339249
2024-11-12,6785,56929.862976456374
2024-11-12,6787,68293.03405546311
2024-11-12,6788,69731.54948023173
2024-11-12,6789,69982.47992055799
2024-11-12,6792,61520.9015541129
2024-11-12,6794,60583.95532973447
2024-11-12,6797,70071.00642144746
2024-11-12,6798,81733.36309209937
2024-11-12,6799,70394.32456779544
2024-11-12,6800,67638.78511756552
2024-11-12,6801,59599.791512722375
2024-11-12,6803,62193.267176584566
2024-11-12,6804,72731.1262517667
2024-11-12,6809,69327.17047985751
2024-11-12,6810,69436.13704141747
2024-11-12,6811,71628.49901056445
2024-11-12,6812,67500.09573583251
2024-11-12,6813,69819.29453711872
2024-11-12,6815,67137.3408474658
2024-11-12,6817,73681.34909361007
2024-11-12,6818,68908.3058597438
2024-11-12,6824,66905.66675517445
2024-11-12,6826,68507.6638284799
2024-11-12,6827,73445.74568129535
2024-11-12,6829,69628.87866003726
2024-11-12,6830,72822.2404392951
2024-11-12,6831,79332.87668105177
2024-11-12,6832,73767.83047382106
2024-11-12,6833,74674.7577597842
2024-11-12,6834,74051.57247591011
2024-11-12,6835,74912.09190471515
2024-11-12,6838,68305.72065742828
2024-11-12,6839,56253.66408621768
2024-11-12,6841,69610.42439214718
2024-11-12,6842,69475.99284389644
2024-11-12,6844,69402.96772672083
2024-11-12,6845,73446.64934365667
2024-11-12,6846,73513.7675398103
2024-11-12,6849,63926.49704706591
2024-11-12,6851,64352.54633571385
2024-11-12,6852,67454.4781157367
2024-11-12,6853,61288.128038106275
2024-11-12,6854,71956.27904981321
2024-11-12,6856,70359.5981108815
2024-11-12,6857,68349.35631057694
2024-11-12,6858,67807.75077339243
2024-11-12,6860,70120.38056906752
2024-11-12,6861,70005.2939799817
2024-11-12,6862,69923.1700217145
2024-11-12,6863,70170.92810391901
2024-11-12,6865,71200.2709146603
2024-11-12,6866,69999.6731208858
2024-11-12,6869,70659.5527437698
2024-11-12,6870,71204.46506844471
2024-11-12,6872,60852.450605464845
2024-11-12,6873,69579.90785951584
2024-11-12,6874,68185.14965122694
2024-11-12,6875,68395.40310623348
2024-11-12,6876,72530.83340034787
2024-11-12,6877,70967.06575592865
2024-11-12,6878,65255.00597631644
2024-11-12,6879,71299.84089316888
2024-11-12,6880,68904.72549211913
2024-11-12,6881,60606.45443196771
2024-11-12,6882,69123.41968427371
2024-11-12,6883,66390.59146520754
2024-11-12,6884,75526.27814094487
2024-11-12,6885,70112.06763606814
2024-11-12,6886,69824.25701887063
2024-11-12,6887,65272.87540450364
2024-11-12,6888,72272.49915596793
2024-11-12,6891,61688.966882448614
2024-11-12,6894,67657.84858315453
2024-11-12,6896,70090.13214237994
2024-11-12,6897,69529.61181550154
2024-11-12,6898,69776.55768172936
2024-11-12,6899,72532.73502407751
2024-11-12,6900,69873.67111034079
2024-11-12,6903,78100.51454880525
2024-11-12,6904,61774.726768786466
2024-11-12,6905,62352.94331620092
2024-11-12,6906,74105.26640501467
2024-11-12,6909,69174.35640867653
2024-11-12,6911,71752.02470728419
2024-11-12,6918,72915.58116606201
2024-11-12,6919,70769.11159384219
2024-11-12,6921,73500.21360380211
2024-11-12,6922,71869.60538625988
2024-11-12,6923,70345.90749896047
2024-11-12,6924,71202.31961272773
2024-11-12,6925,73078.02063012622
2024-11-12,6926,71623.43496592916
2024-11-12,6927,77692.15215465194
2024-11-12,6928,71035.59362386986
2024-11-12,6929,69802.47995536243
2024-11-12,6930,72859.25729045004
2024-11-12,6931,59327.41392862377
2024-11-12,6932,69127.212588307
2024-11-12,6933,68803.91959846344
2024-11-12,6934,72503.43845477636
2024-11-12,6935,72650.36684946828
2024-11-12,6936,50997.98797126733
2024-11-12,6937,71292.49459479564
2024-11-12,6939,71169.34224333077
2024-11-12,6940,70377.73493199884
2024-11-12,6941,68425.05105871396
2024-11-12,6942,66449.45051652528
2024-11-12,6944,83678.132613923
2024-11-12,6948,74655.9665267738
2024-11-12,6951,71280.67136281174
2024-11-12,6952,63068.68760762897
2024-11-12,6953,64036.7403931734
2024-11-12,6954,62918.83681147078
2024-11-12,6956,64469.44376948649
2024-11-12,6957,71560.16775232743
2024-11-12,6959,66379.99196487646
2024-11-12,6960,76342.30539389173
2024-11-12,6961,73785.96064152758
2024-11-12,6962,72519.83037167501
2024-11-12,6963,68597.29759825647
2024-11-12,6965,69264.0319776715
2024-11-12,6966,72596.69418580273
2024-11-12,6967,69507.21437430254
2024-11-12,6968,67428.58999907566
2024-11-12,6969,70508.35457659699
2024-11-12,6970,72441.08927882441
2024-11-12,6971,72277.86657999647
2024-11-12,6972,71662.2225885915
2024-11-12,6973,69714.49117103398
2024-11-12,6974,68385.90148565259
2024-11-12,6977,58666.21183505393
2024-11-12,6978,68967.29876194177
2024-11-12,6985,71415.72788408771
2024-11-12,6993,67326.5928095337
2024-11-12,6994,76043.93398178315
2024-11-12,6997,73105.1639403323
2024-11-12,6999,69951.27698564559
2024-11-12,7000,75407.98488556787
2024-11-12,7002,67492.7247968507
2024-11-12,7003,72757.35624763729
2024-11-12,7004,69239.60515110134
2024-11-12,7005,71324.52522481554
2024-11-12,7006,68962.55250021727
2024-11-12,7007,69455.94287241604
2024-11-12,7008,70639.496968026
2024-11-12,7009,83455.8346059961
2024-11-12,7010,69432.13389226022
2024-11-12,7011,68764.11409759628
2024-11-12,7012,67628.10056804381
2024-11-12,7013,68294.51157489936
2024-11-12,7014,71322.60951487927
2024-11-12,7016,70287.32970594986
2024-11-12,7017,71724.29249461638
2024-11-12,7018,57159.72526496198
2024-11-12,7019,59196.94118806297
2024-11-12,7020,74068.19481163661
2024-11-12,7021,70502.23237957935
2024-11-12,7022,67577.40312601622
2024-11-12,7024,71926.54868858827
2024-11-12,7025,70148.73505169555
2024-11-12,7026,71071.60838715798
2024-11-12,7027,70836.1244734495
2024-11-12,7028,70564.71609197072
2024-11-12,7030,69960.96199731294
2024-11-12,7031,67879.77787029621
2024-11-12,7032,59730.25078846552
2024-11-12,7033,72274.11221463431
2024-11-12,7034,68272.58134171774
2024-11-12,7035,69248.35111140291
2024-11-12,7036,70719.43745377012
2024-11-12,7037,62886.900310573816
2024-11-12,7038,75906.27203359893
2024-11-12,7039,69457.36199514307
2024-11-12,7040,65418.12356379067
2024-11-12,7042,76281.48812372351
2024-11-12,7043,71410.20205572271
2024-11-12,7047,89098.31154684525
2024-11-12,7048,73465.28119135153
2024-11-12,7049,66635.37376490868
2024-11-12,7050,65644.70227539816
2024-11-12,7052,67859.36313308796
2024-11-12,7053,62583.22210336973
2024-11-12,7054,68535.1218641816
2024-11-12,7056,72422.84926175524
2024-11-12,7060,73860.91964685169
2024-11-12,7063,66161.41747409612
2024-11-12,7064,68359.18164086895
2024-11-12,7065,70145.44747588685
2024-11-12,7066,63478.386890817485
2024-11-12,7067,74005.87182783808
2024-11-12,7068,69512.10901162177
2024-11-12,7069,69036.261439821
2024-11-12,7070,73363.17734650377
2024-11-12,7072,61140.94201584418
2024-11-12,7073,72818.78807359605
2024-11-12,7075,64202.99757612423
2024-11-12,7076,70458.41966572597
2024-11-12,7077,70801.27800558685
2024-11-12,7078,55975.6508667182
2024-11-12,7079,70941.55725233567
2024-11-12,7080,67170.3808312515
2024-11-12,7081,74315.257915633425
2024-11-12,7083,69694.85995620822
2024-11-12,7084,63733.612802963835
2024-11-12,7085,73496.79036725017
2024-11-12,7086,74298.47726166806
2024-11-12,7087,75395.34336005316
2024-11-12,7090,74675.30470107985
2024-11-12,7091,72641.30778213966
2024-11-12,7092,75806.57657332795
2024-11-12,7095,73535.67109915789
2024-11-12,7096,69350.68628772254
2024-11-12,7097,70723.70092759214
2024-11-12,7098,64398.64558240001
2024-11-12,7100,59378.324587343326
2024-11-12,7101,71648.60365362476
2024-11-12,7104,71328.69692600981
2024-11-12,7105,77582.79840952081
2024-11-12,7106,69997.84008907873
2024-11-12,7107,66276.21243981383
2024-11-12,7108,70540.84153145667
2024-11-12,7109,63839.35808706307
2024-11-12,7110,68867.17999343974
2024-11-12,7111,66738.48791071751
2024-11-12,7112,70149.22125173296
2024-11-12,7113,55897.47258713507
2024-11-12,7115,71415.36587817282
2024-11-12,7116,74129.70468213
2024-11-12,7117,67612.98905293942
2024-11-12,7121,62748.51117978783
2024-11-12,7122,73968.09298619677
2024-11-12,7124,56722.875473103464
2024-11-12,7125,69908.52096246158
2024-11-12,7126,63497.673012237705
2024-11-12,7127,68702.64437570087
2024-11-12,7128,73481.46451720667
2024-11-12,7129,70121.25099175677
2024-11-12,7131,69018.45733720147
2024-11-12,7134,72411.40943829792
2024-11-12,7135,71913.46909601704
2024-11-12,7136,74463.85454977409
2024-11-12,7137,71151.97883317618
2024-11-12,7139,72380.20149520769
2024-11-12,7140,68381.12940041038
2024-11-12,7141,70356.76354533326
2024-11-12,7144,74557.70457579372
2024-11-12,7145,69199.16394529221
2024-11-12,7146,73091.32962896688
2024-11-12,7147,67949.41755788474
2024-11-12,7149,72568.93696881946
2024-11-12,7150,71183.40835963067
2024-11-12,7151,69776.80176362535
2024-11-12,7152,69323.80940967407
2024-11-12,7155,72436.6441531082
2024-11-12,7156,69341.62990400154
2024-11-12,7157,70078.65430891978
2024-11-12,7158,71350.03519999495
2024-11-12,7159,78552.4159949051
2024-11-12,7165,60458.426922617065
2024-11-12,7168,61798.07243765414
2024-11-12,7169,72442.80812893082
2024-11-12,7170,65358.64974563266
2024-11-12,7171,58720.207738417674
2024-11-12,7172,59100.91102512207
2024-11-12,7173,57532.73880880442
2024-11-12,7174,72497.2665544256
2024-11-12,7175,68569.86967055988
2024-11-12,7178,81756.8078310167
2024-11-12,7180,58002.00206623626
2024-11-12,7182,69817.68479051082
2024-11-12,7183,70257.71770912966
2024-11-12,7184,64950.43561753667
2024-11-12,7185,58018.632435103114
2024-11-12,7186,60832.470394816824
2024-11-12,7187,61763.12701452266
2024-11-12,7188,69148.48676594297
2024-11-12,7189,63727.764643788854
2024-11-12,7190,62845.25274459498
2024-11-12,7193,73609.9496563419
2024-11-12,7195,68421.1371529084
2024-11-12,7196,70966.57851849144
2024-11-12,7197,69086.1844334568
2024-11-12,7198,133755.00822915314
2024-11-12,7199,72687.80356061802
2024-11-12,7200,69214.71292397383
2024-11-12,7201,68200.83867847195
2024-11-12,7202,73302.7071450039
2024-11-12,7205,71130.6789986191
2024-11-12,7206,77049.99652919135
2024-11-12,7207,80854.43893096106
2024-11-12,7208,70088.99659950483
2024-11-12,7209,56316.115474253726
2024-11-12,7210,68892.36818372678
2024-11-12,7211,69286.05867837911
2024-11-12,7213,69584.51279567787
2024-11-12,7214,68179.92630432428
2024-11-12,7216,69788.6966896919
2024-11-12,7217,70003.015592939
2024-11-12,7219,55812.93192289861
2024-11-12,7220,70088.59052372315
2024-11-12,7221,70766.00317024476
2024-11-12,7222,93263.96934270835
2024-11-12,7223,69390.0510574038
2024-11-12,7224,71913.80224888495
2024-11-12,7225,70283.78795041695
2024-11-12,7226,70204.62589407105
2024-11-12,7227,72450.16946906765
2024-11-12,7231,69581.25370697874
2024-11-12,7234,55043.94909201573
2024-11-12,7236,72821.45974212223
2024-11-12,7238,73382.30051124423
2024-11-12,7239,142837.32612194473
2024-11-12,7240,71629.41408356802
2024-11-12,7241,59888.96349277186
2024-11-12,7242,54081.95002984449
2024-11-12,7244,74875.31750650083
2024-11-12,7245,70010.50211777409
2024-11-12,7246,71248.64240625444
2024-11-12,7248,72733.34295651475
2024-11-12,7249,62877.11127480363
2024-11-12,7250,63832.70550256961
2024-11-12,7251,70675.66623808599
2024-11-12,7253,72142.73146720033
2024-11-12,7254,71066.56786380171
2024-11-12,7256,75781.88692930622
2024-11-12,7258,69674.74223691768
2024-11-12,7260,59725.30426889104
2024-11-12,7261,69757.3061627062
2024-11-12,7265,72929.35006861719
2024-11-12,7266,67774.85140548275
2024-11-12,7267,77815.10305770782
2024-11-12,7268,68369.16066271333
2024-11-12,7269,70931.25235523644
2024-11-12,7271,73190.15122547414
2024-11-12,7272,73204.85765478073
2024-11-12,7274,67907.85977259444
2024-11-12,7275,71565.16043624413
2024-11-12,7276,75743.91160858789
2024-11-12,7278,84270.32591170214
2024-11-12,7279,71164.83586739148
2024-11-12,7280,69072.97997229837
2024-11-12,7281,70778.39432614051
2024-11-12,7282,71907.91575757245
2024-11-12,7283,71308.60023284664
2024-11-12,7287,70243.27347665283
2024-11-12,7288,69329.26644214746
2024-11-12,7289,71470.3840010359
2024-11-12,7291,57811.434571121754
2024-11-12,7292,69766.3782740335
2024-11-12,7293,75695.91083833383
2024-11-12,7295,69634.11614864838
2024-11-12,7296,70002.09286802655
2024-11-12,6287,71043.75198007742
2024-11-12,6249,70473.45198910535
2024-11-12,6676,70749.42560683067
2024-11-12,6776,70598.17586998461
2024-11-12,7062,61348.79083568232
2024-11-12,6718,61487.68453532233
2024-11-12,6336,72807.1770105493
2024-11-12,6549,69773.35328045215
2024-11-12,6782,59795.61438919929
2024-11-12,6892,69754.26651503124
2024-11-12,6491,0
2024-11-12,6448,0
2024-11-12,6591,0
2024-11-12,6949,0
2024-11-12,7212,0
2024-11-12,7218,0
2024-11-12,7273,0
2024-11-12,7192,56570.761957548435
2024-11-13,6326,64854.84397927034
2024-11-13,6025,72538.530291933
2024-11-13,6039,68157.22472158642
2024-11-13,6043,71413.95341152111
2024-11-13,6054,66616.41456549753
2024-11-13,6072,70858.96708985764
2024-11-13,6082,71016.22067834382
2024-11-13,6087,70932.23800018584
2024-11-13,6088,70677.08205327418
2024-11-13,6092,74207.2246079184
2024-11-13,6094,73655.07019278508
2024-11-13,6101,78800.65888593007
2024-11-13,6167,72268.70680845444
2024-11-13,6213,69665.52533398832
2024-11-13,6225,65260.049345884894
2024-11-13,6232,78982.92308312023
2024-11-13,6239,69244.41244596514
2024-11-13,6245,70925.67240799029
2024-11-13,6246,69200.99041146948
2024-11-13,6248,64133.490955778485
2024-11-13,6250,69239.51612347804
2024-11-13,6251,62221.38859499606
2024-11-13,6254,71710.60205117067
2024-11-13,6266,75250.38325843553
2024-11-13,6267,69325.21544529102
2024-11-13,6268,70219.71232132424
2024-11-13,6272,70523.9450501451
2024-11-13,6291,60863.69307891341
2024-11-13,6297,68767.74195322601
2024-11-13,6298,61355.0949785612
2024-11-13,6299,62922.89551954689
2024-11-13,6304,70268.77455926542
2024-11-13,6307,68071.3547664955
2024-11-13,6313,69395.2759208111
2024-11-13,6316,69457.04739052083
2024-11-13,6317,69330.53657201753
2024-11-13,6318,68959.52508846387
2024-11-13,6320,73456.58206156825
2024-11-13,6323,72851.46108980558
2024-11-13,6324,64075.54857639712
2024-11-13,6325,69098.39901073682
2024-11-13,6327,69221.96278897735
2024-11-13,6328,69919.40943475044
2024-11-13,6329,68828.37279827871
2024-11-13,6330,62044.66786181712
2024-11-13,6331,65990.615130449165
2024-11-13,6332,69861.95211079279
2024-11-13,6333,72335.67782075012
2024-11-13,6334,73801.46499211664
2024-11-13,6335,67055.40882918386
2024-11-13,6336,72579.35957930528
2024-11-13,6338,64703.67183324731
2024-11-13,6345,71683.47456851111
2024-11-13,6346,68144.32496014854
2024-11-13,6348,67964.60275617831
2024-11-13,6349,58831.34491455535
2024-11-13,6350,68257.67405662884
2024-11-13,6351,69668.57454584385
2024-11-13,6352,73510.15390510626
2024-11-13,6357,68994.7032807487
2024-11-13,6358,73837.99467038122
2024-11-13,6360,67532.72696681095
2024-11-13,6363,76773.44242880326
2024-11-13,6364,71574.07328215106
2024-11-13,6366,67205.31405107862
2024-11-13,6367,66900.00640173547
2024-11-13,6368,68458.2139596315
2024-11-13,6370,67357.1644535216
2024-11-13,6372,67397.68457685335
2024-11-13,6373,73056.15759001637
2024-11-13,6374,70402.59735309343
2024-11-13,6379,73085.00258577545
2024-11-13,6380,54189.59884333739
2024-11-13,6382,72051.7060953292
2024-11-13,6384,68258.7642215082
2024-11-13,6385,68678.4053401783
2024-11-13,6387,68747.58621615311
2024-11-13,6388,74614.23932641298
2024-11-13,6389,69896.13346020288
2024-11-13,6390,70468.49732343292
2024-11-13,6392,94069.77167942392
2024-11-13,6393,70921.15070829347
2024-11-13,6395,67477.036621957
2024-11-13,6396,70171.1354153751
2024-11-13,6398,84377.01866849074
2024-11-13,6400,69357.19160222367
2024-11-13,6402,69979.31963470868
2024-11-13,6406,74328.19860460759
2024-11-13,6407,65477.98325095636
2024-11-13,6408,76929.17802639997
2024-11-13,6410,60311.91204554799
2024-11-13,6411,64215.40125888732
2024-11-13,6413,70871.35261313035
2024-11-13,6414,68822.22341617735
2024-11-13,6417,71708.6803391572
2024-11-13,6418,72262.20661688416
2024-11-13,6420,72718.22065570581
2024-11-13,6423,70229.500845328
2024-11-13,6424,69832.10358132514
2024-11-13,6425,61521.47378382498
2024-11-13,6426,68092.12681337402
2024-11-13,6427,72784.52613722565
2024-11-13,6428,74506.20134424685
2024-11-13,6429,68048.71889970885
2024-11-13,6431,77689.15017489337
2024-11-13,6432,70868.04729789028
2024-11-13,6434,70691.53254070843
2024-11-13,6435,70688.49060018468
2024-11-13,6436,71222.0713431654
2024-11-13,6437,77719.64299316515
2024-11-13,6438,68272.70313446817
2024-11-13,6439,70566.63489889371
2024-11-13,6441,71677.32430837562
2024-11-13,6443,74001.46226591403
2024-11-13,6445,70517.6752523617
2024-11-13,6446,73658.76616531372
2024-11-13,6447,68811.96083189716
2024-11-13,6450,68767.68307490244
2024-11-13,6451,71645.37064646461
2024-11-13,6452,75894.00219165765
2024-11-13,6453,71741.93391477363
2024-11-13,6454,75718.94462465678
2024-11-13,6455,66838.86682207667
2024-11-13,6456,71413.42715514712
2024-11-13,6475,70786.69547726915
2024-11-13,6476,68725.91768045456
2024-11-13,6477,73168.52491216213
2024-11-13,6480,74534.39223029822
2024-11-13,6482,72522.4085221374
2024-11-13,6485,50602.680338161525
2024-11-13,6487,70426.7922742195
2024-11-13,6488,69376.16326485116
2024-11-13,6490,69302.19476064794
2024-11-13,6492,78444.85394770543
2024-11-13,6493,65119.81082108977
2024-11-13,6494,67160.60029855862
2024-11-13,6496,68638.21374841373
2024-11-13,6498,69817.39863801193
2024-11-13,6501,71513.46239719361
2024-11-13,6503,64227.035458512975
2024-11-13,6504,66896.54319663512
2024-11-13,6505,72111.465634514665
2024-11-13,6506,74065.71761873257
2024-11-13,6507,69604.9879430557
2024-11-13,6509,70427.8812044067
2024-11-13,6510,72338.08572018068
2024-11-13,6511,69860.82279495208
2024-11-13,6512,69528.73790485892
2024-11-13,6514,69843.31869195927
2024-11-13,6515,72727.43444614027
2024-11-13,6516,72785.95239190123
2024-11-13,6517,73667.60243912681
2024-11-13,6518,71172.12604845854
2024-11-13,6519,69528.5447919058
2024-11-13,6520,70841.94257644867
2024-11-13,6522,67673.16506482716
2024-11-13,6523,70809.7322381412
2024-11-13,6524,71919.90823525169
2024-11-13,6525,72607.2294868009
2024-11-13,6526,63529.424990638945
2024-11-13,6531,67454.82243283934
2024-11-13,6533,70366.20943016591
2024-11-13,6534,71199.16793616414
2024-11-13,6535,68587.61539242756
2024-11-13,6536,57389.39923159037
2024-11-13,6538,55897.80103422044
2024-11-13,6540,70894.13578509494
2024-11-13,6541,68993.8045101245
2024-11-13,6544,68351.09430823052
2024-11-13,6545,65735.72449235327
2024-11-13,6546,70898.91425487297
2024-11-13,6547,67655.20209765907
2024-11-13,6548,67903.26233765396
2024-11-13,6550,69099.00479148634
2024-11-13,6552,71558.21707464596
2024-11-13,6553,51449.331730022954
2024-11-13,6554,51769.17035933496
2024-11-13,6558,69264.79673038151
2024-11-13,6559,68574.35847363315
2024-11-13,6560,71475.66332432807
2024-11-13,6561,69697.64468989556
2024-11-13,6562,72829.27620120191
2024-11-13,6563,70625.12048112057
2024-11-13,6564,73350.91108100054
2024-11-13,6565,73859.68824329371
2024-11-13,6567,70757.63377818443
2024-11-13,6568,70758.73809893767
2024-11-13,6569,64099.81554754904
2024-11-13,6571,70694.48483130836
2024-11-13,6574,67791.21677440139
2024-11-13,6575,56826.80347651487
2024-11-13,6576,68440.54717298657
2024-11-13,6577,70131.649758358
2024-11-13,6580,68727.10504291121
2024-11-13,6581,68829.24912563861
2024-11-13,6582,68011.30009409324
2024-11-13,6583,64485.106079525605
2024-11-13,6585,74663.28196801715
2024-11-13,6586,68182.67688215851
2024-11-13,6588,74616.6981546192
2024-11-13,6590,74361.13163332951
2024-11-13,6594,71872.74146135162
2024-11-13,6597,74674.43390715729
2024-11-13,6598,77693.04113867837
2024-11-13,6599,71551.9324607222
2024-11-13,6600,70885.72755857391
2024-11-13,6601,70881.73358956516
2024-11-13,6602,58789.8320352256
2024-11-13,6603,68325.67112426089
2024-11-13,6604,72141.94303963054
2024-11-13,6607,73524.33648098218
2024-11-13,6609,72184.63726373955
2024-11-13,6616,75529.12371319746
2024-11-13,6618,70775.78518531269
2024-11-13,6619,68414.11713311737
2024-11-13,6623,66495.9470390844
2024-11-13,6624,55004.91977210245
2024-11-13,6626,70268.80035409553
2024-11-13,6629,73418.30544565243
2024-11-13,6630,70438.24168424046
2024-11-13,6631,66509.19416457732
2024-11-13,6632,70464.24599297774
2024-11-13,6633,52751.50640159696
2024-11-13,6634,69103.74330098178
2024-11-13,6635,71500.80809866788
2024-11-13,6636,72770.38932968811
2024-11-13,6637,53729.15315603148
2024-11-13,6639,66572.49589314616
2024-11-13,6641,63243.24952279509
2024-11-13,6642,68942.09859131754
2024-11-13,6643,73781.20799533691
2024-11-13,6644,70598.36607559293
2024-11-13,6647,70501.32892103202
2024-11-13,6648,68555.20197604984
2024-11-13,6649,78067.54360379376
2024-11-13,6655,69186.53252298581
2024-11-13,6658,59945.19720196865
2024-11-13,6659,56099.815944557704
2024-11-13,6660,73299.42320176816
2024-11-13,6661,69863.75257671956
2024-11-13,6662,70603.77353210312
2024-11-13,6663,70964.69095158167
2024-11-13,6664,71927.15181634405
2024-11-13,6666,73543.03120593462
2024-11-13,6668,73478.67621382751
2024-11-13,6669,68935.82921173247
2024-11-13,6670,73517.50541834501
2024-11-13,6674,70855.41763158517
2024-11-13,6675,72013.95775069887
2024-11-13,6676,70479.64543146703
2024-11-13,6679,70831.5367481861
2024-11-13,6680,67030.53763169658
2024-11-13,6681,71182.0849433477
2024-11-13,6683,69342.0336282479
2024-11-13,6686,70597.39679938034
2024-11-13,6687,72721.95059182441
2024-11-13,6689,71824.86666447746
2024-11-13,6692,74860.49756754098
2024-11-13,6693,69609.70356546076
2024-11-13,6695,72776.45284881901
2024-11-13,6696,70593.00161996357
2024-11-13,6714,70165.22264249556
2024-11-13,6715,69267.79165811832
2024-11-13,6716,70738.4836203482
2024-11-13,6717,74446.35464370603
2024-11-13,6718,61716.70800965899
2024-11-13,6719,66039.43412441165
2024-11-13,6722,62918.95212630773
2024-11-13,6723,52917.066514022044
2024-11-13,6724,65309.820225962285
2024-11-13,6725,71364.54153214658
2024-11-13,6726,71017.22978764014
2024-11-13,6727,66707.7946927142
2024-11-13,6728,69473.58567779332
2024-11-13,6730,56409.12449515254
2024-11-13,6731,71278.10135833114
2024-11-13,6733,61943.596942998745
2024-11-13,6734,63173.41694465328
2024-11-13,6736,69772.52536211333
2024-11-13,6737,72517.84568083423
2024-11-13,6740,58392.92026938032
2024-11-13,6741,69045.6489275742
2024-11-13,6745,56461.08151771827
2024-11-13,6746,55341.98830530528
2024-11-13,6747,57086.88898566719
2024-11-13,6749,62446.90048302348
2024-11-13,6750,69256.69367901562
2024-11-13,6751,66747.82663042964
2024-11-13,6752,59595.09456050893
2024-11-13,6753,55588.02920012833
2024-11-13,6754,57676.34358873575
2024-11-13,6755,55341.75599131747
2024-11-13,6756,58933.05776455739
2024-11-13,6757,54167.118052227335
2024-11-13,6758,53683.45536970032
2024-11-13,6759,58014.03542916149
2024-11-13,6761,68591.52970403929
2024-11-13,6762,67885.23296668737
2024-11-13,6763,70668.44322169093
2024-11-13,6764,64462.05757989491
2024-11-13,6767,70871.91218602213
2024-11-13,6768,70230.30763082823
2024-11-13,6769,65261.9053113462
2024-11-13,6773,64842.667151803325
2024-11-13,6774,66315.82658820195
2024-11-13,6775,73938.14232161733
2024-11-13,6776,68047.2391171019
2024-11-13,6777,61273.816827213166
2024-11-13,6779,64670.48845950704
2024-11-13,6780,70403.15729496455
2024-11-13,6783,72741.95785339222
2024-11-13,6784,68775.94667016872
2024-11-13,6785,56546.78255344757
2024-11-13,6787,66456.16195741232
2024-11-13,6788,69215.8521394102
2024-11-13,6789,69607.47478990858
2024-11-13,6792,62619.72590561633
2024-11-13,6794,60697.9097386362
2024-11-13,6797,72287.01709263555
2024-11-13,6798,83726.07016638707
2024-11-13,6799,69270.78987481468
2024-11-13,6800,67403.8511529252
2024-11-13,6801,59398.18578929792
2024-11-13,6803,61279.58368827696
2024-11-13,6804,72128.68618605242
2024-11-13,6809,67463.82133463767
2024-11-13,6810,69039.9311632168
2024-11-13,6811,73023.85981163749
2024-11-13,6812,68369.44152180952
2024-11-13,6813,68521.00060863784
2024-11-13,6815,66715.80697949074
2024-11-13,6817,73278.45394752393
2024-11-13,6818,67618.67058904999
2024-11-13,6824,66937.54263570154
2024-11-13,6826,68141.50786563862
2024-11-13,6827,73621.30954772764
2024-11-13,6829,68769.80670397208
2024-11-13,6830,72541.3929739988
2024-11-13,6831,78563.72202516928
2024-11-13,6832,73311.06801648231
2024-11-13,6833,74143.1751538545
2024-11-13,6834,73979.61804735262
2024-11-13,6835,76038.33134530332
2024-11-13,6838,68454.19136171207
2024-11-13,6839,54373.25712126514
2024-11-13,6841,69759.83274537078
2024-11-13,6842,68521.24846963407
2024-11-13,6844,67829.84508960451
2024-11-13,6845,71895.33361616409
2024-11-13,6846,73708.60649443493
2024-11-13,6849,66675.80909666611
2024-11-13,6851,64152.953870068115
2024-11-13,6852,68376.08327835328
2024-11-13,6853,60394.44331406217
2024-11-13,6854,71763.20475530002
2024-11-13,6856,69403.34027797828
2024-11-13,6857,68245.74340533781
2024-11-13,6858,68332.52797063351
2024-11-13,6860,70677.27371328222
2024-11-13,6861,69101.26216272204
2024-11-13,6862,69806.95633576914
2024-11-13,6863,69954.68599306565
2024-11-13,6865,71408.30778686547
2024-11-13,6866,69916.76365499276
2024-11-13,6869,70036.42077058493
2024-11-13,6870,70445.56176027982
2024-11-13,6872,60669.9923278907
2024-11-13,6873,69590.58450300238
2024-11-13,6874,68443.23687457957
2024-11-13,6875,70839.09492283975
2024-11-13,6876,72516.29731811398
2024-11-13,6877,70726.39815405305
2024-11-13,6878,65040.949750857835
2024-11-13,6879,71300.31562678127
2024-11-13,6880,68479.9212749601
2024-11-13,6881,58907.535134753285
2024-11-13,6882,67571.1595246613
2024-11-13,6883,65142.768860272045
2024-11-13,6884,75222.9234861762
2024-11-13,6885,70790.23055487953
2024-11-13,6886,68464.83775366916
2024-11-13,6887,65331.965258655415
2024-11-13,6888,71885.16109599872
2024-11-13,6891,57714.92464401875
2024-11-13,6894,67284.48953545942
2024-11-13,6896,69784.81015552804
2024-11-13,6897,68858.577399188
2024-11-13,6898,70340.67516324743
2024-11-13,6899,73082.23895674784
2024-11-13,6900,69583.29463075106
2024-11-13,6903,78064.94336690861
2024-11-13,6904,61233.619074671435
2024-11-13,6905,62113.31305621069
2024-11-13,6906,69479.98694575964
2024-11-13,6909,71863.22370940131
2024-11-13,6911,70914.66254139383
2024-11-13,6918,72114.00209382451
2024-11-13,6919,70553.18204239711
2024-11-13,6921,72519.69833888629
2024-11-13,6922,72321.9360257577
2024-11-13,6923,70482.17436220983
2024-11-13,6924,70175.775149546
2024-11-13,6925,72983.05285497778
2024-11-13,6926,70941.30958753999
2024-11-13,6927,77643.13407652691
2024-11-13,6928,73928.50022944612
2024-11-13,6929,69724.73184194266
2024-11-13,6930,72765.43530805214
2024-11-13,6931,61541.66263931083
2024-11-13,6932,69629.59718912082
2024-11-13,6933,67488.17262032791
2024-11-13,6934,72674.33419381682
2024-11-13,6935,79517.61977914696
2024-11-13,6936,48801.06327651903
2024-11-13,6937,70792.50550292528
2024-11-13,6939,70715.62575794786
2024-11-13,6940,70262.79628263411
2024-11-13,6941,68397.41531651515
2024-11-13,6942,65996.51304010511
2024-11-13,6944,85657.73559285926
2024-11-13,6948,74466.52728113976
2024-11-13,6951,71257.90084484819
2024-11-13,6952,64294.23365262609
2024-11-13,6953,63818.85105929424
2024-11-13,6954,64182.49375994856
2024-11-13,6956,64056.3745769839
2024-11-13,6957,72299.48503720434
2024-11-13,6959,66377.87379200145
2024-11-13,6960,76590.01709502113
2024-11-13,6961,69268.35539969915
2024-11-13,6962,71820.88686326514
2024-11-13,6963,67857.25447326612
2024-11-13,6965,69029.70941612282
2024-11-13,6966,72383.36299764352
2024-11-13,6967,69127.33408221097
2024-11-13,6968,65864.13902108214
2024-11-13,6969,70673.90204525641
2024-11-13,6970,72490.01442820612
2024-11-13,6971,71773.44438512015
2024-11-13,6972,72736.44409699122
2024-11-13,6973,71840.29882074014
2024-11-13,6974,68705.74937842364
2024-11-13,6977,58492.34532043118
2024-11-13,6978,68650.46344537161
2024-11-13,6985,70533.25908729993
2024-11-13,6993,67492.19405217023
2024-11-13,6994,78277.33447572905
2024-11-13,6997,73715.64622313959
2024-11-13,6999,70072.11964591661
2024-11-13,7000,75554.46951610148
2024-11-13,7002,67453.81320298335
2024-11-13,7003,72959.68331181396
2024-11-13,7004,69120.72720733938
2024-11-13,7005,70981.80731123938
2024-11-13,7006,68918.29601048243
2024-11-13,7007,69099.06412182127
2024-11-13,7008,70455.75298884547
2024-11-13,7009,84019.03077134484
2024-11-13,7010,68414.66671358254
2024-11-13,7011,69538.51299482139
2024-11-13,7012,67362.74790031825
2024-11-13,7013,68606.12787221071
2024-11-13,7014,70577.05899060724
2024-11-13,7016,69473.91119106548
2024-11-13,7017,72186.3984331616
2024-11-13,7018,57075.81134672457
2024-11-13,7019,58982.30157119785
2024-11-13,7020,74090.04039407689
2024-11-13,7021,69913.10405341662
2024-11-13,7022,67532.48992389528
2024-11-13,7024,72384.83910317431
2024-11-13,7025,69928.83247909116
2024-11-13,7026,70506.97338786545
2024-11-13,7027,69895.18923176988
2024-11-13,7028,70711.29265190715
2024-11-13,7030,69736.29402764478
2024-11-13,7031,67182.56721833356
2024-11-13,7032,60024.05899240584
2024-11-13,7033,72330.81315852943
2024-11-13,7034,68624.1013789818
2024-11-13,7035,68731.31255985293
2024-11-13,7036,70468.64359347435
2024-11-13,7037,62711.300894371816
2024-11-13,7038,76237.61054504485
2024-11-13,7039,71022.4856752415
2024-11-13,7040,65117.97970462217
2024-11-13,7042,76251.48160878572
2024-11-13,7043,73251.3705152574
2024-11-13,7047,89902.01134320708
2024-11-13,7048,73397.57180409622
2024-11-13,7049,67038.75168058081
2024-11-13,7050,65572.42144828232
2024-11-13,7052,67893.86214526428
2024-11-13,7053,62527.03907190984
2024-11-13,7054,67543.77306554405
2024-11-13,7056,72693.95478974465
2024-11-13,7060,73712.5930896734
2024-11-13,7062,61376.94577010581
2024-11-13,7063,66040.6957670848
2024-11-13,7064,68025.29754230873
2024-11-13,7065,70387.1976423485
2024-11-13,7066,62507.94380790821
2024-11-13,7067,73744.68637606918
2024-11-13,7068,69397.20196852591
2024-11-13,7069,69778.50375919275
2024-11-13,7070,73270.61260904331
2024-11-13,7072,61945.21380334826
2024-11-13,7073,72736.40843982727
2024-11-13,7075,62989.55607161893
2024-11-13,7076,70229.13511410668
2024-11-13,7077,72052.71122547305
2024-11-13,7078,54415.22215021526
2024-11-13,7079,70604.28157281557
2024-11-13,7080,63050.16295547771
2024-11-13,7081,74238.1976061615
2024-11-13,7083,69769.65021611491
2024-11-13,7084,63656.19182363557
2024-11-13,7085,73308.48230024446
2024-11-13,7086,73760.56214286438
2024-11-13,7087,75573.58510926968
2024-11-13,7090,74837.77685075528
2024-11-13,7091,72390.00270449389
2024-11-13,7092,75723.18086162866
2024-11-13,7095,72705.1876872643
2024-11-13,7096,69413.3957233309
2024-11-13,7097,69979.91024190726
2024-11-13,7098,64149.324363173466
2024-11-13,7100,59480.21803946913
2024-11-13,7101,70715.65953185713
2024-11-13,7104,70788.76925715018
2024-11-13,7105,75288.9532837746
2024-11-13,7106,70976.3125547366
2024-11-13,7107,65523.58540494572
2024-11-13,7108,70588.83407184192
2024-11-13,7109,63757.421980658335
2024-11-13,7110,68779.7103392891
2024-11-13,7111,65084.94168698118
2024-11-13,7112,69836.43033797714
2024-11-13,7113,56716.814745433825
2024-11-13,7115,68145.0370312078
2024-11-13,7116,73846.70187296832
2024-11-13,7117,67693.46988343883
2024-11-13,7121,61919.82677989199
2024-11-13,7122,73744.30207909009
2024-11-13,7124,57008.5310744114
2024-11-13,7125,69946.25180700436
2024-11-13,7126,62644.64413964106
2024-11-13,7127,67824.8138846375
2024-11-13,7128,70974.4950020403
2024-11-13,7129,69321.52442359211
2024-11-13,7131,68205.3824973232
2024-11-13,7134,71390.27739463175
2024-11-13,7135,71565.02636520051
2024-11-13,7136,73286.37445357995
2024-11-13,7137,71115.3237362939
2024-11-13,7139,72912.87910677699
2024-11-13,7140,68237.64723870436
2024-11-13,7141,69231.09378851326
2024-11-13,7144,74518.67311568548
2024-11-13,7145,68037.52757886575
2024-11-13,7146,71440.3538070214
2024-11-13,7147,67782.73694459411
2024-11-13,7149,72208.19340781179
2024-11-13,7150,72291.7441553257
2024-11-13,7151,69130.5628804663
2024-11-13,7152,68570.15430187482
2024-11-13,7155,71718.68401563077
2024-11-13,7156,69859.51540794023
2024-11-13,7157,72768.88327409652
2024-11-13,7158,71642.27146848808
2024-11-13,7159,81188.44585728012
2024-11-13,7165,60360.874737906066
2024-11-13,7168,61833.71654000996
2024-11-13,7169,73018.10903946307
2024-11-13,7170,65296.17252858174
2024-11-13,7171,58084.86227348448
2024-11-13,7172,57656.48029631321
2024-11-13,7173,56717.97259641986
2024-11-13,7174,72335.68783512876
2024-11-13,7175,67900.42626548966
2024-11-13,7178,81655.81547643321
2024-11-13,7180,58060.05914322483
2024-11-13,7182,69733.14075618218
2024-11-13,7183,70958.3185838526
2024-11-13,7184,63927.00110011163
2024-11-13,7185,57906.109615640285
2024-11-13,7186,60880.66150634426
2024-11-13,7187,60562.05989869312
2024-11-13,7188,68895.18042930335
2024-11-13,7189,62861.66948608509
2024-11-13,7190,62341.90804979506
2024-11-13,7193,73602.91486808997
2024-11-13,7195,67766.46953636022
2024-11-13,7196,70290.03250584276
2024-11-13,7197,68548.84653356059
2024-11-13,7198,144289.61625627216
2024-11-13,7199,73509.2658263754
2024-11-13,7200,68947.79317319185
2024-11-13,7201,67819.89547322407
2024-11-13,7202,72686.33920187176
2024-11-13,7205,71247.2735020869
2024-11-13,7206,77682.00015951417
2024-11-13,7207,84298.90956959242
2024-11-13,7208,70448.77198601043
2024-11-13,7209,54673.067747760026
2024-11-13,7210,67950.91348542216
2024-11-13,7211,68406.82089150966
2024-11-13,7213,69614.48939475897
2024-11-13,7214,67388.76230473549
2024-11-13,7216,70176.22047637962
2024-11-13,7217,70116.1646573876
2024-11-13,7219,55996.25973378715
2024-11-13,7220,70095.14041673791
2024-11-13,7221,70315.04283696033
2024-11-13,7222,108174.69474356668
2024-11-13,7223,67757.87482145155
2024-11-13,7224,71970.69108256772
2024-11-13,7225,70463.76337778605
2024-11-13,7226,70208.06642245992
2024-11-13,7227,70874.72366092583
2024-11-13,7231,69538.85004696326
2024-11-13,7234,53945.524750300276
2024-11-13,7236,72740.86077323103
2024-11-13,7238,73260.78365222889
2024-11-13,7239,143790.03645758028
2024-11-13,7240,71105.310888233493
2024-11-13,7241,59893.00179657163
2024-11-13,7242,53297.68476924621
2024-11-13,7244,74922.81294277062
2024-11-13,7245,69504.93234031324
2024-11-13,7246,71198.35478921492
2024-11-13,7248,72663.50536700666
2024-11-13,7249,63037.91107081985
2024-11-13,7250,63223.160252894246
2024-11-13,7251,72250.86968552791
2024-11-13,7253,73940.58268599625
2024-11-13,7254,70945.61471069319
2024-11-13,7256,74669.92702881196
2024-11-13,7258,69487.5310636999
2024-11-13,7261,69547.01208756334
2024-11-13,7265,72975.7947992734
2024-11-13,7266,67179.60438867973
2024-11-13,7267,76773.3030550897
2024-11-13,7268,68253.53422576268
2024-11-13,7269,69851.83509296451
2024-11-13,7271,72747.14491989501
2024-11-13,7272,73461.33765400731
2024-11-13,7274,68285.17488114726
2024-11-13,7275,71250.5227645235
2024-11-13,7276,74687.77433805392
2024-11-13,7278,83503.44036745768
2024-11-13,7279,70175.41601131136
2024-11-13,7280,69000.64166349916
2024-11-13,7281,69506.25790434642
2024-11-13,7282,71918.90418726254
2024-11-13,7283,69001.37839608351
2024-11-13,7287,70193.84030401145
2024-11-13,7288,69172.09471589784
2024-11-13,7289,69114.92329410586
2024-11-13,7292,69732.72828987901
2024-11-13,7293,76367.20551373312
2024-11-13,7295,68346.57864285291
2024-11-13,7296,70001.58600075034
2024-11-13,6287,71026.961405096
2024-11-13,6249,70404.99384223735
2024-11-13,7290,66920.07048060518
2024-11-13,7284,70839.01784887098
2024-11-13,6782,59849.61202372161
2024-11-13,6549,71031.93904380844
2024-11-13,6491,0
2024-11-13,6448,0
2024-11-13,6892,69827.36570342771
2024-11-13,6591,0
2024-11-13,6949,0
2024-11-13,7212,0
2024-11-13,7218,0
2024-11-13,7273,0
2024-11-13,7192,56515.06703737278
2024-11-14,6039,68512.77936098806
2024-11-14,6054,67605.03634005316
2024-11-14,6082,70975.77849973932
2024-11-14,6088,70616.10417517905
2024-11-14,6092,73550.60821888794
2024-11-14,6094,73686.48505899518
2024-11-14,6101,78980.60821330031
2024-11-14,6167,71797.73033709593
2024-11-14,6213,69641.13484953568
2024-11-14,6225,65819.05905927673
2024-11-14,6239,69248.03058016965
2024-11-14,6245,71325.55576830334
2024-11-14,6246,69208.67432736648
2024-11-14,6248,63938.71888314612
2024-11-14,6251,62288.80570734076
2024-11-14,6254,71512.52394197081
2024-11-14,6266,74878.92217711618
2024-11-14,6268,70041.0905178055
2024-11-14,6304,68734.94010294431
2024-11-14,6307,68250.3780149595
2024-11-14,6317,70373.9441651946
2024-11-14,6320,73541.9851032873
2024-11-14,6323,73041.71744599358
2024-11-14,6324,64738.91542144082
2024-11-14,6327,69392.6269342326
2024-11-14,6329,68608.1052767054
2024-11-14,6330,62128.35138153251
2024-11-14,6332,69690.48106944816
2024-11-14,6333,72872.87691953321
2024-11-14,6334,73657.19820714391
2024-11-14,6335,66929.02913133222
2024-11-14,6336,72432.79046536532
2024-11-14,6338,64863.149125476186
2024-11-14,6345,72032.78533687654
2024-11-14,6349,59134.76239608853
2024-11-14,6350,68564.22258178823
2024-11-14,6351,68617.53324758085
2024-11-14,6352,74030.05131439262
2024-11-14,6357,68800.69396688217
2024-11-14,6358,75795.7451735347
2024-11-14,6360,68022.60375101193
2024-11-14,6363,76707.92760470888
2024-11-14,6364,71299.45090322562
2024-11-14,6366,68580.84011571188
2024-11-14,6367,67289.04722418467
2024-11-14,6368,68578.30586454364
2024-11-14,6370,68791.81731510513
2024-11-14,6372,67122.9555235453
2024-11-14,6373,73655.55760532005
2024-11-14,6374,70540.71291296926
2024-11-14,6379,73119.43668216772
2024-11-14,6380,52950.78566610275
2024-11-14,6382,72093.21300704809
2024-11-14,6384,69580.509753793
2024-11-14,6385,69061.28647121879
2024-11-14,6388,74951.18862920057
2024-11-14,6390,70269.10880599357
2024-11-14,6392,112567.2980755679
2024-11-14,6396,70200.35514062231
2024-11-14,6400,69486.5954849797
2024-11-14,6402,69944.72705044082
2024-11-14,6406,74408.26217908463
2024-11-14,6410,58913.70729407983
2024-11-14,6414,69074.7389310832
2024-11-14,6417,72338.34430618545
2024-11-14,6418,72240.35318685712
2024-11-14,6420,73055.71115092243
2024-11-14,6423,70158.54678271622
2024-11-14,6425,61574.81002449395
2024-11-14,6427,72637.52611569932
2024-11-14,6428,73978.09887508159
2024-11-14,6429,67164.18857732079
2024-11-14,6431,78007.93419388116
2024-11-14,6432,70970.27318284467
2024-11-14,6434,69978.28562700919
2024-11-14,6435,70681.89555140262
2024-11-14,6436,71172.132071273
2024-11-14,6438,68440.39956099428
2024-11-14,6439,70437.00792814432
2024-11-14,6445,70292.89335476127
2024-11-14,6447,69360.24485400197
2024-11-14,6450,69853.44766966232
2024-11-14,6451,70987.75459325114
2024-11-14,6453,73905.51575156709
2024-11-14,6454,75594.05138066539
2024-11-14,6455,67375.50014531825
2024-11-14,6475,71555.12559455726
2024-11-14,6476,68948.80915669793
2024-11-14,6477,73130.6929459698
2024-11-14,6485,50989.19571284446
2024-11-14,6487,70589.19037695635
2024-11-14,6488,69043.83785427245
2024-11-14,6492,78940.06045187685
2024-11-14,6494,68868.25294441373
2024-11-14,6496,69225.15503976395
2024-11-14,6498,69416.37330120178
2024-11-14,6503,65621.81040466062
2024-11-14,6504,65864.2784275035
2024-11-14,6505,71107.53986250825
2024-11-14,6506,73275.75054668947
2024-11-14,6507,69705.41549519065
2024-11-14,6509,70237.05971479286
2024-11-14,6510,72264.00473485068
2024-11-14,6511,69896.0346357803
2024-11-14,6512,70594.77826603163
2024-11-14,6515,72033.9718737296
2024-11-14,6516,72635.28999878753
2024-11-14,6517,73394.40925766903
2024-11-14,6518,71003.85677575426
2024-11-14,6519,69931.1848872389
2024-11-14,6520,70785.5592397747
2024-11-14,6522,67345.58454924803
2024-11-14,6523,70745.93285188075
2024-11-14,6525,71914.19137527744
2024-11-14,6526,64666.29506953825
2024-11-14,6531,67049.79317806469
2024-11-14,6533,70225.28694839841
2024-11-14,6534,70606.31371394853
2024-11-14,6538,57321.649126194374
2024-11-14,6540,70876.23268792973
2024-11-14,6541,69898.17496210923
2024-11-14,6544,68364.87800383141
2024-11-14,6545,65026.18614076368
2024-11-14,6547,67521.1545363426
2024-11-14,6548,68003.1519286202
2024-11-14,6553,51329.31402198135
2024-11-14,6558,69822.56038103819
2024-11-14,6559,68807.73586139691
2024-11-14,6561,69855.60533365767
2024-11-14,6562,73108.39660712541
2024-11-14,6563,70559.7953672861
2024-11-14,6567,70408.60226896711
2024-11-14,6568,71084.8859520689
2024-11-14,6569,63188.88178335021
2024-11-14,6571,70572.63456982042
2024-11-14,6576,69085.16997581314
2024-11-14,6580,67963.04274987358
2024-11-14,6581,69229.14791869019
2024-11-14,6582,68023.43637594733
2024-11-14,6583,65152.715536663534
2024-11-14,6585,76243.92769699825
2024-11-14,6588,74616.32638135336
2024-11-14,6594,70553.64480528783
2024-11-14,6597,74527.12030533336
2024-11-14,6598,75939.35281660108
2024-11-14,6599,74815.04467462742
2024-11-14,6600,69319.90051147879
2024-11-14,6603,68667.1062149823
2024-11-14,6604,73707.95397195908
2024-11-14,6607,73043.95176821103
2024-11-14,6609,71752.48878770924
2024-11-14,6616,78796.4924639461
2024-11-14,6618,70373.44410708427
2024-11-14,6619,68993.87909163177
2024-11-14,6624,55730.2583882853
2024-11-14,6626,70284.72884574185
2024-11-14,6629,73235.90495015857
2024-11-14,6630,70432.61885728134
2024-11-14,6632,70991.9168303118
2024-11-14,6633,53420.26679083489
2024-11-14,6634,69301.26315082418
2024-11-14,6635,69803.82133382607
2024-11-14,6636,72819.38065777006
2024-11-14,6637,54768.49684613785
2024-11-14,6639,66189.0145669134
2024-11-14,6641,65732.23100701743
2024-11-14,6642,68943.32032373903
2024-11-14,6647,69864.95404363102
2024-11-14,6648,70812.96476019763
2024-11-14,6649,75968.18617196336
2024-11-14,6655,70481.61034518492
2024-11-14,6658,59803.58236610856
2024-11-14,6659,56104.10270139323
2024-11-14,6661,70207.64592171431
2024-11-14,6662,69532.62011705185
2024-11-14,6663,71069.9301600893
2024-11-14,6664,77148.56174089594
2024-11-14,6666,73675.20160168715
2024-11-14,6668,74271.38590727022
2024-11-14,6670,73467.090776148
2024-11-14,6676,70917.00814203567
2024-11-14,6679,70626.05727261888
2024-11-14,6680,66759.72103731075
2024-11-14,6681,71271.58166637842
2024-11-14,6686,70226.2148388878
2024-11-14,6687,74059.19992623445
2024-11-14,6689,71786.17046101595
2024-11-14,6692,74710.7142399034
2024-11-14,6693,69099.3745756523
2024-11-14,6695,72792.54170137811
2024-11-14,6714,70262.48504297124
2024-11-14,6715,69292.09998831812
2024-11-14,6717,74033.42161570609
2024-11-14,6719,67042.76933525651
2024-11-14,6722,63004.08846973571
2024-11-14,6723,53112.10984240215
2024-11-14,6724,66185.08184939109
2024-11-14,6725,71121.96553945959
2024-11-14,6726,70759.52779389062
2024-11-14,6727,66595.76094895756
2024-11-14,6730,56721.07930394695
2024-11-14,6731,71676.53108958097
2024-11-14,6733,61864.14533048912
2024-11-14,6736,72400.93447823678
2024-11-14,6740,59639.37584251523
2024-11-14,6741,69453.86429500445
2024-11-14,6745,57202.27970217412
2024-11-14,6746,55651.74801523213
2024-11-14,6747,57109.98894605915
2024-11-14,6752,60785.77223978176
2024-11-14,6754,57269.15660979828
2024-11-14,6755,53556.4121309616
2024-11-14,6756,59385.37487059062
2024-11-14,6757,54075.573658477275
2024-11-14,6758,53263.50500800984
2024-11-14,6761,69197.16661726718
2024-11-14,6762,68396.80031216257
2024-11-14,6767,70848.27511119677
2024-11-14,6769,65008.19146163721
2024-11-14,6774,66051.25010508506
2024-11-14,6776,71522.23504164514
2024-11-14,6777,61734.136005144006
2024-11-14,6779,63885.78745410921
2024-11-14,6784,68801.55828789655
2024-11-14,6788,68912.65884958985
2024-11-14,6789,69797.14436504953
2024-11-14,6792,62789.95942080485
2024-11-14,6794,60589.658446887246
2024-11-14,6799,70388.00281496711
2024-11-14,6800,68053.56869695883
2024-11-14,6801,58963.79204376336
2024-11-14,6803,60457.54414052297
2024-11-14,6804,71428.90412292401
2024-11-14,6809,67982.1382428612
2024-11-14,6811,73084.46860237494
2024-11-14,6812,67681.23494256873
2024-11-14,6813,69655.62566310613
2024-11-14,6818,67968.54533562342
2024-11-14,6824,67050.76883470523
2024-11-14,6826,68355.13461356483
2024-11-14,6827,73402.36923157127
2024-11-14,6829,68801.89145812066
2024-11-14,6830,72961.20263597861
2024-11-14,6831,79090.45468348826
2024-11-14,6832,73654.86086798164
2024-11-14,6833,74628.55940382693
2024-11-14,6834,73974.59435240948
2024-11-14,6835,75444.877766073565
2024-11-14,6838,68508.7803739863
2024-11-14,6839,55943.00237557604
2024-11-14,6841,70048.43917831265
2024-11-14,6842,69847.31762889675
2024-11-14,6845,72151.30821928389
2024-11-14,6846,73744.36591226944
2024-11-14,6849,61670.02947854571
2024-11-14,6852,68198.4170001125
2024-11-14,6853,60354.911611511634
2024-11-14,6854,72192.81206202786
2024-11-14,6857,68261.50772820557
2024-11-14,6858,68404.294759954
2024-11-14,6865,71265.104824025
2024-11-14,6866,69878.8881266601
2024-11-14,6869,70528.10289050137
2024-11-14,6870,70746.39964968503
2024-11-14,6872,60586.73609110476
2024-11-14,6873,69414.81052368533
2024-11-14,6874,68036.48580060039
2024-11-14,6875,64673.66411880552
2024-11-14,6876,72912.79983327509
2024-11-14,6877,71423.92218838737
2024-11-14,6880,68416.21879125082
2024-11-14,6882,69807.73869336482
2024-11-14,6883,66437.07150129201
2024-11-14,6884,75124.27174994428
2024-11-14,6885,71206.91716305238
2024-11-14,6888,71924.65204855705
2024-11-14,6891,64717.43855558563
2024-11-14,6894,67697.03831366546
2024-11-14,6897,69328.02658036163
2024-11-14,6898,70460.02002137614
2024-11-14,6900,69580.83945531052
2024-11-14,6903,78051.81132145095
2024-11-14,6904,60965.23587861858
2024-11-14,6905,61502.03164104924
2024-11-14,6911,71574.39458123581
2024-11-14,6918,72162.72192123916
2024-11-14,6919,70775.97595401254
2024-11-14,6921,72331.47184261648
2024-11-14,6923,70127.0773305792
2024-11-14,6924,70555.92963340243
2024-11-14,6926,72945.51507215649
2024-11-14,6927,77732.12828950328
2024-11-14,6928,73758.38393422529
2024-11-14,6931,59767.70709982252
2024-11-14,6932,68982.09586350548
2024-11-14,6933,65488.36024840611
2024-11-14,6935,73843.77743572899
2024-11-14,6936,48646.47908607731
2024-11-14,6939,70887.63453979208
2024-11-14,6940,70356.06280303703
2024-11-14,6941,67861.03720926821
2024-11-14,6942,66033.91966721503
2024-11-14,6944,85761.68062517648
2024-11-14,6948,74663.81860855201
2024-11-14,6951,69387.01695073745
2024-11-14,6952,63033.15887052901
2024-11-14,6953,61751.61407116661
2024-11-14,6954,63559.34668914044
2024-11-14,6956,64227.000284841706
2024-11-14,6957,71986.2715486059
2024-11-14,6959,66685.07337101882
2024-11-14,6960,76601.8590338075
2024-11-14,6961,69184.82458851446
2024-11-14,6963,67626.92594743836
2024-11-14,6965,68945.28514030112
2024-11-14,6966,72478.63928676725
2024-11-14,6967,69379.90113302639
2024-11-14,6970,72093.21991856316
2024-11-14,6971,71404.54229953847
2024-11-14,6973,69637.90590901568
2024-11-14,6978,75371.66870709175
2024-11-14,6985,71723.75339905979
2024-11-14,6993,67295.42864756049
2024-11-14,6994,74165.23570677574
2024-11-14,6999,70361.2133151485
2024-11-14,7000,75359.26444519266
2024-11-14,7002,67566.54336305302
2024-11-14,7003,73319.90245148295
2024-11-14,7006,68921.3408732316
2024-11-14,7007,69086.60408890525
2024-11-14,7008,70691.29397955495
2024-11-14,7009,83617.2093810367
2024-11-14,7010,69247.37292988958
2024-11-14,7011,69687.9056903417
2024-11-14,7012,67006.28090749141
2024-11-14,7014,71354.73366728639
2024-11-14,7016,70627.05620229385
2024-11-14,7017,72247.72686689894
2024-11-14,7019,60172.36010366581
2024-11-14,7021,70363.95864171634
2024-11-14,7022,67971.12753768676
2024-11-14,7025,70186.07257992393
2024-11-14,7027,69780.09504277038
2024-11-14,7028,70630.08817521638
2024-11-14,7034,68887.22907582158
2024-11-14,7035,69245.4159809095
2024-11-14,7036,70507.35596233704
2024-11-14,7037,62323.79492039172
2024-11-14,7039,71284.65744978863
2024-11-14,7040,65808.1817247644
2024-11-14,7043,71190.45366750925
2024-11-14,7047,91679.31862789512
2024-11-14,7048,73638.20201202008
2024-11-14,7049,67522.26547442157
2024-11-14,7050,65665.01368642892
2024-11-14,7052,67830.30306939934
2024-11-14,7053,62582.05828177415
2024-11-14,7054,68512.48897720479
2024-11-14,7060,73839.06592586932
2024-11-14,7063,62423.8622320046
2024-11-14,7064,68085.33861737182
2024-11-14,7065,69321.13540974299
2024-11-14,7066,63400.76764030507
2024-11-14,7067,74455.28563306917
2024-11-14,7068,69405.06516391483
2024-11-14,7069,69792.70681336423
2024-11-14,7070,73278.00835982327
2024-11-14,7072,61625.47935747883
2024-11-14,7073,72625.70886697997
2024-11-14,7075,64313.216669816386
2024-11-14,7076,70335.26577386202
2024-11-14,7078,54977.83128614726
2024-11-14,7079,70684.88770910406
2024-11-14,7080,64118.78593441816
2024-11-14,7081,73500.09623926863
2024-11-14,7083,69614.65468586981
2024-11-14,7085,73204.87058334636
2024-11-14,7086,73682.71880359632
2024-11-14,7087,73128.54687970094
2024-11-14,7090,74892.76806558791
2024-11-14,7091,72157.31894939435
2024-11-14,7095,72685.81450628993
2024-11-14,7096,69651.53219376506
2024-11-14,7100,59810.14430357037
2024-11-14,7101,71463.50012699289
2024-11-14,7105,77807.16371808828
2024-11-14,7107,65788.42510012056
2024-11-14,7110,69529.71489411434
2024-11-14,7113,56211.80914022576
2024-11-14,7116,75077.02755813714
2024-11-14,7117,67825.21365479889
2024-11-14,7121,62018.70700761802
2024-11-14,7125,69875.7103913157
2024-11-14,7126,62804.76851729683
2024-11-14,7129,68910.53927457998
2024-11-14,7131,68388.65780746893
2024-11-14,7134,72234.12340523218
2024-11-14,7135,71681.41739843124
2024-11-14,7137,71049.29574359056
2024-11-14,7139,71838.29353577217
2024-11-14,7144,74303.39512686654
2024-11-14,7145,68059.39672959714
2024-11-14,7146,72559.44167593814
2024-11-14,7147,67809.45674305697
2024-11-14,7149,72333.35403780719
2024-11-14,7150,70880.02597375747
2024-11-14,7151,69833.1165636055
2024-11-14,7152,69521.14511974898
2024-11-14,7155,71472.16539983038
2024-11-14,7156,69204.21066879522
2024-11-14,7157,70788.41295829677
2024-11-14,7168,61383.32894214522
2024-11-14,7170,65282.93894780329
2024-11-14,7171,59237.19279895865
2024-11-14,7172,58634.555305924325
2024-11-14,7173,56747.94269250788
2024-11-14,7175,67913.53955374061
2024-11-14,7180,57915.64997551584
2024-11-14,7182,69155.2148077146
2024-11-14,7183,69959.34253167795
2024-11-14,7184,63287.89035176863
2024-11-14,7185,58067.57194112849
2024-11-14,7186,61651.79266460914
2024-11-14,7188,68846.43860309484
2024-11-14,7190,62764.99350320078
2024-11-14,7193,73264.42103020023
2024-11-14,7195,68530.03572157012
2024-11-14,7196,70455.91390464835
2024-11-14,7197,68871.12975373308
2024-11-14,7198,114034.92437637472
2024-11-14,7199,73267.70781403441
2024-11-14,7200,68603.77148291981
2024-11-14,7201,67428.68387950743
2024-11-14,7202,72947.69116803285
2024-11-14,7205,71171.24633013282
2024-11-14,7206,78686.30180080222
2024-11-14,7207,79147.69621464716
2024-11-14,7208,70526.68038220074
2024-11-14,7209,54942.86865848899
2024-11-14,7210,69108.26298483311
2024-11-14,7213,70013.31489905449
2024-11-14,7214,68033.74870475984
2024-11-14,7217,69286.5047345427
2024-11-14,7220,70108.00574892912
2024-11-14,7221,69666.06826432256
2024-11-14,7223,67720.18120622524
2024-11-14,7224,71948.6895122869
2024-11-14,7225,70031.94546782032
2024-11-14,7226,69530.05201100482
2024-11-14,7234,52670.077647375176
2024-11-14,7236,72957.70216361209
2024-11-14,7239,147332.2912833473
2024-11-14,7240,71085.61501080765
2024-11-14,7241,59955.49479094145
2024-11-14,7242,54437.58076413073
2024-11-14,7244,74881.99267794094
2024-11-14,7246,71048.4329276852
2024-11-14,7248,72129.97849632491
2024-11-14,7249,62979.7892311824
2024-11-14,7250,63901.98506178448
2024-11-14,7251,71048.05230136185
2024-11-14,7253,73466.95474530336
2024-11-14,7254,70921.78702428842
2024-11-14,7256,74900.07398252613
2024-11-14,7258,69324.8272480014
2024-11-14,7261,69594.50013688995
2024-11-14,7265,72870.5592601552
2024-11-14,7266,67438.35500186325
2024-11-14,7268,68376.34020356086
2024-11-14,7269,72418.93269282962
2024-11-14,7271,73142.10646026745
2024-11-14,7272,73523.26112006257
2024-11-14,7275,71304.09119528784
2024-11-14,7278,77560.23681776093
2024-11-14,7279,71042.52707107112
2024-11-14,7280,69146.84848803081
2024-11-14,7281,70372.82892397615
2024-11-14,7282,72164.17520685683
2024-11-14,7283,68617.40369330523
2024-11-14,7287,70143.94228006084
2024-11-14,7288,69163.47005033738
2024-11-14,7289,73222.6748408339
2024-11-14,7292,70298.70960160709
2024-11-14,7293,76349.09047122707
2024-11-14,7295,68046.72826452836
2024-11-14,6287,70563.73192544341
2024-11-14,6249,70346.40137474165
2024-11-14,6025,73434.9837466891
2024-11-14,6043,71920.65938002674
2024-11-14,6072,70892.02624858891
2024-11-14,6087,70888.62266139653
2024-11-14,6232,77145.77601169002
2024-11-14,6250,69399.03948983914
2024-11-14,6267,69473.57933776232
2024-11-14,6272,71296.37042214785
2024-11-14,6297,68593.09790774866
2024-11-14,6298,61129.1494993843
2024-11-14,6313,70318.78274424188
2024-11-14,6316,69109.00959214305
2024-11-14,6318,68591.23736131565
2024-11-14,6325,68861.34602791513
2024-11-14,6326,66401.18586852608
2024-11-14,6328,72067.3602000536
2024-11-14,6331,66046.2886208247
2024-11-14,6346,67942.34297664596
2024-11-14,6348,68608.9872881546
2024-11-14,6387,69739.12719861958
2024-11-14,6389,71138.96338660664
2024-11-14,6393,71016.98395343815
2024-11-14,6395,71587.31933325043
2024-11-14,6398,85240.26172675968
2024-11-14,6407,65804.27589069963
2024-11-14,6408,77632.5411894682
2024-11-14,6411,64259.21062854414
2024-11-14,6413,70943.79240222162
2024-11-14,6424,67623.11216145483
2024-11-14,6426,68075.3849289523
2024-11-14,6441,70356.40650820365
2024-11-14,6443,74031.541062776
2024-11-14,6446,73574.84770964975
2024-11-14,6456,71540.69885811518
2024-11-14,6480,74721.50401033058
2024-11-14,6482,72510.0729021532
2024-11-14,6490,70583.80049712631
2024-11-14,6493,67406.40046353232
2024-11-14,6501,71626.23810705368
2024-11-14,6514,70017.25835733008
2024-11-14,6524,72310.63343263454
2024-11-14,6535,67796.3924435031
2024-11-14,6536,56972.61906521225
2024-11-14,6546,70146.09216299458
2024-11-14,6550,69100.87861131741
2024-11-14,6552,71810.55920670582
2024-11-14,6554,51748.08811977392
2024-11-14,6564,73608.76503101959
2024-11-14,6565,73860.70511633494
2024-11-14,6574,70745.52200389856
2024-11-14,6575,56745.35220917698
2024-11-14,6577,69459.22291258942
2024-11-14,6586,68163.8753139851
2024-11-14,6590,73991.99326882782
2024-11-14,6601,70936.25342075786
2024-11-14,6602,58651.550464083666
2024-11-14,6623,66612.21727345677
2024-11-14,6631,66563.202157696
2024-11-14,6643,73839.69670800204
2024-11-14,6644,70512.01640698471
2024-11-14,6660,72675.76739343576
2024-11-14,6669,68978.79847781375
2024-11-14,6674,71908.41571937579
2024-11-14,6675,72053.71813910567
2024-11-14,6683,69578.81160944984
2024-11-14,6696,69224.1753205296
2024-11-14,6716,71077.63131255229
2024-11-14,6718,61438.27072513964
2024-11-14,6728,70209.54792623075
2024-11-14,6734,64173.21095325933
2024-11-14,6737,72938.7990687722
2024-11-14,6749,62780.2762447468
2024-11-14,6750,69691.70721290857
2024-11-14,6751,66793.63359130058
2024-11-14,6753,55199.49110324615
2024-11-14,6759,57507.41731962293
2024-11-14,6763,70621.1448847715
2024-11-14,6764,64587.81638257824
2024-11-14,6768,70630.7867652663
2024-11-14,6773,64324.86345662609
2024-11-14,6775,73949.9752729019
2024-11-14,6783,73455.47107516535
2024-11-14,6785,57186.6270352265
2024-11-14,6787,67521.72677256611
2024-11-14,6797,72353.39968236844
2024-11-14,6798,83228.10754659773
2024-11-14,6810,69429.03087862779
2024-11-14,6815,67031.99913773271
2024-11-14,6817,73735.91730951123
2024-11-14,6844,68299.40117183427
2024-11-14,6851,63676.71800301504
2024-11-14,6856,70117.69404431834
2024-11-14,6860,70322.93769107421
2024-11-14,6861,70349.98622406798
2024-11-14,6863,70060.40798691082
2024-11-14,6878,65077.17719851341
2024-11-14,6879,71526.41793835282
2024-11-14,6881,58839.044803385535
2024-11-14,6886,69882.47128357193
2024-11-14,6887,65159.92194159527
2024-11-14,6896,69902.41529673131
2024-11-14,6899,72558.67621055989
2024-11-14,6906,73217.2986056263
2024-11-14,6909,72053.09296491223
2024-11-14,6922,71977.10374444381
2024-11-14,6925,73069.11167345033
2024-11-14,6929,69690.27448240196
2024-11-14,6930,73002.45807201673
2024-11-14,6937,71234.27148634505
2024-11-14,6962,74297.86935960407
2024-11-14,6968,66452.51264565843
2024-11-14,6969,70413.10917843557
2024-11-14,6972,72834.78796422941
2024-11-14,6974,64804.691970106986
2024-11-14,6977,59178.78994137781
2024-11-14,6997,73207.61674273443
2024-11-14,7004,69206.05576098655
2024-11-14,7005,71055.11202852552
2024-11-14,7013,67548.14875284373
2024-11-14,7018,57278.84448742114
2024-11-14,7020,73413.36503787762
2024-11-14,7024,72249.87968522139
2024-11-14,7026,70905.65844371686
2024-11-14,7030,67766.46992304038
2024-11-14,7031,67483.61287401384
2024-11-14,7032,60265.841872238576
2024-11-14,7033,72214.7111385812
2024-11-14,7038,75485.78255586374
2024-11-14,7042,76475.99979581227
2024-11-14,7056,72372.32509085517
2024-11-14,7062,60940.33077149899
2024-11-14,7077,69131.19859921571
2024-11-14,7084,63865.90445221824
2024-11-14,7092,75677.27067129877
2024-11-14,7097,70793.64672291226
2024-11-14,7098,64152.03216606937
2024-11-14,7104,70781.96306740561
2024-11-14,7106,71160.288079049
2024-11-14,7108,70606.19239621484
2024-11-14,7109,63401.64762824949
2024-11-14,7111,67329.32341628341
2024-11-14,7112,70058.74797271864
2024-11-14,7115,68622.36411226673
2024-11-14,7122,74123.36702663373
2024-11-14,7124,56418.06502707389
2024-11-14,7127,68205.71691777864
2024-11-14,7136,73230.59588947285
2024-11-14,7140,68626.46048882429
2024-11-14,7141,69533.19585876558
2024-11-14,7158,70143.93389834421
2024-11-14,7159,81439.29698708208
2024-11-14,7165,60376.267660891994
2024-11-14,7169,72646.18073537845
2024-11-14,7174,72403.69921499942
2024-11-14,7178,80768.586354678
2024-11-14,7187,60092.97651499464
2024-11-14,7189,62689.02416404251
2024-11-14,7211,69049.23723358529
2024-11-14,7216,69510.01374306751
2024-11-14,7219,55874.69936701273
2024-11-14,7222,104470.47358529449
2024-11-14,7227,71144.86630228527
2024-11-14,7231,69663.66733528592
2024-11-14,7238,72846.69656635412
2024-11-14,7245,69524.87359643984
2024-11-14,7267,76833.43686274708
2024-11-14,7274,67489.20836835049
2024-11-14,7276,74478.32379641446
2024-11-14,7284,70750.29905774104
2024-11-14,7290,67702.5695965894
2024-11-14,7296,68401.31469120107
2024-11-14,6291,60762.54638562786
2024-11-14,6862,69661.68344467989
2024-11-14,6934,72556.93943954543
2024-11-14,6437,77347.73756292138
2024-11-14,6452,75645.19797756018
2024-11-14,6782,61269.13734992381
2024-11-14,6549,70517.09601520887
2024-11-14,6448,0
2024-11-14,6491,0
2024-11-14,6892,69716.68380100383
2024-11-14,6591,0
2024-11-14,6949,0
2024-11-14,7212,0
2024-11-14,7218,0
2024-11-14,7273,0
2024-11-14,7192,57273.310706872915
2024-11-15,6025,72783.4756565177
2024-11-15,6039,68068.42596250949
2024-11-15,6043,72354.54053016787
2024-11-15,6054,67354.76052017455
2024-11-15,6072,70550.22468907505
2024-11-15,6087,71611.2282839848
2024-11-15,6088,70814.54767634276
2024-11-15,6092,72642.31164137209
2024-11-15,6094,73635.0960705484
2024-11-15,6213,69368.45089996033
2024-11-15,6225,65800.80372060703
2024-11-15,6232,76823.73651620785
2024-11-15,6239,69152.84356124357
2024-11-15,6245,70933.60421890227
2024-11-15,6251,61949.42543027947
2024-11-15,6266,74861.51837970564
2024-11-15,6267,69525.27963641412
2024-11-15,6272,71073.29029063716
2024-11-15,6291,60946.07362504545
2024-11-15,6297,69395.62075391215
2024-11-15,6298,61417.71858292856
2024-11-15,6307,68631.26126884986
2024-11-15,6313,70428.14501339344
2024-11-15,6316,69641.75081253919
2024-11-15,6323,73273.39515190962
2024-11-15,6325,69661.7377899739
2024-11-15,6327,70550.93959924742
2024-11-15,6329,68744.38914705651
2024-11-15,6331,66136.70995375466
2024-11-15,6332,70328.89698617664
2024-11-15,6333,72902.65652798081
2024-11-15,6334,73593.03510858088
2024-11-15,6335,67311.6350013349
2024-11-15,6338,64822.99062549443
2024-11-15,6345,72219.81900466814
2024-11-15,6346,68161.4564645703
2024-11-15,6357,69570.91074508298
2024-11-15,6358,77736.42508021239
2024-11-15,6360,68891.52757239742
2024-11-15,6363,77013.13019492602
2024-11-15,6364,71472.45598050271
2024-11-15,6366,67937.59205948324
2024-11-15,6367,67639.01077352968
2024-11-15,6368,68580.8620388396
2024-11-15,6370,68100.08887316627
2024-11-15,6384,70774.9285112712
2024-11-15,6385,68866.5989475376
2024-11-15,6387,68708.74972159891
2024-11-15,6390,70315.18069522653
2024-11-15,6392,102688.91312886406
2024-11-15,6393,70887.64937422144
2024-11-15,6396,70714.48148739577
2024-11-15,6398,83156.99245544443
2024-11-15,6400,69681.59941027786
2024-11-15,6402,70045.33068600233
2024-11-15,6406,73898.59415953516
2024-11-15,6407,65408.09953910465
2024-11-15,6410,59344.00377166018
2024-11-15,6411,64250.938348705575
2024-11-15,6413,70688.60478491541
2024-11-15,6414,69144.43455414691
2024-11-15,6418,70516.32589125051
2024-11-15,6423,70376.12288097627
2024-11-15,6424,69716.19565610317
2024-11-15,6425,61380.71436266564
2024-11-15,6426,67754.94620198545
2024-11-15,6427,72554.2232550119
2024-11-15,6428,71747.4103885474
2024-11-15,6429,67400.10898390273
2024-11-15,6431,77133.5922159727
2024-11-15,6432,71013.73874092993
2024-11-15,6434,70326.73720240121
2024-11-15,6435,71457.11822903414
2024-11-15,6436,70012.1638419661
2024-11-15,6438,68709.38200427691
2024-11-15,6439,70820.90826746073
2024-11-15,6441,71653.07783514133
2024-11-15,6443,74119.94310433685
2024-11-15,6445,70461.79605493027
2024-11-15,6446,73759.0134402863
2024-11-15,6450,70264.77459048627
2024-11-15,6454,75783.42939211927
2024-11-15,6455,67462.04201039887
2024-11-15,6456,71359.79279056747
2024-11-15,6475,71333.73108862423
2024-11-15,6476,68893.12404112225
2024-11-15,6480,74536.57056962278
2024-11-15,6482,72793.87338029956
2024-11-15,6487,70069.3268561779
2024-11-15,6490,70501.85109252152
2024-11-15,6492,78451.52432076668
2024-11-15,6493,66176.37178347245
2024-11-15,6494,68807.05603461294
2024-11-15,6498,69019.22009355169
2024-11-15,6501,72194.3970370237
2024-11-15,6505,71900.11494295171
2024-11-15,6506,73315.88304588954
2024-11-15,6507,69425.27071023619
2024-11-15,6509,70743.78491963824
2024-11-15,6515,72102.7528324694
2024-11-15,6516,72817.30674850993
2024-11-15,6517,71207.81115193768
2024-11-15,6518,71202.18927585357
2024-11-15,6519,69942.23518361432
2024-11-15,6520,70852.17415243712
2024-11-15,6522,67418.49087946041
2024-11-15,6525,72061.38955700868
2024-11-15,6526,64640.78905558044
2024-11-15,6531,67539.5705861126
2024-11-15,6533,70313.93635382084
2024-11-15,6534,70529.27469065503
2024-11-15,6535,68538.96365357545
2024-11-15,6536,57190.38888554306
2024-11-15,6538,58370.575977607106
2024-11-15,6541,69905.25869238174
2024-11-15,6544,68474.17111973553
2024-11-15,6545,65034.75525029645
2024-11-15,6546,69977.50619579363
2024-11-15,6547,69056.05222144212
2024-11-15,6548,67952.2097125953
2024-11-15,6550,69189.93105864487
2024-11-15,6552,71684.11902577963
2024-11-15,6553,51566.67557414172
2024-11-15,6554,49846.405458174304
2024-11-15,6558,70040.48293440003
2024-11-15,6561,69778.74158966649
2024-11-15,6562,73179.6236512875
2024-11-15,6563,70608.93521642317
2024-11-15,6564,73772.46347601469
2024-11-15,6565,72251.28410691538
2024-11-15,6567,70271.84898798021
2024-11-15,6568,70875.01961923538
2024-11-15,6569,66420.24076032631
2024-11-15,6571,70658.33641492024
2024-11-15,6575,54601.7146378494
2024-11-15,6577,69940.6232662718
2024-11-15,6580,68659.17876262896
2024-11-15,6582,69661.54677589389
2024-11-15,6586,68474.23233840654
2024-11-15,6588,74727.60771274353
2024-11-15,6594,70181.63683122185
2024-11-15,6598,75605.27101098343
2024-11-15,6602,57011.52766525941
2024-11-15,6607,73292.43646431148
2024-11-15,6609,72168.02271602275
2024-11-15,6618,70299.05609401513
2024-11-15,6619,69411.62845396691
2024-11-15,6624,56591.81477382282
2024-11-15,6631,66169.17999915348
2024-11-15,6632,70990.50290446055
2024-11-15,6634,68861.39830547902
2024-11-15,6635,71634.27668881303
2024-11-15,6636,67600.21456306874
2024-11-15,6637,54985.55239591148
2024-11-15,6639,65811.0528020603
2024-11-15,6641,66678.01040902268
2024-11-15,6643,73865.74165809048
2024-11-15,6644,71015.33812936328
2024-11-15,6647,70723.7177543275
2024-11-15,6648,71521.07593467316
2024-11-15,6649,73855.06996427217
2024-11-15,6658,59659.69511419213
2024-11-15,6659,56104.146575562765
2024-11-15,6660,72639.77809697404
2024-11-15,6661,70312.32428311216
2024-11-15,6662,69432.35582998245
2024-11-15,6663,71886.98920821515
2024-11-15,6664,78050.89159367624
2024-11-15,6666,73936.82579427015
2024-11-15,6668,75229.87904221404
2024-11-15,6670,73243.73058293926
2024-11-15,6675,72204.88500214177
2024-11-15,6679,70737.78009829276
2024-11-15,6681,71894.77544853122
2024-11-15,6686,70900.0294501602
2024-11-15,6689,71776.25162270071
2024-11-15,6692,73213.89880839633
2024-11-15,6695,72736.78104669708
2024-11-15,6696,69593.55941228697
2024-11-15,6714,70320.00326258976
2024-11-15,6715,69246.03282375982
2024-11-15,6716,71122.60637451964
2024-11-15,6723,55750.101080489985
2024-11-15,6725,71339.46124781837
2024-11-15,6726,71119.83830547472
2024-11-15,6727,64807.857117375876
2024-11-15,6728,70670.10311562952
2024-11-15,6731,71679.42012369275
2024-11-15,6733,62241.318098718
2024-11-15,6734,64270.64927782952
2024-11-15,6736,73036.20783693626
2024-11-15,6741,69479.72753951895
2024-11-15,6745,57218.76845822742
2024-11-15,6747,57975.383232460525
2024-11-15,6749,61265.87370930713
2024-11-15,6750,69666.67700704756
2024-11-15,6751,66759.56141627378
2024-11-15,6752,59353.997746085035
2024-11-15,6754,56885.057701569975
2024-11-15,6756,59283.87223440837
2024-11-15,6757,54095.123532134705
2024-11-15,6758,54092.80705535361
2024-11-15,6762,68518.53710251053
2024-11-15,6767,71296.39610017104
2024-11-15,6768,70512.26928368186
2024-11-15,6769,64319.93689811751
2024-11-15,6773,64788.8440809776
2024-11-15,6774,66217.26131042259
2024-11-15,6775,73952.26824909363
2024-11-15,6776,71085.2299252
2024-11-15,6779,64814.94953770413
2024-11-15,6784,69045.32252764465
2024-11-15,6785,55520.17975318735
2024-11-15,6787,67464.54737515947
2024-11-15,6788,69307.0931712406
2024-11-15,6792,64210.53460491751
2024-11-15,6794,60417.81512233716
2024-11-15,6797,72406.78617190389
2024-11-15,6799,70379.33108372572
2024-11-15,6800,68123.13358854031
2024-11-15,6801,58846.45089833355
2024-11-15,6803,61388.00228115781
2024-11-15,6804,72248.29529225847
2024-11-15,6809,69144.89430284403
2024-11-15,6810,69045.12644700611
2024-11-15,6811,71076.37048150021
2024-11-15,6812,68317.64336568136
2024-11-15,6813,69764.28900281736
2024-11-15,6818,68049.3982533501
2024-11-15,6824,67032.01492200884
2024-11-15,6826,67407.02325572688
2024-11-15,6827,73678.92095524751
2024-11-15,6829,68908.33383615712
2024-11-15,6830,72929.38217972778
2024-11-15,6831,78629.08091444739
2024-11-15,6832,72803.5037668349
2024-11-15,6833,74037.03275820882
2024-11-15,6834,74480.48224394332
2024-11-15,6835,75093.73809790288
2024-11-15,6838,68528.00288117793
2024-11-15,6839,55117.54059757809
2024-11-15,6841,70059.29205491772
2024-11-15,6844,68139.03950329771
2024-11-15,6846,73813.47107042272
2024-11-15,6849,65198.16804090542
2024-11-15,6851,64323.20278351491
2024-11-15,6852,68042.50188483261
2024-11-15,6853,60569.57757370865
2024-11-15,6856,70246.88830113738
2024-11-15,6857,68369.11130988877
2024-11-15,6858,68605.38550174581
2024-11-15,6860,70095.66825124649
2024-11-15,6861,70511.60903551179
2024-11-15,6869,69934.0546640313
2024-11-15,6870,70465.03040784597
2024-11-15,6873,69346.32351531842
2024-11-15,6874,68253.90701260864
2024-11-15,6875,67628.96216594044
2024-11-15,6876,72819.67588381066
2024-11-15,6877,70984.70523224627
2024-11-15,6878,65252.32799923854
2024-11-15,6880,68845.30748103428
2024-11-15,6881,59312.98687031652
2024-11-15,6882,69232.42229725538
2024-11-15,6883,66833.77324450813
2024-11-15,6885,70738.69034234826
2024-11-15,6886,69825.22674696591
2024-11-15,6888,71774.25616704607
2024-11-15,6891,57061.62001808075
2024-11-15,6894,68218.74596488419
2024-11-15,6896,70181.87225424452
2024-11-15,6897,69857.08789883021
2024-11-15,6898,70098.98582089889
2024-11-15,6900,69640.42256987371
2024-11-15,6904,61814.25220130214
2024-11-15,6905,61087.708995038345
2024-11-15,6906,73119.39475739276
2024-11-15,6909,68154.51468447199
2024-11-15,6911,71760.99081204429
2024-11-15,6921,72581.41725634849
2024-11-15,6922,72398.17006959111
2024-11-15,6923,70249.26330138507
2024-11-15,6925,72844.3160558757
2024-11-15,6927,77655.0022590376
2024-11-15,6928,72130.38075347977
2024-11-15,6930,72810.42054573425
2024-11-15,6931,60363.133538757815
2024-11-15,6932,69777.79964526134
2024-11-15,6933,65627.44807373788
2024-11-15,6935,76292.22776382782
2024-11-15,6936,50005.65814405357
2024-11-15,6940,70484.94156857778
2024-11-15,6941,68489.90724451111
2024-11-15,6942,65766.03339095603
2024-11-15,6944,86683.12388927837
2024-11-15,6951,69642.80177242181
2024-11-15,6952,64688.61133194278
2024-11-15,6953,63386.54468935396
2024-11-15,6954,64167.61593435284
2024-11-15,6960,76655.15363950976
2024-11-15,6961,72792.42325249224
2024-11-15,6963,67830.50531400093
2024-11-15,6965,69141.8589496504
2024-11-15,6966,69078.29889940948
2024-11-15,6969,70484.6344454257
2024-11-15,6970,71601.09475821305
2024-11-15,6971,72045.35189368868
2024-11-15,6972,71592.91730184374
2024-11-15,6973,68537.28850435257
2024-11-15,6974,67426.64605313401
2024-11-15,6977,58569.36859051011
2024-11-15,6978,68730.06612615385
2024-11-15,6994,78283.1932892746
2024-11-15,6997,73715.44816212461
2024-11-15,7002,67343.2201901302
2024-11-15,7004,69132.6431582646
2024-11-15,7006,69042.2477117263
2024-11-15,7007,68960.83856759533
2024-11-15,7010,68983.93940672076
2024-11-15,7011,68525.65104045483
2024-11-15,7014,70657.18506974385
2024-11-15,7016,70959.22480443372
2024-11-15,7017,72497.11451184365
2024-11-15,7018,57417.5631110488
2024-11-15,7020,74606.68235858271
2024-11-15,7021,70668.20604252521
2024-11-15,7022,68367.09602125977
2024-11-15,7024,71705.12538474872
2024-11-15,7025,70229.58115162604
2024-11-15,7026,71145.44474246385
2024-11-15,7027,71234.42368631523
2024-11-15,7028,71295.54274580955
2024-11-15,7030,70022.82995554917
2024-11-15,7031,68085.36951799126
2024-11-15,7032,60240.39215789108
2024-11-15,7035,69161.40129571475
2024-11-15,7036,70754.76527381684
2024-11-15,7039,69793.659740746225
2024-11-15,7042,76461.44907017805
2024-11-15,7047,92830.40750087007
2024-11-15,7049,67031.39015855937
2024-11-15,7053,62772.36722256782
2024-11-15,7054,68419.95497074611
2024-11-15,7062,61860.11783290041
2024-11-15,7063,63671.48194841377
2024-11-15,7064,68165.53599306464
2024-11-15,7066,63336.7330130611
2024-11-15,7067,74224.39888952511
2024-11-15,7068,69497.75354042464
2024-11-15,7069,68804.62017912036
2024-11-15,7072,61933.984790523304
2024-11-15,7073,73092.09109205137
2024-11-15,7075,64400.00142336673
2024-11-15,7076,70451.6725213376
2024-11-15,7078,57550.65544302224
2024-11-15,7079,71086.76504905082
2024-11-15,7080,63864.06095660767
2024-11-15,7081,74267.78788277903
2024-11-15,7083,69620.5858652621
2024-11-15,7084,63661.53494310847
2024-11-15,7086,75984.96387139034
2024-11-15,7087,73213.79099880804
2024-11-15,7090,74785.01708103006
2024-11-15,7091,72281.074711994
2024-11-15,7095,72641.47018912698
2024-11-15,7096,69327.95436883107
2024-11-15,7097,70757.74481231281
2024-11-15,7098,64096.12974029172
2024-11-15,7101,71515.63121950935
2024-11-15,7104,71110.80037235176
2024-11-15,7105,75784.16317987794
2024-11-15,7106,71175.63918754827
2024-11-15,7107,65785.65057966535
2024-11-15,7109,64059.48365071224
2024-11-15,7110,70211.65044755778
2024-11-15,7111,65499.66571179755
2024-11-15,7112,70186.37181643766
2024-11-15,7113,56052.79924500491
2024-11-15,7115,68158.19363000065
2024-11-15,7116,72702.00645646894
2024-11-15,7117,67855.36501001331
2024-11-15,7122,74369.36701526096
2024-11-15,7124,56586.115496405015
2024-11-15,7125,70028.75747419219
2024-11-15,7126,62361.74849945902
2024-11-15,7127,68870.1431965166
2024-11-15,7134,72012.63771001245
2024-11-15,7136,75105.77917354836
2024-11-15,7137,71216.89091059791
2024-11-15,7139,72435.39316844194
2024-11-15,7140,68529.60937626426
2024-11-15,7141,70358.99336907407
2024-11-15,7144,74862.3113412692
2024-11-15,7146,72911.84364865968
2024-11-15,7147,66852.908723239
2024-11-15,7149,72802.76147841121
2024-11-15,7150,72128.8363809625
2024-11-15,7151,69803.77196601649
2024-11-15,7152,69458.54276535116
2024-11-15,7156,70321.75349189773
2024-11-15,7157,70892.31486778158
2024-11-15,7158,71222.50865896701
2024-11-15,7165,60490.81513068038
2024-11-15,7169,72762.6398710748
2024-11-15,7170,65398.76784547363
2024-11-15,7171,59263.66698147383
2024-11-15,7173,57358.907965413346
2024-11-15,7174,73631.93774575944
2024-11-15,7175,67834.51298128907
2024-11-15,7178,82449.3455454944
2024-11-15,7180,57354.49540571619
2024-11-15,7182,70126.93333266371
2024-11-15,7183,70405.09090423716
2024-11-15,7184,64048.08872713232
2024-11-15,7185,58036.62686706174
2024-11-15,7186,60580.09698949152
2024-11-15,7187,60490.52810414367
2024-11-15,7189,63496.48103264993
2024-11-15,7190,62422.34498420077
2024-11-15,7193,72940.11929848659
2024-11-15,7195,71177.69953574748
2024-11-15,7196,70804.28736553587
2024-11-15,7198,126684.65229190838
2024-11-15,7200,69157.8433905673
2024-11-15,7201,68020.7629072315
2024-11-15,7202,73451.44216483922
2024-11-15,7205,71120.57395112318
2024-11-15,7206,75565.78273292561
2024-11-15,7207,82305.60132571396
2024-11-15,7208,70444.03107072425
2024-11-15,7209,56705.69111272327
2024-11-15,7210,68624.30885533377
2024-11-15,7216,70844.04616527713
2024-11-15,7217,69688.62236324548
2024-11-15,7222,113844.16068618048
2024-11-15,7223,67873.65114168653
2024-11-15,7225,69891.89499520457
2024-11-15,7226,70240.80682269676
2024-11-15,7227,70839.05787925363
2024-11-15,7231,69593.25564798136
2024-11-15,7234,55219.42547017088
2024-11-15,7238,72822.95408507566
2024-11-15,7239,144492.65681092764
2024-11-15,7244,74826.12706568191
2024-11-15,7245,69658.71511370686
2024-11-15,7246,71215.72933347896
2024-11-15,7248,72642.21505019894
2024-11-15,7249,63440.58132084949
2024-11-15,7250,63637.621972623754
2024-11-15,7251,71643.61665703995
2024-11-15,7258,69687.5550354497
2024-11-15,7266,67648.52520035506
2024-11-15,7267,77187.9202657616
2024-11-15,7268,68490.51468664245
2024-11-15,7272,73054.21025519971
2024-11-15,7274,67473.69701637275
2024-11-15,7278,83602.02913363591
2024-11-15,7280,69087.97875457391
2024-11-15,7283,69958.63193887696
2024-11-15,7284,70626.38104473618
2024-11-15,7287,70269.87066677642
2024-11-15,7288,69505.9915904995
2024-11-15,7289,74525.36363875665
2024-11-15,7290,67615.3789396748
2024-11-15,7292,69422.1379621257
2024-11-15,7293,75994.36311434643
2024-11-15,7295,68936.71962061018
2024-11-15,6287,70375.98541217152
2024-11-15,6249,70411.4141184709
2024-11-15,6082,71122.92534845271
2024-11-15,6101,78117.3762213635
2024-11-15,6248,64180.660310954096
2024-11-15,6250,69353.65873718314
2024-11-15,6254,71823.41520172599
2024-11-15,6268,70070.56303798062
2024-11-15,6304,69807.61664449242
2024-11-15,6317,70209.09051678488
2024-11-15,6318,68458.66583552017
2024-11-15,6320,72955.88466426975
2024-11-15,6324,65051.2824881954
2024-11-15,6326,68643.93248865336
2024-11-15,6328,71930.17738974023
2024-11-15,6330,62241.49902898222
2024-11-15,6336,72797.93548404769
2024-11-15,6348,68632.36447791674
2024-11-15,6349,59411.621074160554
2024-11-15,6350,69324.18917289459
2024-11-15,6351,70053.80517776549
2024-11-15,6352,74282.35428368584
2024-11-15,6372,67786.6815586289
2024-11-15,6373,73387.93095157089
2024-11-15,6374,70651.06901480006
2024-11-15,6379,70601.41721403606
2024-11-15,6380,54005.10378981945
2024-11-15,6382,73067.21791242527
2024-11-15,6388,72931.09654854616
2024-11-15,6389,69581.02256148153
2024-11-15,6395,71623.64489673133
2024-11-15,6408,76868.91023304364
2024-11-15,6417,72482.91848626992
2024-11-15,6420,71676.989524562945
2024-11-15,6447,68971.62430061311
2024-11-15,6451,71992.8841862016
2024-11-15,6453,71712.97887351843
2024-11-15,6477,72911.9152783833
2024-11-15,6485,50864.22454924012
2024-11-15,6488,68305.88699149057
2024-11-15,6496,69620.60954771203
2024-11-15,6503,63284.04569172657
2024-11-15,6504,67053.37409408212
2024-11-15,6510,73753.64951315394
2024-11-15,6511,70126.02709306282
2024-11-15,6512,70488.0441019884
2024-11-15,6514,70165.76626233576
2024-11-15,6523,70945.0789662967
2024-11-15,6524,66133.73266442746
2024-11-15,6540,70934.20299106899
2024-11-15,6559,69472.23244350121
2024-11-15,6574,68454.27503878967
2024-11-15,6576,68861.23378441489
2024-11-15,6581,69142.63587697754
2024-11-15,6583,64275.85233754006
2024-11-15,6585,66741.92402264632
2024-11-15,6590,73623.8988084477
2024-11-15,6597,72859.74978791238
2024-11-15,6599,74632.979049997
2024-11-15,6600,70825.37538076285
2024-11-15,6601,71294.84249076054
2024-11-15,6603,68609.14298829295
2024-11-15,6604,74990.85492368281
2024-11-15,6616,78295.86248948638
2024-11-15,6623,66563.21908512538
2024-11-15,6626,70342.5595653881
2024-11-15,6629,73540.52783613885
2024-11-15,6630,70380.94444074927
2024-11-15,6633,52997.126084546115
2024-11-15,6642,68825.58335681484
2024-11-15,6655,69348.08880210227
2024-11-15,6669,69309.41222652076
2024-11-15,6674,71021.29367949128
2024-11-15,6676,70496.60868506634
2024-11-15,6680,67046.10519479206
2024-11-15,6683,69515.7480317625
2024-11-15,6687,74026.30304566547
2024-11-15,6693,69797.56148530063
2024-11-15,6717,74980.66533827792
2024-11-15,6718,61339.004663496875
2024-11-15,6719,66621.191673954
2024-11-15,6722,63189.18150098996
2024-11-15,6724,66137.20098901383
2024-11-15,6730,57634.88579469771
2024-11-15,6737,73022.73625746128
2024-11-15,6740,59761.2361970987
2024-11-15,6746,55693.75982386554
2024-11-15,6753,55048.406738123056
2024-11-15,6755,56317.99540321632
2024-11-15,6759,59715.16527317386
2024-11-15,6761,69287.72435740335
2024-11-15,6763,70733.69988540412
2024-11-15,6764,64183.901090492254
2024-11-15,6777,62714.82758652153
2024-11-15,6783,70533.11995116078
2024-11-15,6789,69703.37463109335
2024-11-15,6798,84571.55890915499
2024-11-15,6815,67077.82794220591
2024-11-15,6817,73822.91874590835
2024-11-15,6842,70021.51032522398
2024-11-15,6845,72035.2706319821
2024-11-15,6854,71902.11129931992
2024-11-15,6862,69937.16787207831
2024-11-15,6863,70101.15001046476
2024-11-15,6865,71375.17500418614
2024-11-15,6866,70105.89837340105
2024-11-15,6872,60748.53219506944
2024-11-15,6879,71413.5882398429
2024-11-15,6884,75003.35630781976
2024-11-15,6887,65337.52344194508
2024-11-15,6899,72446.44120494505
2024-11-15,6903,77874.58900526406
2024-11-15,6918,72352.75806379155
2024-11-15,6919,70636.35643261319
2024-11-15,6924,69022.04853386081
2024-11-15,6926,73899.93928302934
2024-11-15,6929,69817.93689963005
2024-11-15,6937,70911.19729284747
2024-11-15,6939,71218.78389949919
2024-11-15,6948,75056.87400813938
2024-11-15,6956,65269.74871320871
2024-11-15,6957,71121.66957855596
2024-11-15,6959,66686.73250597731
2024-11-15,6962,73414.7951798128
2024-11-15,6967,69531.93781789936
2024-11-15,6968,67110.72932730269
2024-11-15,6985,71890.41504009248
2024-11-15,6993,66619.8435716119
2024-11-15,6999,70389.47730150918
2024-11-15,7000,75666.10691821284
2024-11-15,7003,72918.32067005179
2024-11-15,7005,70933.21045834135
2024-11-15,7008,70898.07330947465
2024-11-15,7009,82800.56696609296
2024-11-15,7012,67637.24762304865
2024-11-15,7013,68872.71590206576
2024-11-15,7019,58810.69256774688
2024-11-15,7033,72546.55528860976
2024-11-15,7034,68778.16910681818
2024-11-15,7037,63667.846004480256
2024-11-15,7038,75005.43412155221
2024-11-15,7040,65844.57047654725
2024-11-15,7043,72533.45498768694
2024-11-15,7048,73543.52439102122
2024-11-15,7050,65533.42148394813
2024-11-15,7052,67843.60926379162
2024-11-15,7056,72775.09979018499
2024-11-15,7060,73782.43517609895
2024-11-15,7065,69047.56672072932
2024-11-15,7070,73352.29026122777
2024-11-15,7077,71692.49548337702
2024-11-15,7085,73671.26381114252
2024-11-15,7092,75528.67437900628
2024-11-15,7100,59469.55127744538
2024-11-15,7108,70494.88687513774
2024-11-15,7131,68668.31195579677
2024-11-15,7135,71802.87749736194
2024-11-15,7145,71446.28970228332
2024-11-15,7155,71976.47082672668
2024-11-15,7159,76616.99158417998
2024-11-15,7168,61700.54738480536
2024-11-15,7172,58893.10646276857
2024-11-15,7188,68993.34138961803
2024-11-15,7197,68920.7743676862
2024-11-15,7199,72510.99094546077
2024-11-15,7211,68434.55141975786
2024-11-15,7213,70170.07727737931
2024-11-15,7214,67998.31609094747
2024-11-15,7219,55654.17305087815
2024-11-15,7220,70160.3831638279
2024-11-15,7221,66605.29176187381
2024-11-15,7224,71109.52258973311
2024-11-15,7236,72818.98019793809
2024-11-15,7240,71175.12215355739
2024-11-15,7241,58077.2955144362
2024-11-15,7242,54238.19376743374
2024-11-15,7253,72587.92686457536
2024-11-15,7254,71159.60782683772
2024-11-15,7256,75022.82174704708
2024-11-15,7261,69505.46521676469
2024-11-15,7265,70313.71984736735
2024-11-15,7269,66595.62201252504
2024-11-15,7271,73100.46518992094
2024-11-15,7275,71450.24609497943
2024-11-15,7276,74660.80968774093
2024-11-15,7279,70333.09590259314
2024-11-15,7281,71255.43595357952
2024-11-15,7282,72165.45675217618
2024-11-15,7296,70025.74447590696
2024-11-15,6508,68750.50091423726
2024-11-15,6437,77227.74961567741
2024-11-15,6452,75765.54856246122
2024-11-15,6934,72526.17381161933
2024-11-15,6782,59365.14020780803
2024-11-15,6549,68716.64623425534
2024-11-15,6892,69826.83593434878
2024-11-15,6448,0
2024-11-15,6491,0
2024-11-15,6591,0
2024-11-15,6949,0
2024-11-15,7212,0
2024-11-15,7273,0
2024-11-15,7218,0
2024-11-15,7192,56562.750758244314
2024-11-16,6039,67719.34428665983
2024-11-16,6082,70919.00311049029
2024-11-16,6087,71764.4964375866
2024-11-16,6088,70651.75399143642
2024-11-16,6094,74144.58118135482
2024-11-16,6101,78603.3394392672
2024-11-16,6213,69494.37191124876
2024-11-16,6225,65759.96944159112
2024-11-16,6239,69437.79618872433
2024-11-16,6245,70834.39538273546
2024-11-16,6248,64953.18617941396
2024-11-16,6251,62210.514724559274
2024-11-16,6254,70908.95415177508
2024-11-16,6267,69673.34221737766
2024-11-16,6272,70516.4340137016
2024-11-16,6291,64002.225302378574
2024-11-16,6304,70653.19283767712
2024-11-16,6307,68134.26221352162
2024-11-16,6313,70570.8252890276
2024-11-16,6316,70590.01366859066
2024-11-16,6317,70470.48532307024
2024-11-16,6323,72706.14935269018
2024-11-16,6324,65106.93220929923
2024-11-16,6325,69598.14757190504
2024-11-16,6326,65804.92774325426
2024-11-16,6327,70500.22676223634
2024-11-16,6328,72594.52570701785
2024-11-16,6329,68686.96776778689
2024-11-16,6331,65909.19285060522
2024-11-16,6332,69900.87476620104
2024-11-16,6333,73623.37450005139
2024-11-16,6334,73894.74030938568
2024-11-16,6335,67512.28426843726
2024-11-16,6338,67321.73834875876
2024-11-16,6346,68039.75051626585
2024-11-16,6348,68118.80476310974
2024-11-16,6349,59491.198651076025
2024-11-16,6350,69616.30242108897
2024-11-16,6351,70596.4638428391
2024-11-16,6352,73636.42159803529
2024-11-16,6357,69476.15917093698
2024-11-16,6358,77400.64301165758
2024-11-16,6360,67886.48309275936
2024-11-16,6363,77329.80999639124
2024-11-16,6364,70747.54211079814
2024-11-16,6368,68160.7119233072
2024-11-16,6370,66288.68952829817
2024-11-16,6372,67727.73590390096
2024-11-16,6373,73536.34718797488
2024-11-16,6379,71648.66278576036
2024-11-16,6380,54701.35377541043
2024-11-16,6384,71974.08996988698
2024-11-16,6385,68865.73048311564
2024-11-16,6387,68734.42683242484
2024-11-16,6388,73526.3935897082
2024-11-16,6389,70764.69237212092
2024-11-16,6390,70471.84703002207
2024-11-16,6392,92889.39733424722
2024-11-16,6393,70779.19777614283
2024-11-16,6395,72068.91619723641
2024-11-16,6396,70558.3763996134
2024-11-16,6398,84577.20849036484
2024-11-16,6402,69961.79905177298
2024-11-16,6407,65264.75719502841
2024-11-16,6408,77611.92888183816
2024-11-16,6410,50256.906915880834
2024-11-16,6411,63295.7617710687
2024-11-16,6417,72421.07695342932
2024-11-16,6418,72133.9277184709
2024-11-16,6420,71273.31783079577
2024-11-16,6424,70838.36543562115
2024-11-16,6425,61831.92448269008
2024-11-16,6426,68441.25049997716
2024-11-16,6427,72693.17579691824
2024-11-16,6428,73357.45838514723
2024-11-16,6429,67063.31669306637
2024-11-16,6434,70570.65796932425
2024-11-16,6436,69986.26159522781
2024-11-16,6439,70312.64947251031
2024-11-16,6441,73021.34785126866
2024-11-16,6443,74024.41765654704
2024-11-16,6445,70364.34938336957
2024-11-16,6446,73492.27408784031
2024-11-16,6454,75638.14067256406
2024-11-16,6455,65884.25880281995
2024-11-16,6456,71505.57154915675
2024-11-16,6475,71177.3685723465
2024-11-16,6476,68799.63654395638
2024-11-16,6488,66496.7823729377
2024-11-16,6490,70363.39504859645
2024-11-16,6492,78894.3346859957
2024-11-16,6493,66762.04876883619
2024-11-16,6496,68889.55833803308
2024-11-16,6498,69107.92249128035
2024-11-16,6501,71956.6455984743
2024-11-16,6503,64550.800103695125
2024-11-16,6504,67776.81549841628
2024-11-16,6505,71789.85098898351
2024-11-16,6507,69442.52114783021
2024-11-16,6509,71354.28130774101
2024-11-16,6510,73433.49701382061
2024-11-16,6512,70569.39463606541
2024-11-16,6515,72753.66026336991
2024-11-16,6517,73380.9555300141
2024-11-16,6518,71133.31931261564
2024-11-16,6519,69785.65606977342
2024-11-16,6520,70863.2470653519
2024-11-16,6522,67508.76838991168
2024-11-16,6523,70873.70178498748
2024-11-16,6526,66272.64244064676
2024-11-16,6533,70381.07729824808
2024-11-16,6534,69822.39334188959
2024-11-16,6535,69048.82372293845
2024-11-16,6536,58148.11221628896
2024-11-16,6538,58206.16278050468
2024-11-16,6541,69972.09117207771
2024-11-16,6544,68621.82871492348
2024-11-16,6545,65804.91096000483
2024-11-16,6546,70015.50929425807
2024-11-16,6547,69078.94365524336
2024-11-16,6548,68118.08624243904
2024-11-16,6550,68927.51100084427
2024-11-16,6552,71585.80911443035
2024-11-16,6553,51330.578537715395
2024-11-16,6554,51732.93995454075
2024-11-16,6558,69618.62625734555
2024-11-16,6559,70202.41708672837
2024-11-16,6561,69537.89548495533
2024-11-16,6562,73139.94994312905
2024-11-16,6563,70898.13620760314
2024-11-16,6564,74101.1931488083
2024-11-16,6567,70597.25541933383
2024-11-16,6568,70455.74000222448
2024-11-16,6569,65037.11479708232
2024-11-16,6576,68872.96057755552
2024-11-16,6577,69966.1113972876
2024-11-16,6580,67439.9042390229
2024-11-16,6581,69251.90998214173
2024-11-16,6583,65363.32461514045
2024-11-16,6585,74937.61022735065
2024-11-16,6586,68523.34669102832
2024-11-16,6588,74758.71380853606
2024-11-16,6594,69476.87170514716
2024-11-16,6597,73895.4721027911
2024-11-16,6598,76770.52262533584
2024-11-16,6601,70900.05341731524
2024-11-16,6602,57310.06919962909
2024-11-16,6603,68110.3514467067
2024-11-16,6604,75134.34802836057
2024-11-16,6607,72797.2241070156
2024-11-16,6609,72289.81401287598
2024-11-16,6616,79253.21587676443
2024-11-16,6618,70627.73634050583
2024-11-16,6624,56727.218247312856
2024-11-16,6629,73435.66762403799
2024-11-16,6630,70141.13146888636
2024-11-16,6631,64111.03605464948
2024-11-16,6632,70710.72853061547
2024-11-16,6633,53087.897819166115
2024-11-16,6634,68785.82219259848
2024-11-16,6635,71075.68541448507
2024-11-16,6636,72650.56223471953
2024-11-16,6637,55055.86224711999
2024-11-16,6639,60290.96229681113
2024-11-16,6641,66380.10059572094
2024-11-16,6643,72870.80322511212
2024-11-16,6644,70843.60371531975
2024-11-16,6647,70706.63770407118
2024-11-16,6655,69177.93867539935
2024-11-16,6659,56163.32258034119
2024-11-16,6661,69761.00206154812
2024-11-16,6663,71890.836011649
2024-11-16,6664,77938.73883674447
2024-11-16,6666,74058.5899002058
2024-11-16,6669,69133.05788589633
2024-11-16,6670,73567.70338518421
2024-11-16,6674,71143.40372380434
2024-11-16,6675,72171.5001141284
2024-11-16,6676,71199.03669246803
2024-11-16,6679,70883.16714045033
2024-11-16,6680,66814.63557553056
2024-11-16,6681,72123.88535043052
2024-11-16,6686,70758.80464566077
2024-11-16,6687,74309.69718309128
2024-11-16,6692,73788.11052278316
2024-11-16,6695,72872.88918864401
2024-11-16,6696,69596.00679414537
2024-11-16,6714,70928.29161524815
2024-11-16,6715,69272.6555775609
2024-11-16,6716,71108.06098650122
2024-11-16,6717,74891.90444756392
2024-11-16,6718,61649.98460929446
2024-11-16,6719,66448.51175859974
2024-11-16,6722,65232.906590633575
2024-11-16,6723,54713.62112296239
2024-11-16,6727,67562.7414223504
2024-11-16,6728,72053.42206336009
2024-11-16,6731,71413.34185657553
2024-11-16,6734,64290.097086884045
2024-11-16,6736,74798.73059202699
2024-11-16,6737,72853.7221363624
2024-11-16,6740,58649.21369195879
2024-11-16,6741,69933.1696371017
2024-11-16,6745,56577.91221325833
2024-11-16,6746,57922.916163991154
2024-11-16,6747,57632.051443276534
2024-11-16,6749,61081.30160846377
2024-11-16,6752,60928.98277451464
2024-11-16,6753,54844.64074800539
2024-11-16,6754,57862.323768071765
2024-11-16,6755,55422.95263302916
2024-11-16,6756,59066.216888455994
2024-11-16,6758,53421.46967440316
2024-11-16,6759,59247.03146280917
2024-11-16,6762,68413.39693195163
2024-11-16,6763,71602.95450638614
2024-11-16,6764,64706.45730367599
2024-11-16,6767,70591.18242483745
2024-11-16,6768,70444.73534743137
2024-11-16,6774,65700.34283807833
2024-11-16,6775,74315.35840460015
2024-11-16,6779,64687.548099470674
2024-11-16,6784,69101.55108322854
2024-11-16,6787,67480.09248295026
2024-11-16,6792,61261.11587469276
2024-11-16,6794,60390.829505629226
2024-11-16,6799,69351.66480136858
2024-11-16,6801,59230.90619586119
2024-11-16,6803,61694.864918653584
2024-11-16,6804,72115.52094887332
2024-11-16,6809,68353.87898400455
2024-11-16,6810,69602.97545665428
2024-11-16,6811,71859.44944752527
2024-11-16,6813,69986.64618782897
2024-11-16,6815,67196.7573483903
2024-11-16,6817,73842.86390611589
2024-11-16,6818,67812.24961816783
2024-11-16,6826,67814.64324243632
2024-11-16,6829,68945.33577615202
2024-11-16,6831,78944.65490311921
2024-11-16,6832,72984.99495042552
2024-11-16,6833,73832.82224723311
2024-11-16,6834,74563.58092912327
2024-11-16,6835,75306.1008938807
2024-11-16,6838,68611.5200595153
2024-11-16,6839,55230.60680096056
2024-11-16,6842,68550.09217954933
2024-11-16,6844,67966.00511899655
2024-11-16,6845,72021.74700997237
2024-11-16,6846,73582.75215062663
2024-11-16,6849,65486.90371757035
2024-11-16,6851,65088.829256038014
2024-11-16,6852,67905.67663603509
2024-11-16,6858,68414.77983947648
2024-11-16,6860,70402.2742499835
2024-11-16,6862,69965.90449966754
2024-11-16,6863,70066.04257730662
2024-11-16,6865,71109.73540883187
2024-11-16,6869,70353.1638994818
2024-11-16,6870,70556.19146780344
2024-11-16,6873,69613.35696861603
2024-11-16,6875,70768.31619235661
2024-11-16,6877,70323.98027877373
2024-11-16,6878,65589.17324050133
2024-11-16,6880,68857.10072179066
2024-11-16,6882,70564.93326298044
2024-11-16,6883,67610.45549196107
2024-11-16,6884,75203.45566811388
2024-11-16,6885,71072.11588121035
2024-11-16,6887,65872.14095637818
2024-11-16,6891,61783.47478554818
2024-11-16,6894,67327.03185129321
2024-11-16,6896,70027.68313474333
2024-11-16,6897,69294.66172754839
2024-11-16,6898,69720.08570671594
2024-11-16,6899,73368.84666965912
2024-11-16,6900,69570.5234768947
2024-11-16,6903,77453.832548138
2024-11-16,6904,61986.92986683463
2024-11-16,6905,61007.09885641088
2024-11-16,6909,70002.31439419552
2024-11-16,6911,71738.64977663069
2024-11-16,6919,70607.5850799479
2024-11-16,6921,73743.38463096962
2024-11-16,6923,70169.56388392091
2024-11-16,6924,70457.23469895225
2024-11-16,6926,74619.75731349614
2024-11-16,6927,74440.87356579879
2024-11-16,6928,74084.07154425992
2024-11-16,6929,69903.50336535297
2024-11-16,6930,72638.53346729168
2024-11-16,6931,58789.18563555676
2024-11-16,6932,70079.2173825725
2024-11-16,6933,65325.788207895275
2024-11-16,6935,77497.84927756779
2024-11-16,6936,50823.379720286306
2024-11-16,6939,71876.44257532225
2024-11-16,6941,68295.00490972512
2024-11-16,6944,87579.8763390946
2024-11-16,6948,75115.9171617482
2024-11-16,6952,64549.73606975912
2024-11-16,6953,63011.123721571945
2024-11-16,6956,65594.28892314165
2024-11-16,6959,67119.44537899674
2024-11-16,6961,73202.79956622119
2024-11-16,6962,73806.72786821047
2024-11-16,6963,67621.65458848706
2024-11-16,6965,68628.73017832873
2024-11-16,6966,71026.32811098262
2024-11-16,6967,69509.87337268391
2024-11-16,6968,65960.46741637615
2024-11-16,6969,70220.48832434442
2024-11-16,6972,72039.34576977424
2024-11-16,6974,64223.637636713946
2024-11-16,6977,51242.4095815514
2024-11-16,6978,68259.84693567481
2024-11-16,6985,71685.52127628394
2024-11-16,6993,67216.97538265875
2024-11-16,6994,79170.18003535217
2024-11-16,6997,73952.27938638734
2024-11-16,6999,70373.55009488747
2024-11-16,7004,69167.14590962784
2024-11-16,7005,70648.15323719117
2024-11-16,7006,69085.94524159322
2024-11-16,7007,69064.81281108005
2024-11-16,7008,70276.05885891778
2024-11-16,7010,70067.5583045814
2024-11-16,7012,67541.68440965508
2024-11-16,7013,68409.28164142503
2024-11-16,7016,70815.9752401703
2024-11-16,7017,72593.33414464712
2024-11-16,7019,59571.436324396054
2024-11-16,7021,70601.1701130955
2024-11-16,7022,68455.02767683002
2024-11-16,7024,71856.26979375782
2024-11-16,7026,70940.62803026328
2024-11-16,7027,70770.24538103613
2024-11-16,7028,70425.32677017145
2024-11-16,7030,69147.51923716345
2024-11-16,7031,67621.28542579705
2024-11-16,7032,59761.90124809988
2024-11-16,7033,70024.54300865038
2024-11-16,7034,68514.47720445602
2024-11-16,7035,68491.43070483362
2024-11-16,7036,70724.90476999602
2024-11-16,7037,64396.48856766419
2024-11-16,7039,69224.59582057351
2024-11-16,7040,65273.33943678684
2024-11-16,7042,76399.70930356816
2024-11-16,7043,71965.50160761873
2024-11-16,7047,90856.27828398676
2024-11-16,7048,73603.53194168114
2024-11-16,7050,65247.77339091983
2024-11-16,7052,68827.4518574308
2024-11-16,7056,72925.6645951983
2024-11-16,7062,60619.985390556576
2024-11-16,7064,69502.25101030545
2024-11-16,7065,68995.3426612835
2024-11-16,7066,63672.74397589709
2024-11-16,7067,74712.57740823798
2024-11-16,7068,69368.80337332221
2024-11-16,7069,68974.54524887638
2024-11-16,7070,72890.0497548229
2024-11-16,7072,59642.11473794168
2024-11-16,7073,73065.59887148341
2024-11-16,7077,68017.72444971713
2024-11-16,7078,55135.49375341702
2024-11-16,7079,71030.97986361032
2024-11-16,7080,62817.488337504816
2024-11-16,7081,74038.1594686671
2024-11-16,7083,70211.3506154043
2024-11-16,7085,73203.19162993251
2024-11-16,7086,75111.35685570967
2024-11-16,7087,73231.3267988443
2024-11-16,7091,71859.41072522811
2024-11-16,7095,72326.68455275768
2024-11-16,7096,69767.51973574543
2024-11-16,7097,70012.1202781777
2024-11-16,7100,59563.78080616177
2024-11-16,7101,70593.53909489952
2024-11-16,7104,70769.4571689947
2024-11-16,7105,77172.3175923251
2024-11-16,7108,71074.90483735918
2024-11-16,7109,65980.75943330264
2024-11-16,7110,68963.3264040223
2024-11-16,7111,66327.1900366975
2024-11-16,7112,70117.44363286498
2024-11-16,7113,54411.50560618739
2024-11-16,7115,69820.88896186276
2024-11-16,7116,72055.30333462794
2024-11-16,7117,67841.85481280177
2024-11-16,7122,74420.425435838275
2024-11-16,7124,56440.22970541391
2024-11-16,7125,69966.24552542012
2024-11-16,7126,62056.115961062605
2024-11-16,7127,69969.16383639125
2024-11-16,7134,72642.20482023602
2024-11-16,7135,71593.85063634804
2024-11-16,7136,74537.24667436212
2024-11-16,7137,71230.46562844058
2024-11-16,7139,72624.92858358988
2024-11-16,7140,68697.9571321446
2024-11-16,7141,70190.25190920604
2024-11-16,7144,75047.37357666765
2024-11-16,7145,71305.45914139203
2024-11-16,7146,73102.06783176943
2024-11-16,7147,68454.4596744888
2024-11-16,7149,72894.60654383029
2024-11-16,7150,72729.26695445825
2024-11-16,7151,69693.4410840418
2024-11-16,7152,69023.17038490897
2024-11-16,7157,71657.79183462057
2024-11-16,7159,81184.95671985018
2024-11-16,7165,60169.33544999082
2024-11-16,7168,61488.52418992861
2024-11-16,7169,72601.16197055712
2024-11-16,7170,65554.5026155245
2024-11-16,7171,59408.59985242916
2024-11-16,7172,58166.00145980448
2024-11-16,7173,58062.441305151675
2024-11-16,7174,73195.11189313782
2024-11-16,7178,81727.7307703889
2024-11-16,7180,57483.26145563476
2024-11-16,7182,69724.16976296899
2024-11-16,7183,70528.25192952955
2024-11-16,7187,62241.66358956942
2024-11-16,7193,72820.67307436137
2024-11-16,7195,72490.53947912065
2024-11-16,7196,71125.76030106857
2024-11-16,7197,68802.47147501088
2024-11-16,7199,73649.30919791877
2024-11-16,7200,69599.95794266264
2024-11-16,7201,68022.86328602307
2024-11-16,7202,73317.40876484833
2024-11-16,7205,71266.07116994318
2024-11-16,7206,77418.62444949015
2024-11-16,7207,81071.96229327684
2024-11-16,7209,57427.97820816272
2024-11-16,7210,69207.6393809473
2024-11-16,7214,68950.90062419185
2024-11-16,7216,70111.76042062274
2024-11-16,7217,69858.74675897685
2024-11-16,7219,55623.05368357189
2024-11-16,7220,70144.83070552089
2024-11-16,7221,69425.68491011753
2024-11-16,7222,99920.12883466927
2024-11-16,7223,67992.84641083448
2024-11-16,7224,71865.18285638692
2024-11-16,7225,69913.92693726817
2024-11-16,7234,55053.521658593505
2024-11-16,7241,58585.29695086648
2024-11-16,7244,74647.92354483837
2024-11-16,7245,69783.56647670371
2024-11-16,7249,63335.84297480745
2024-11-16,7250,64037.24504059639
2024-11-16,7253,73517.60836009477
2024-11-16,7254,71308.06947619855
2024-11-16,7256,74444.93852483082
2024-11-16,7258,69877.26649643075
2024-11-16,7261,68731.64080316164
2024-11-16,7265,70406.22775068806
2024-11-16,7266,66531.27663572798
2024-11-16,7268,69130.41730135216
2024-11-16,7269,72699.21701670818
2024-11-16,7271,73299.36302889242
2024-11-16,7274,67626.43186803458
2024-11-16,7275,71177.74107143523
2024-11-16,7276,74646.39948331399
2024-11-16,7279,71324.23862083729
2024-11-16,7280,69171.2890388685
2024-11-16,7281,71041.98711986133
2024-11-16,7283,68609.68984453016
2024-11-16,7284,70393.06129265996
2024-11-16,7287,70078.02969968162
2024-11-16,7288,69347.90148235139
2024-11-16,7289,74830.28264880033
2024-11-16,7290,67854.61558578542
2024-11-16,7292,69873.9719380892
2024-11-16,7295,69022.21226390416
2024-11-16,6287,70242.00397598399
2024-11-16,6249,70493.73150903579
2024-11-16,6025,72962.4136173497
2024-11-16,6043,72770.16013669559
2024-11-16,6054,67777.37882713687
2024-11-16,6072,70972.02364315088
2024-11-16,6092,74347.06509143233
2024-11-16,6232,76955.39367337905
2024-11-16,6266,74838.26649934263
2024-11-16,6297,69378.08943843275
2024-11-16,6298,61044.46914052975
2024-11-16,6318,70412.83726475942
2024-11-16,6320,72771.37130838132
2024-11-16,6330,63616.49577994107
2024-11-16,6336,72823.41739713031
2024-11-16,6345,72030.91993908402
2024-11-16,6366,68082.13171758728
2024-11-16,6367,64144.3891771343
2024-11-16,6374,70623.59037167898
2024-11-16,6382,73181.32646750553
2024-11-16,6400,69796.19530777232
2024-11-16,6406,74173.33589248157
2024-11-16,6413,70579.2099562322
2024-11-16,6414,69024.89093755161
2024-11-16,6423,70456.40007300666
2024-11-16,6431,76267.5687740708
2024-11-16,6432,71042.55386804717
2024-11-16,6435,72353.35489934217
2024-11-16,6438,68653.77298321413
2024-11-16,6447,69449.0494705096
2024-11-16,6450,70133.21875976218
2024-11-16,6451,72129.45464182219
2024-11-16,6453,71750.61038428375
2024-11-16,6477,72763.21053629108
2024-11-16,6480,75278.23158171156
2024-11-16,6482,73400.35899802406
2024-11-16,6485,52513.39414664478
2024-11-16,6487,71761.81994221859
2024-11-16,6494,69690.50059052918
2024-11-16,6506,73493.0385013388
2024-11-16,6511,69813.87765814606
2024-11-16,6514,70126.42829123304
2024-11-16,6516,72685.12230844061
2024-11-16,6524,70937.7471569811
2024-11-16,6525,72354.62403447468
2024-11-16,6531,67514.05523223241
2024-11-16,6540,70896.32178669712
2024-11-16,6565,72877.76690222372
2024-11-16,6571,70692.68845328032
2024-11-16,6574,68481.46985298669
2024-11-16,6575,55626.00117548383
2024-11-16,6582,69040.05390296449
2024-11-16,6590,74574.03989859157
2024-11-16,6599,74880.88157785611
2024-11-16,6600,70346.71213564751
2024-11-16,6619,69349.46514652317
2024-11-16,6623,66644.13631313133
2024-11-16,6626,70350.98541723186
2024-11-16,6642,69008.79870809423
2024-11-16,6648,73182.81572698607
2024-11-16,6649,71345.31266184342
2024-11-16,6658,60528.89048266658
2024-11-16,6660,71365.43452035754
2024-11-16,6662,70294.93133916949
2024-11-16,6668,75335.01758464279
2024-11-16,6683,69526.18997585094
2024-11-16,6689,71701.25620390881
2024-11-16,6693,69903.7287228111
2024-11-16,6724,66164.71353636144
2024-11-16,6725,71297.38773829774
2024-11-16,6726,71140.94833450759
2024-11-16,6730,57299.42862100115
2024-11-16,6733,61096.3106065306
2024-11-16,6750,69799.58547506825
2024-11-16,6751,66511.21312538977
2024-11-16,6757,56998.805845919225
2024-11-16,6761,69188.6744117188
2024-11-16,6769,65242.06153984804
2024-11-16,6773,64025.66006202578
2024-11-16,6776,70584.67000904707
2024-11-16,6777,61225.4710573377
2024-11-16,6783,72508.99032909892
2024-11-16,6785,54504.17239700121
2024-11-16,6788,69929.70276425856
2024-11-16,6789,69721.7320374275
2024-11-16,6797,71865.35638592947
2024-11-16,6798,84501.57202625947
2024-11-16,6800,68103.73847670328
2024-11-16,6812,68222.74331607537
2024-11-16,6824,66932.27281526623
2024-11-16,6827,73635.01895849845
2024-11-16,6830,73081.6185047033
2024-11-16,6841,69622.1034339137
2024-11-16,6853,61518.136787958094
2024-11-16,6854,72109.49393738173
2024-11-16,6856,70345.23783179701
2024-11-16,6857,68163.57501835634
2024-11-16,6861,70509.35079563149
2024-11-16,6866,70111.9205413729
2024-11-16,6872,60803.468659558224
2024-11-16,6874,68208.25025996877
2024-11-16,6876,72715.45863034099
2024-11-16,6879,71424.75712043657
2024-11-16,6881,61198.65502305938
2024-11-16,6886,69921.27757247804
2024-11-16,6888,72200.78423247977
2024-11-16,6906,74413.89993095087
2024-11-16,6918,72815.68907997276
2024-11-16,6922,72489.95407435209
2024-11-16,6925,72917.0171329459
2024-11-16,6937,70821.57685237493
2024-11-16,6940,70398.50743394207
2024-11-16,6942,65492.77599748376
2024-11-16,6951,69649.89724842446
2024-11-16,6954,62395.95365655559
2024-11-16,6957,72085.92312082423
2024-11-16,6960,76666.01001689112
2024-11-16,6970,72046.10980244183
2024-11-16,6971,72318.79425329239
2024-11-16,6973,68956.26241263274
2024-11-16,7000,75746.498076497
2024-11-16,7002,68024.83674302211
2024-11-16,7003,73654.24337523409
2024-11-16,7009,83228.05781996918
2024-11-16,7011,68771.64415093885
2024-11-16,7014,70742.64327299452
2024-11-16,7018,57202.72676282165
2024-11-16,7020,74283.48385093089
2024-11-16,7025,70296.0422829099
2024-11-16,7038,76542.41971249535
2024-11-16,7049,64995.901645492864
2024-11-16,7053,65908.25839648096
2024-11-16,7060,73401.04620525995
2024-11-16,7063,63881.91630070968
2024-11-16,7075,63908.23025133502
2024-11-16,7076,70502.55397284667
2024-11-16,7084,64259.06420314939
2024-11-16,7090,74941.65990764686
2024-11-16,7092,75512.52872241841
2024-11-16,7098,64057.510866786586
2024-11-16,7106,70427.82822347737
2024-11-16,7107,65887.95642873071
2024-11-16,7131,68370.10148243724
2024-11-16,7155,71968.63016829477
2024-11-16,7156,69308.32871120116
2024-11-16,7158,72122.11887387378
2024-11-16,7175,67909.20840209928
2024-11-16,7184,65151.615189738695
2024-11-16,7185,58030.579164137715
2024-11-16,7186,61425.50075654249
2024-11-16,7188,69142.13344183238
2024-11-16,7189,64033.64686731342
2024-11-16,7190,62434.34681243935
2024-11-16,7198,131128.56136393445
2024-11-16,7208,70863.16177442353
2024-11-16,7211,69095.90015390934
2024-11-16,7213,70025.23940956657
2024-11-16,7226,70545.33423280925
2024-11-16,7227,72000.86669946717
2024-11-16,7231,68706.30680269045
2024-11-16,7236,73008.05417135745
2024-11-16,7238,73352.42455814336
2024-11-16,7239,144956.9827877654
2024-11-16,7240,71433.64778047457
2024-11-16,7242,52863.46239642936
2024-11-16,7246,71180.53652571868
2024-11-16,7248,72404.01997026874
2024-11-16,7251,71432.03652951795
2024-11-16,7267,77355.98666225308
2024-11-16,7272,72270.22337078552
2024-11-16,7278,82790.55486125356
2024-11-16,7282,72548.58482554996
2024-11-16,7293,75337.84121464417
2024-11-16,7296,69985.46660851222
2024-11-16,7054,68283.49028051739
2024-11-16,6250,69330.77967281632
2024-11-16,6508,68752.45625518973
2024-11-16,6437,77052.11955465193
2024-11-16,6452,75788.98481174083
2024-11-16,6934,72983.16055161817
2024-11-16,6782,59423.34925952691
2024-11-16,6549,68775.31762951538
2024-11-16,6892,69910.33050456273
2024-11-16,6448,0
2024-11-16,6491,0
2024-11-16,6591,0
2024-11-16,6949,0
2024-11-16,7212,0
2024-11-16,7218,0
2024-11-16,7273,0
2024-11-16,7192,56995.29810655825
2024-11-17,6025,72835.96454245219
2024-11-17,6039,69079.3778573793
2024-11-17,6043,72416.19813449832
2024-11-17,6072,70626.49609583337
2024-11-17,6082,71195.55926417709
2024-11-17,6087,71642.61541658045
2024-11-17,6088,71014.92776700448
2024-11-17,6092,74040.29836050779
2024-11-17,6094,73499.01073555366
2024-11-17,6213,69563.94557554138
2024-11-17,6225,65750.11135614448
2024-11-17,6245,70152.80101311921
2024-11-17,6248,64065.62978010034
2024-11-17,6250,69594.33915437883
2024-11-17,6251,62237.92601586548
2024-11-17,6254,70891.5887572395
2024-11-17,6266,74882.10978891829
2024-11-17,6267,69551.8007824287
2024-11-17,6272,71199.28822575226
2024-11-17,6291,61800.070429003645
2024-11-17,6297,68570.7852230256
2024-11-17,6304,70645.18389122908
2024-11-17,6307,68104.1662063324
2024-11-17,6313,70037.02388031574
2024-11-17,6316,70504.09808170627
2024-11-17,6317,70456.45763607798
2024-11-17,6318,69742.75511551891
2024-11-17,6320,72569.47771398272
2024-11-17,6323,72940.40760973729
2024-11-17,6324,64727.44409876351
2024-11-17,6325,69659.43709292471
2024-11-17,6327,70662.96710300808
2024-11-17,6328,71915.47971135231
2024-11-17,6329,68865.87819220572
2024-11-17,6331,66410.69623209744
2024-11-17,6332,69954.22121822467
2024-11-17,6334,73723.16243613062
2024-11-17,6335,66500.39443366541
2024-11-17,6336,72515.75062439758
2024-11-17,6345,72162.16139131709
2024-11-17,6346,68128.1478589499
2024-11-17,6349,58915.33081900477
2024-11-17,6350,69231.43075828657
2024-11-17,6351,67554.70786688462
2024-11-17,6352,73635.92849984312
2024-11-17,6360,67964.78758231358
2024-11-17,6363,77078.22747516286
2024-11-17,6366,68095.11722162171
2024-11-17,6367,66127.12348605374
2024-11-17,6368,68548.25586027815
2024-11-17,6370,68608.7823384024
2024-11-17,6372,67740.00139499894
2024-11-17,6373,73345.24660305186
2024-11-17,6374,70692.43706799905
2024-11-17,6379,70505.00421841463
2024-11-17,6382,73196.89993846882
2024-11-17,6385,69085.2076418193
2024-11-17,6387,68989.20678623916
2024-11-17,6388,73400.31019297449
2024-11-17,6389,71151.26615370667
2024-11-17,6392,100785.66816936324
2024-11-17,6393,69063.37505752391
2024-11-17,6395,71955.30794748421
2024-11-17,6396,70736.11885921538
2024-11-17,6398,84946.46488736648
2024-11-17,6400,69356.26680972136
2024-11-17,6402,70368.2924764267
2024-11-17,6406,73943.54876967792
2024-11-17,6407,65049.05230401296
2024-11-17,6410,62306.589398066346
2024-11-17,6411,62369.99640410782
2024-11-17,6413,70733.57483500634
2024-11-17,6414,68880.60884401757
2024-11-17,6420,71570.02129500096
2024-11-17,6423,70312.77923774574
2024-11-17,6425,61825.12468167975
2024-11-17,6426,67989.98008754806
2024-11-17,6427,72832.47739265068
2024-11-17,6428,72349.68558362403
2024-11-17,6432,70977.51184442842
2024-11-17,6435,71230.06620864836
2024-11-17,6436,70439.71458543773
2024-11-17,6438,69361.61546418403
2024-11-17,6439,70681.11552724426
2024-11-17,6443,73930.32830541996
2024-11-17,6445,70392.54909429023
2024-11-17,6446,73654.65442519535
2024-11-17,6450,70301.34704642667
2024-11-17,6453,72186.19030639525
2024-11-17,6454,75587.73322744691
2024-11-17,6455,69035.3969578882
2024-11-17,6475,71317.03455482573
2024-11-17,6476,68906.93064061449
2024-11-17,6477,72881.13714219703
2024-11-17,6480,75324.66174393528
2024-11-17,6482,73621.71982375465
2024-11-17,6485,51142.297145213095
2024-11-17,6487,71118.00388600795
2024-11-17,6490,70653.27934020114
2024-11-17,6494,70649.94358555942
2024-11-17,6498,69502.04371241275
2024-11-17,6501,72082.15662769022
2024-11-17,6504,68399.03696507843
2024-11-17,6505,70685.3295502816
2024-11-17,6506,73331.95812899852
2024-11-17,6507,70157.17718029475
2024-11-17,6509,71109.25961093837
2024-11-17,6510,73322.71874697495
2024-11-17,6512,70730.65012342841
2024-11-17,6514,70304.93101223865
2024-11-17,6515,72713.23971698129
2024-11-17,6516,72669.74926376487
2024-11-17,6518,71192.98364011727
2024-11-17,6520,70833.96249785123
2024-11-17,6524,64634.724064335234
2024-11-17,6526,65564.08583137741
2024-11-17,6531,67575.39266278986
2024-11-17,6534,71428.2107680575
2024-11-17,6536,57218.40424980149
2024-11-17,6538,58483.30157592888
2024-11-17,6540,70862.00776766511
2024-11-17,6541,70653.6419340642
2024-11-17,6544,68424.0520274962
2024-11-17,6546,70390.54826660192
2024-11-17,6547,68983.61721854293
2024-11-17,6548,68185.88010128941
2024-11-17,6550,69424.30909017357
2024-11-17,6552,72383.43532062249
2024-11-17,6553,51562.47361360277
2024-11-17,6554,50649.28851188031
2024-11-17,6559,69359.44064280296
2024-11-17,6561,69709.98113634174
2024-11-17,6562,72705.66625436311
2024-11-17,6564,73888.05387686101
2024-11-17,6567,71123.42125004585
2024-11-17,6569,66279.83926875929
2024-11-17,6571,70714.23733345036
2024-11-17,6574,67122.09481793465
2024-11-17,6576,69023.40253789077
2024-11-17,6577,70038.10024361139
2024-11-17,6581,69152.27836630068
2024-11-17,6582,69440.79409883129
2024-11-17,6583,64730.50042816101
2024-11-17,6585,71609.43561920426
2024-11-17,6586,70522.16755529451
2024-11-17,6588,74782.44357779254
2024-11-17,6590,74001.15599773466
2024-11-17,6597,73298.80658073773
2024-11-17,6598,76527.98321197683
2024-11-17,6599,74768.43316254397
2024-11-17,6601,70834.34427894022
2024-11-17,6602,58914.23957685295
2024-11-17,6603,68954.71234591561
2024-11-17,6604,74955.34490771985
2024-11-17,6607,73039.40746049935
2024-11-17,6609,72305.75906247296
2024-11-17,6623,66521.62468489492
2024-11-17,6626,70194.4080664774
2024-11-17,6632,70910.2203678822
2024-11-17,6633,53105.8346838804
2024-11-17,6634,69027.30358062002
2024-11-17,6635,71594.39922565341
2024-11-17,6639,66272.48652384373
2024-11-17,6641,67484.11972223168
2024-11-17,6642,68997.84031709876
2024-11-17,6643,73367.4857803652
2024-11-17,6644,70812.73693042528
2024-11-17,6648,72866.8844033405
2024-11-17,6649,75800.17133725126
2024-11-17,6655,69543.63848366804
2024-11-17,6658,59682.25154331354
2024-11-17,6660,72690.2050888168
2024-11-17,6661,70420.38794123768
2024-11-17,6662,69849.27384886396
2024-11-17,6663,71545.4179547099
2024-11-17,6664,78065.07417586748
2024-11-17,6666,73664.70598377736
2024-11-17,6668,75373.05953347645
2024-11-17,6669,69123.3442359209
2024-11-17,6675,71974.0462413706
2024-11-17,6676,70583.73707577516
2024-11-17,6679,71123.36997968334
2024-11-17,6680,67020.61158644782
2024-11-17,6681,72862.53229369062
2024-11-17,6683,69626.38559548686
2024-11-17,6686,70976.346935237
2024-11-17,6687,74088.8327190581
2024-11-17,6692,74491.71367282007
2024-11-17,6693,69923.52051278677
2024-11-17,6695,73120.06077802005
2024-11-17,6715,69423.53420742606
2024-11-17,6716,71221.218605034
2024-11-17,6717,74408.5707040354
2024-11-17,6719,66713.73774348194
2024-11-17,6722,62538.994378936586
2024-11-17,6726,71065.95473674893
2024-11-17,6727,65989.6827284047
2024-11-17,6728,71255.50605668567
2024-11-17,6730,57832.530559610146
2024-11-17,6731,72094.82782798968
2024-11-17,6733,62180.66393853327
2024-11-17,6734,64184.087086274514
2024-11-17,6736,74560.40812352927
2024-11-17,6737,72498.32244401365
2024-11-17,6740,59705.68099066547
2024-11-17,6745,57063.127790370905
2024-11-17,6747,57429.02809204885
2024-11-17,6749,61122.893221653896
2024-11-17,6750,70098.45965055532
2024-11-17,6751,66840.50108220032
2024-11-17,6755,56675.38572487467
2024-11-17,6756,59058.268520224614
2024-11-17,6758,53325.85699859181
2024-11-17,6762,67877.61699878462
2024-11-17,6763,71387.51981910443
2024-11-17,6764,64721.32786524335
2024-11-17,6767,71257.02358961002
2024-11-17,6769,64374.72435956016
2024-11-17,6773,64880.30518346838
2024-11-17,6774,65893.98883007815
2024-11-17,6776,70835.52540828113
2024-11-17,6779,65453.08099717292
2024-11-17,6784,69370.38907792514
2024-11-17,6785,57805.77883058321
2024-11-17,6788,69356.80439952543
2024-11-17,6789,69664.43475707358
2024-11-17,6797,72414.8092456798
2024-11-17,6798,83586.62337905132
2024-11-17,6799,69595.77627392983
2024-11-17,6800,68137.17239759343
2024-11-17,6801,59210.442781848855
2024-11-17,6803,61704.52868580785
2024-11-17,6809,68406.3875228164
2024-11-17,6810,69484.94308509883
2024-11-17,6815,66988.71959613185
2024-11-17,6817,73661.57251133151
2024-11-17,6818,67848.16345483717
2024-11-17,6824,66947.14243912353
2024-11-17,6826,67313.84666081202
2024-11-17,6827,73746.8702037336
2024-11-17,6830,73145.26306894032
2024-11-17,6831,78866.59695387934
2024-11-17,6832,72280.93323888413
2024-11-17,6834,74452.46306235563
2024-11-17,6841,67922.69888071364
2024-11-17,6842,69850.48392735294
2024-11-17,6844,67893.54167076322
2024-11-17,6845,72538.69153466342
2024-11-17,6846,73610.4744033014
2024-11-17,6849,66049.87909770464
2024-11-17,6851,64414.633513979294
2024-11-17,6852,68028.86355250556
2024-11-17,6853,60518.76177889235
2024-11-17,6854,71999.15286814881
2024-11-17,6857,68225.89778471462
2024-11-17,6858,68540.03332255759
2024-11-17,6860,70131.95816702765
2024-11-17,6861,71679.26347472021
2024-11-17,6862,69826.76916551734
2024-11-17,6865,71547.1889934377
2024-11-17,6866,70107.18350181488
2024-11-17,6870,70594.58764854836
2024-11-17,6872,60492.87661776611
2024-11-17,6873,69501.07534802622
2024-11-17,6874,68168.07584802494
2024-11-17,6875,70832.43780067681
2024-11-17,6876,72595.24487009551
2024-11-17,6877,71416.0274146027
2024-11-17,6878,65427.53997635085
2024-11-17,6881,60176.76212333244
2024-11-17,6882,69532.95784849503
2024-11-17,6883,66814.84526493648
2024-11-17,6884,75114.04253341057
2024-11-17,6885,70696.43033331222
2024-11-17,6886,69743.48917893735
2024-11-17,6887,63830.06453461643
2024-11-17,6891,61949.43952732607
2024-11-17,6896,69765.91481919422
2024-11-17,6897,68975.29887896909
2024-11-17,6898,69881.49945629334
2024-11-17,6899,73373.45588672135
2024-11-17,6900,69261.43836715148
2024-11-17,6903,77488.4514306784
2024-11-17,6904,62100.36168353826
2024-11-17,6905,61120.37581259989
2024-11-17,6906,72695.615956148
2024-11-17,6909,68949.62122753706
2024-11-17,6918,72773.28330922447
2024-11-17,6919,70846.47749550059
2024-11-17,6921,73624.85308458703
2024-11-17,6923,70483.77667275473
2024-11-17,6925,73144.13556194448
2024-11-17,6927,77575.0146816013
2024-11-17,6928,72526.20750250015
2024-11-17,6929,70041.67529513506
2024-11-17,6930,72655.17187914695
2024-11-17,6931,61316.53573404359
2024-11-17,6932,69327.88286831498
2024-11-17,6935,77641.440434497
2024-11-17,6940,70588.4216273527
2024-11-17,6941,68411.31022110606
2024-11-17,6944,81329.04493251767
2024-11-17,6948,74682.97219520094
2024-11-17,6951,69501.8779633614
2024-11-17,6952,65039.45458591619
2024-11-17,6953,62554.797997557616
2024-11-17,6954,65044.26364447535
2024-11-17,6956,65316.321344053606
2024-11-17,6957,72222.76044967574
2024-11-17,6959,66964.76421335676
2024-11-17,6961,73029.89432423023
2024-11-17,6962,73578.10523385475
2024-11-17,6963,67654.51212692045
2024-11-17,6965,69280.18366313669
2024-11-17,6966,69462.59936904552
2024-11-17,6967,69830.5075397336
2024-11-17,6969,70502.97288585173
2024-11-17,6970,71968.04132980522
2024-11-17,6978,68576.14607784466
2024-11-17,6985,70806.24189629962
2024-11-17,6993,68032.03131802964
2024-11-17,6994,77540.19171204811
2024-11-17,6997,74294.84777297154
2024-11-17,6999,69849.48223201813
2024-11-17,7000,75535.13110223801
2024-11-17,7002,67318.88822508755
2024-11-17,7004,69181.64605541948
2024-11-17,7005,71200.52720491696
2024-11-17,7006,69149.9134971113
2024-11-17,7008,70795.71015622221
2024-11-17,7009,83155.15606217083
2024-11-17,7014,71030.18726185575
2024-11-17,7016,71394.6760224447
2024-11-17,7018,57191.64125525012
2024-11-17,7019,58404.02298886195
2024-11-17,7020,74539.38977447715
2024-11-17,7021,70737.6154807746
2024-11-17,7022,68376.71482010258
2024-11-17,7024,71931.06839617975
2024-11-17,7025,70045.63873618343
2024-11-17,7026,70188.97712443788
2024-11-17,7027,70419.03581847507
2024-11-17,7028,70467.8576301527
2024-11-17,7030,69441.41728951201
2024-11-17,7031,67685.04047798565
2024-11-17,7032,60434.71636587091
2024-11-17,7033,72514.20925961813
2024-11-17,7034,69517.98423472268
2024-11-17,7037,62829.86085967209
2024-11-17,7038,75952.698412024
2024-11-17,7039,69495.03757852544
2024-11-17,7040,65743.13626113237
2024-11-17,7042,76436.6734887592
2024-11-17,7043,71597.14574762658
2024-11-17,7049,66670.51951029335
2024-11-17,7050,65906.4586294236
2024-11-17,7052,68341.2635501629
2024-11-17,7053,62665.10925883295
2024-11-17,7054,68234.49402693236
2024-11-17,7056,72858.53574614189
2024-11-17,7062,61987.224537239315
2024-11-17,7063,63808.09231810354
2024-11-17,7064,69459.78716786626
2024-11-17,7065,69194.87728761767
2024-11-17,7066,63445.39326768648
2024-11-17,7067,74184.67595982245
2024-11-17,7068,69500.26902020884
2024-11-17,7069,68857.17178064809
2024-11-17,7070,72844.24290250307
2024-11-17,7072,61432.28158584058
2024-11-17,7073,72872.31475929734
2024-11-17,7077,69951.78387372578
2024-11-17,7079,71130.63638271097
2024-11-17,7081,74005.49799419251
2024-11-17,7090,74665.44317435769
2024-11-17,7091,72423.16149370799
2024-11-17,7092,75456.0269941156
2024-11-17,7095,72736.42050790905
2024-11-17,7097,70247.34339571305
2024-11-17,7100,59779.644887205795
2024-11-17,7101,71015.04947097541
2024-11-17,7104,71212.55316651116
2024-11-17,7106,70981.45378164652
2024-11-17,7108,70352.10862702504
2024-11-17,7112,70123.78714643142
2024-11-17,7113,55841.58859319587
2024-11-17,7115,69886.05972163053
2024-11-17,7116,72551.0223875678
2024-11-17,7122,74046.85842370038
2024-11-17,7125,70120.95957042731
2024-11-17,7126,62294.7629725181
2024-11-17,7131,68669.18448452557
2024-11-17,7135,71925.34010426374
2024-11-17,7136,74440.34990525153
2024-11-17,7140,68381.00502935903
2024-11-17,7141,70846.11012973795
2024-11-17,7144,75302.74228481685
2024-11-17,7145,71907.30997845135
2024-11-17,7146,72807.9960505777
2024-11-17,7149,72802.30833855903
2024-11-17,7150,72553.65944049032
2024-11-17,7151,69697.14435813378
2024-11-17,7152,69435.7254000185
2024-11-17,7156,69877.17078165959
2024-11-17,7157,71640.70649269325
2024-11-17,7159,80289.03151801217
2024-11-17,7165,59541.813924048096
2024-11-17,7170,65389.86475073681
2024-11-17,7172,58049.33145565249
2024-11-17,7174,73146.7937418524
2024-11-17,7175,68435.84489377243
2024-11-17,7183,71098.9597737158
2024-11-17,7184,65207.23699222994
2024-11-17,7185,57908.116302646216
2024-11-17,7188,68717.8197537773
2024-11-17,7189,63136.69445476239
2024-11-17,7190,62824.990268281465
2024-11-17,7193,73080.10154508727
2024-11-17,7195,72450.16510139148
2024-11-17,7196,70913.42403317947
2024-11-17,7197,68913.93575215542
2024-11-17,7201,67698.79387417583
2024-11-17,7202,73047.82839313011
2024-11-17,7205,71166.02548823362
2024-11-17,7206,77698.92451704977
2024-11-17,7207,81522.68381403401
2024-11-17,7208,70199.05886006412
2024-11-17,7209,56235.35932511955
2024-11-17,7210,69190.59187884923
2024-11-17,7214,68224.5343386172
2024-11-17,7216,69402.1964983897
2024-11-17,7217,70127.61639556855
2024-11-17,7219,56638.18778186993
2024-11-17,7221,67400.57573535838
2024-11-17,7223,67825.60765050375
2024-11-17,7224,71916.84138262027
2024-11-17,7225,70548.397993091
2024-11-17,7227,71224.62424896266
2024-11-17,7234,56573.18921919573
2024-11-17,7236,74138.54234730334
2024-11-17,7238,72698.96183015195
2024-11-17,7239,145561.44926657926
2024-11-17,7240,71463.75028995657
2024-11-17,7241,60371.45661594829
2024-11-17,7242,54208.51649319341
2024-11-17,7244,74698.68635255305
2024-11-17,7248,72437.42920040914
2024-11-17,7249,63247.51536638011
2024-11-17,7250,63545.26915063185
2024-11-17,7253,72445.26071863441
2024-11-17,7254,71021.63587139513
2024-11-17,7256,74450.98352370733
2024-11-17,7258,69827.15022672716
2024-11-17,7261,69678.58344270768
2024-11-17,7265,70420.47047720145
2024-11-17,7268,69335.30795168346
2024-11-17,7269,74706.32109687572
2024-11-17,7272,72949.58051964769
2024-11-17,7274,67358.72362028221
2024-11-17,7275,71384.14579340437
2024-11-17,7276,74505.32018798502
2024-11-17,7278,82043.96357274108
2024-11-17,7279,71219.70335969156
2024-11-17,7280,69263.41587956445
2024-11-17,7281,69528.99493028807
2024-11-17,7282,72087.46535112064
2024-11-17,7283,68614.74724678393
2024-11-17,7284,70731.60540349696
2024-11-17,7287,70651.02009190155
2024-11-17,7288,69802.89763466132
2024-11-17,7290,68117.08323894032
2024-11-17,7295,68808.02285191602
2024-11-17,7296,69956.28015113724
2024-11-17,6249,70585.62819842815
2024-11-17,6054,67379.64936034541
2024-11-17,6101,78642.41497432838
2024-11-17,6232,77172.53306115045
2024-11-17,6239,69415.28473860498
2024-11-17,6298,61560.71872946344
2024-11-17,6326,65735.2852248531
2024-11-17,6330,62257.97589253015
2024-11-17,6333,73393.02318521337
2024-11-17,6338,64723.62624378349
2024-11-17,6348,68379.26107328116
2024-11-17,6357,69404.01802945041
2024-11-17,6358,78074.98065554151
2024-11-17,6364,71739.63383110503
2024-11-17,6380,54026.11728810107
2024-11-17,6384,71474.38564381938
2024-11-17,6390,70474.56764265108
2024-11-17,6408,77694.67921124579
2024-11-17,6417,72242.47398614383
2024-11-17,6418,70357.1631318431
2024-11-17,6424,70471.88817408167
2024-11-17,6429,66697.3380503398
2024-11-17,6431,77006.33007735138
2024-11-17,6434,71575.05233039366
2024-11-17,6441,71597.82108748861
2024-11-17,6447,68906.00287253689
2024-11-17,6451,71930.30946454404
2024-11-17,6456,71469.12522425562
2024-11-17,6488,68272.89584226858
2024-11-17,6492,78625.34712893251
2024-11-17,6493,66796.27442217954
2024-11-17,6496,69195.63535335721
2024-11-17,6503,64508.08115095102
2024-11-17,6511,70199.98192862017
2024-11-17,6517,72688.37750766017
2024-11-17,6519,69828.477815544
2024-11-17,6522,67710.88876017602
2024-11-17,6523,70948.08749300343
2024-11-17,6525,72811.85457574214
2024-11-17,6533,69834.79414763839
2024-11-17,6535,68643.09404388632
2024-11-17,6545,65322.69338363824
2024-11-17,6558,70059.20707222748
2024-11-17,6563,71042.4905678591
2024-11-17,6565,73585.49222662018
2024-11-17,6568,70327.66748776584
2024-11-17,6575,56928.05705464809
2024-11-17,6580,68837.38147257411
2024-11-17,6594,69881.99105736043
2024-11-17,6600,70633.19418350299
2024-11-17,6616,78840.41182974275
2024-11-17,6618,70713.16151394369
2024-11-17,6619,69103.61086977053
2024-11-17,6624,53996.693751084575
2024-11-17,6629,73534.19289794008
2024-11-17,6630,70228.70640109885
2024-11-17,6631,66687.9029409978
2024-11-17,6636,72765.81583590878
2024-11-17,6637,54665.95590713016
2024-11-17,6647,70463.2887700552
2024-11-17,6659,57456.03020648763
2024-11-17,6670,73610.72672052821
2024-11-17,6674,71497.05441583648
2024-11-17,6689,71727.42988854717
2024-11-17,6696,69324.27598775
2024-11-17,6714,70380.14556682382
2024-11-17,6718,61677.800975450074
2024-11-17,6723,54703.723100463474
2024-11-17,6724,65510.095166463645
2024-11-17,6725,71194.21121775736
2024-11-17,6741,69605.94764534054
2024-11-17,6746,55850.2071844123
2024-11-17,6752,59951.56163541355
2024-11-17,6753,55281.1812417719
2024-11-17,6754,57722.89712993987
2024-11-17,6757,55108.90310933848
2024-11-17,6759,59357.65613630073
2024-11-17,6761,69392.35186490764
2024-11-17,6768,70616.64586943017
2024-11-17,6775,74392.08035755574
2024-11-17,6777,62277.69896483413
2024-11-17,6783,73520.72296817522
2024-11-17,6787,67502.5084220183
2024-11-17,6792,62568.27949631818
2024-11-17,6794,60127.27704530109
2024-11-17,6804,71603.57402479686
2024-11-17,6811,72230.35452353209
2024-11-17,6812,68666.35466803318
2024-11-17,6813,69729.28945453583
2024-11-17,6829,68751.70467502822
2024-11-17,6833,73861.13864496697
2024-11-17,6835,75444.09624067732
2024-11-17,6838,68763.18260150474
2024-11-17,6839,55016.12040933302
2024-11-17,6856,70265.88026489523
2024-11-17,6863,70492.99541371173
2024-11-17,6869,70479.32393150245
2024-11-17,6879,71237.01535823467
2024-11-17,6880,69021.39828191756
2024-11-17,6888,71480.75126727979
2024-11-17,6894,67545.2429048764
2024-11-17,6911,71621.95145664364
2024-11-17,6922,71899.68901194732
2024-11-17,6924,70651.79163321685
2024-11-17,6926,74481.6899643017
2024-11-17,6933,67408.97397067634
2024-11-17,6936,49834.56376113759
2024-11-17,6937,70873.25282465536
2024-11-17,6939,71237.45820137473
2024-11-17,6942,65641.8940533673
2024-11-17,6960,76572.015362041755
2024-11-17,6968,66584.80780197341
2024-11-17,6971,72396.67027026108
2024-11-17,6972,72147.02710460042
2024-11-17,6973,67987.44998553609
2024-11-17,6974,67624.6538967775
2024-11-17,6977,58610.26113518433
2024-11-17,7003,73180.27039335054
2024-11-17,7007,69417.31799787049
2024-11-17,7010,70048.55356101727
2024-11-17,7011,68884.1487550202
2024-11-17,7012,67565.60038813515
2024-11-17,7013,68994.46675122992
2024-11-17,7017,72271.10702033534
2024-11-17,7035,69093.8706094312
2024-11-17,7036,70710.64734950045
2024-11-17,7047,90710.49581367613
2024-11-17,7048,73766.93800958809
2024-11-17,7060,73790.21875972624
2024-11-17,7075,63731.24513058381
2024-11-17,7076,70524.18576362201
2024-11-17,7078,55412.597300188696
2024-11-17,7080,64096.14925381517
2024-11-17,7083,69595.10425968701
2024-11-17,7084,63679.47140478325
2024-11-17,7085,73348.40062129777
2024-11-17,7086,72685.91025732897
2024-11-17,7087,73392.39780331163
2024-11-17,7096,69324.7652306507
2024-11-17,7098,64135.75423110287
2024-11-17,7105,76824.06544795523
2024-11-17,7107,65543.01303118092
2024-11-17,7109,64083.365369162566
2024-11-17,7110,68858.84051701393
2024-11-17,7111,66472.78378975122
2024-11-17,7117,67925.51941606464
2024-11-17,7124,56557.90515905255
2024-11-17,7127,68877.29382027674
2024-11-17,7134,72514.1321684587
2024-11-17,7137,71039.69675231572
2024-11-17,7139,72541.10376096478
2024-11-17,7147,67665.72865845876
2024-11-17,7155,72041.71324240457
2024-11-17,7158,72113.33252886796
2024-11-17,7168,61752.08813581093
2024-11-17,7169,72821.33386632393
2024-11-17,7171,59212.50321324643
2024-11-17,7173,57603.6413199338
2024-11-17,7178,82953.18600320071
2024-11-17,7180,57652.98075455404
2024-11-17,7182,70146.53345262574
2024-11-17,7186,60298.46075631162
2024-11-17,7187,62423.4587730087
2024-11-17,7198,142476.78347688934
2024-11-17,7199,72360.88693359977
2024-11-17,7200,69009.56130653698
2024-11-17,7211,68306.70854461848
2024-11-17,7213,68911.27535898879
2024-11-17,7220,70407.98309266653
2024-11-17,7222,144263.3519868404
2024-11-17,7226,70278.11730194364
2024-11-17,7231,68952.30401989033
2024-11-17,7245,70089.11479679639
2024-11-17,7246,71290.1602387225
2024-11-17,7251,71630.3380691842
2024-11-17,7266,67645.41421826594
2024-11-17,7267,77188.52669312972
2024-11-17,7271,72493.77801800666
2024-11-17,7289,74781.58660471106
2024-11-17,7292,69827.209633892
2024-11-17,7293,75417.69310939567
2024-11-17,6287,70386.15888113537
2024-11-17,6934,72837.18680104183
2024-11-17,7194,71921.15720578424
2024-11-17,6437,76973.29664036122
2024-11-17,6452,75685.56474996435
2024-11-17,6782,59322.87641388945
2024-11-17,6549,70155.84565479388
2024-11-17,6491,0
2024-11-17,6892,68955.51982865355
2024-11-17,6448,0
2024-11-17,6591,0
2024-11-17,6949,0
2024-11-17,7212,0
2024-11-17,7218,0
2024-11-17,7273,0
2024-11-17,7192,57320.808110720594
2024-11-18,6317,70237.35261378367
2024-11-18,6025,72974.97709300372
2024-11-18,6039,69041.59915874008
2024-11-18,6043,72030.8485965861
2024-11-18,6054,67106.16796101825
2024-11-18,6072,70896.7375470538
2024-11-18,6082,71000.65828082713
2024-11-18,6087,71566.05899674767
2024-11-18,6088,70848.44283275903
2024-11-18,6092,74308.04380738254
2024-11-18,6094,73062.42297596355
2024-11-18,6101,78805.1834661478
2024-11-18,6213,69381.11723775463
2024-11-18,6225,65761.74639950912
2024-11-18,6232,73146.11317728498
2024-11-18,6239,69068.78188401261
2024-11-18,6245,69940.99948599475
2024-11-18,6248,64352.24292430726
2024-11-18,6250,69356.78083587807
2024-11-18,6251,62820.69007345405
2024-11-18,6254,71061.85927486914
2024-11-18,6266,75401.18806616425
2024-11-18,6267,69475.32264649171
2024-11-18,6272,70840.41495273971
2024-11-18,6291,62311.31847707953
2024-11-18,6297,68898.44682386046
2024-11-18,6298,60549.55505225202
2024-11-18,6304,70709.09490294864
2024-11-18,6307,68121.10908143623
2024-11-18,6313,70587.9917497729
2024-11-18,6316,71089.43409370269
2024-11-18,6318,69291.5007823543
2024-11-18,6320,72196.32066762492
2024-11-18,6323,73110.61697851041
2024-11-18,6324,64683.83473326118
2024-11-18,6325,69775.54476025395
2024-11-18,6326,67038.12198569157
2024-11-18,6327,69484.4521577917
2024-11-18,6328,71643.16723233019
2024-11-18,6329,69294.63586654759
2024-11-18,6330,62200.95832103932
2024-11-18,6331,66308.73065405014
2024-11-18,6332,69925.29537562367
2024-11-18,6333,73317.49837301995
2024-11-18,6334,73750.77692889534
2024-11-18,6335,67456.0037797837
2024-11-18,6336,72481.7817542188
2024-11-18,6338,64703.89961317768
2024-11-18,6345,72083.24844674589
2024-11-18,6346,67691.64849085592
2024-11-18,6348,68369.41426936311
2024-11-18,6349,58982.51872135149
2024-11-18,6350,68910.74430080032
2024-11-18,6351,67511.93015323527
2024-11-18,6352,73502.19027481243
2024-11-18,6357,68652.8764209643
2024-11-18,6358,76789.61636559063
2024-11-18,6360,69435.26484291574
2024-11-18,6363,77270.2566008843
2024-11-18,6364,71835.9882533512
2024-11-18,6366,68498.1514872904
2024-11-18,6367,66845.3857482967
2024-11-18,6368,68434.83101932061
2024-11-18,6370,67453.05684470029
2024-11-18,6372,67455.06312112519
2024-11-18,6373,73534.93358305068
2024-11-18,6374,70621.33631194862
2024-11-18,6379,70542.04650177874
2024-11-18,6380,53993.48683919336
2024-11-18,6382,72041.18739640826
2024-11-18,6384,71375.8222395773
2024-11-18,6385,69207.5103563892
2024-11-18,6387,68785.67791602982
2024-11-18,6388,74405.7081737827
2024-11-18,6389,70066.87884219337
2024-11-18,6390,69985.1309637256
2024-11-18,6392,97249.81501808803
2024-11-18,6393,71988.45763522598
2024-11-18,6395,70944.89449179985
2024-11-18,6396,70662.9498934997
2024-11-18,6398,84731.1137914825
2024-11-18,6400,69471.15405464242
2024-11-18,6402,68741.96194851997
2024-11-18,6406,74614.0088292297
2024-11-18,6407,65441.32995730588
2024-11-18,6408,77708.24293827386
2024-11-18,6410,56886.292021080975
2024-11-18,6411,61945.4316830232
2024-11-18,6413,71303.60336278641
2024-11-18,6414,69132.73061850706
2024-11-18,6417,72293.05985292142
2024-11-18,6418,72191.0803822988
2024-11-18,6420,72088.77114286827
2024-11-18,6423,70256.72316107381
2024-11-18,6424,70856.99724952558
2024-11-18,6425,62539.30698138573
2024-11-18,6426,68199.72275053411
2024-11-18,6427,74538.54897084819
2024-11-18,6428,74744.41431930735
2024-11-18,6429,66775.83482496794
2024-11-18,6431,76790.53808706236
2024-11-18,6432,70189.4248120684
2024-11-18,6434,73561.81653412928
2024-11-18,6435,72496.45664976168
2024-11-18,6436,71253.83574089217
2024-11-18,6437,77244.78175272065
2024-11-18,6438,69279.72387409104
2024-11-18,6439,70624.03692521792
2024-11-18,6441,71695.9221587262
2024-11-18,6443,74465.96997948611
2024-11-18,6445,70081.15664918793
2024-11-18,6446,72681.5820625796
2024-11-18,6447,69414.67148105559
2024-11-18,6450,70161.50932997304
2024-11-18,6451,71961.92957970467
2024-11-18,6452,75972.5234236637
2024-11-18,6453,71461.43877244278
2024-11-18,6454,75851.40853585173
2024-11-18,6455,66776.31375868514
2024-11-18,6456,71521.62938836966
2024-11-18,6475,70804.90656380281
2024-11-18,6476,68370.5468102101
2024-11-18,6477,72701.91823757738
2024-11-18,6480,74591.895315522
2024-11-18,6482,73292.71493584415
2024-11-18,6485,51524.56969026804
2024-11-18,6487,71902.9066775721
2024-11-18,6488,68444.03586647047
2024-11-18,6490,70731.87960057103
2024-11-18,6492,78664.55728736338
2024-11-18,6493,66444.28911387826
2024-11-18,6494,70700.23645376778
2024-11-18,6496,68567.88159009183
2024-11-18,6498,69464.99922425335
2024-11-18,6501,71490.11841273193
2024-11-18,6503,65685.3413702447
2024-11-18,6504,68236.93817068296
2024-11-18,6505,72056.70008534781
2024-11-18,6506,73813.34689603909
2024-11-18,6507,69409.18954114224
2024-11-18,6509,70985.7366672227
2024-11-18,6510,73444.24137920715
2024-11-18,6511,70022.51187353267
2024-11-18,6512,70833.71159320729
2024-11-18,6514,70212.48463533063
2024-11-18,6515,72774.58939908165
2024-11-18,6516,72651.45312794478
2024-11-18,6517,73778.59555620668
2024-11-18,6518,69895.01347401518
2024-11-18,6519,69515.02252797136
2024-11-18,6520,70642.78140060887
2024-11-18,6522,67774.32310811561
2024-11-18,6523,70913.98925264429
2024-11-18,6524,71052.95113890556
2024-11-18,6525,72935.7250529041
2024-11-18,6526,65284.61818929658
2024-11-18,6531,67663.80345685747
2024-11-18,6533,70035.65221021762
2024-11-18,6534,71129.67479312861
2024-11-18,6535,68855.27924727072
2024-11-18,6536,57230.182873107355
2024-11-18,6538,58541.6519258984
2024-11-18,6540,70905.9609104441
2024-11-18,6541,69891.66865949794
2024-11-18,6544,69239.28164609545
2024-11-18,6545,65031.086062877475
2024-11-18,6546,72097.5963944049
2024-11-18,6547,69213.80481826953
2024-11-18,6548,68156.38410485242
2024-11-18,6550,69431.68034328215
2024-11-18,6552,72752.64549561762
2024-11-18,6553,51462.48326975494
2024-11-18,6554,50780.25413899292
2024-11-18,6558,70020.73306220169
2024-11-18,6559,69040.95736355134
2024-11-18,6561,69708.302808866
2024-11-18,6562,73154.39774034548
2024-11-18,6563,70873.9474855156
2024-11-18,6564,73728.62743290712
2024-11-18,6565,73728.93389931864
2024-11-18,6567,71435.95943420856
2024-11-18,6568,70437.64757729243
2024-11-18,6569,66795.71160325794
2024-11-18,6571,70826.28075913627
2024-11-18,6574,68064.98470492539
2024-11-18,6575,57350.98073246747
2024-11-18,6576,68996.34558479258
2024-11-18,6577,69753.51968029968
2024-11-18,6580,69292.50175525447
2024-11-18,6581,68950.115184932
2024-11-18,6582,68824.60891867332
2024-11-18,6583,65314.30590357526
2024-11-18,6585,76323.19706735537
2024-11-18,6586,76583.07864588859
2024-11-18,6588,74835.00954808941
2024-11-18,6590,73816.25610716373
2024-11-18,6594,71037.69025048209
2024-11-18,6597,74305.22880669116
2024-11-18,6598,77732.78072720124
2024-11-18,6599,74988.76688566463
2024-11-18,6600,71613.86502959976
2024-11-18,6601,71238.94121065183
2024-11-18,6602,58220.42413492862
2024-11-18,6603,68797.67385942556
2024-11-18,6604,74907.03639184678
2024-11-18,6607,73215.57444035936
2024-11-18,6609,72307.93370322166
2024-11-18,6616,79093.1922039077
2024-11-18,6618,70787.00723468821
2024-11-18,6619,68066.74255077443
2024-11-18,6623,66336.03470836068
2024-11-18,6624,56121.89226403181
2024-11-18,6626,70338.47777259951
2024-11-18,6629,73811.0085329504
2024-11-18,6630,70344.42857358379
2024-11-18,6631,67325.03394480879
2024-11-18,6632,71003.16626184179
2024-11-18,6633,53212.93762862511
2024-11-18,6634,69307.33502951781
2024-11-18,6635,71551.85400533318
2024-11-18,6636,73124.29101226409
2024-11-18,6637,54580.58568802812
2024-11-18,6639,66298.49542342368
2024-11-18,6641,67775.84719825127
2024-11-18,6642,68868.37491806805
2024-11-18,6643,73946.84509723344
2024-11-18,6644,70899.64843067927
2024-11-18,6647,70524.32760997866
2024-11-18,6648,72583.91678083339
2024-11-18,6649,76620.76713089713
2024-11-18,6655,69566.40765135629
2024-11-18,6658,60275.28500080302
2024-11-18,6659,55913.31490991162
2024-11-18,6660,72915.97026387855
2024-11-18,6661,69919.8727511335
2024-11-18,6662,69658.1739705023
2024-11-18,6663,71580.69624968231
2024-11-18,6664,77339.83192824946
2024-11-18,6666,73659.0297204363
2024-11-18,6668,74392.77330128214
2024-11-18,6669,69042.13069685485
2024-11-18,6670,73127.08612612168
2024-11-18,6674,70855.36089646713
2024-11-18,6675,72056.5608485238
2024-11-18,6676,71303.57790800597
2024-11-18,6679,70852.33066412239
2024-11-18,6680,67015.28917886812
2024-11-18,6681,72690.73621593321
2024-11-18,6683,69610.22555331
2024-11-18,6686,70558.7252103777
2024-11-18,6687,74303.2631051455
2024-11-18,6689,71585.72704599782
2024-11-18,6692,74940.75469130317
2024-11-18,6693,69891.14507485756
2024-11-18,6695,72688.73831509399
2024-11-18,6696,69382.94142533638
2024-11-18,6714,70276.16540517945
2024-11-18,6715,69248.85279785818
2024-11-18,6716,71045.48036539527
2024-11-18,6717,73942.01400009921
2024-11-18,6718,61867.3765852153
2024-11-18,6719,66890.97116987401
2024-11-18,6722,62695.668791020966
2024-11-18,6723,55016.33996468923
2024-11-18,6724,66616.90655939515
2024-11-18,6725,71303.14574713595
2024-11-18,6726,71109.33845946577
2024-11-18,6727,66240.63767320348
2024-11-18,6728,71153.36670032307
2024-11-18,6730,56926.138332687005
2024-11-18,6731,72248.09452249022
2024-11-18,6733,62702.83663445662
2024-11-18,6734,64908.91369609018
2024-11-18,6736,72837.82542234106
2024-11-18,6737,71924.31087043275
2024-11-18,6740,59668.51047362302
2024-11-18,6741,69243.67852097569
2024-11-18,6745,56053.879465902166
2024-11-18,6746,57784.633285081814
2024-11-18,6747,57333.31788299834
2024-11-18,6749,61122.29914921059
2024-11-18,6750,70365.51014175845
2024-11-18,6751,66912.92857430816
2024-11-18,6752,61853.48865069101
2024-11-18,6753,55074.86551283257
2024-11-18,6754,57527.16370736691
2024-11-18,6755,55327.163815260086
2024-11-18,6756,58303.822485598794
2024-11-18,6757,52936.4236532649
2024-11-18,6758,51660.08360341044
2024-11-18,6759,58404.11741467324
2024-11-18,6761,69085.51009996883
2024-11-18,6762,68724.36182332144
2024-11-18,6763,71314.60959210513
2024-11-18,6764,64958.93717930295
2024-11-18,6767,70313.75334106939
2024-11-18,6768,70459.9242141681
2024-11-18,6769,65361.07618389957
2024-11-18,6773,64322.71661664464
2024-11-18,6774,66464.3846239295
2024-11-18,6775,74357.9285847833
2024-11-18,6776,71645.05600628254
2024-11-18,6777,62265.05562837624
2024-11-18,6779,65162.211809225315
2024-11-18,6783,73670.34728028283
2024-11-18,6784,69372.76954723994
2024-11-18,6785,57095.85279872667
2024-11-18,6787,67335.45168305164
2024-11-18,6788,70060.33555537452
2024-11-18,6789,69552.99074438433
2024-11-18,6792,61236.47901720979
2024-11-18,6794,61065.28936968746
2024-11-18,6797,73929.94573603578
2024-11-18,6798,83418.04801532756
2024-11-18,6799,69802.60093213478
2024-11-18,6800,68035.47878236826
2024-11-18,6801,58242.27997180328
2024-11-18,6803,61088.98109251291
2024-11-18,6804,72274.74654907153
2024-11-18,6809,69117.22931289634
2024-11-18,6810,69479.42592690342
2024-11-18,6811,72316.56389063539
2024-11-18,6812,68455.68232098635
2024-11-18,6813,69837.95164911021
2024-11-18,6815,66847.8120988407
2024-11-18,6817,73648.00432827926
2024-11-18,6818,67749.2659455499
2024-11-18,6824,66932.3098878698
2024-11-18,6826,67473.17864735636
2024-11-18,6827,73710.38503291848
2024-11-18,6829,68929.60115204363
2024-11-18,6830,72905.98032318875
2024-11-18,6831,78644.41785356036
2024-11-18,6832,72680.98043221363
2024-11-18,6833,73853.36551719792
2024-11-18,6834,74693.5934783248
2024-11-18,6835,75756.68531482703
2024-11-18,6838,68540.10437430194
2024-11-18,6839,55167.479705444
2024-11-18,6841,69911.64945512687
2024-11-18,6842,69535.89507324665
2024-11-18,6844,67855.1198311309
2024-11-18,6845,71598.72012493537
2024-11-18,6846,74006.14751197296
2024-11-18,6849,66672.82338107066
2024-11-18,6851,64219.83126912778
2024-11-18,6852,67492.3950429211
2024-11-18,6853,60770.3093055499
2024-11-18,6854,72175.46897373308
2024-11-18,6856,70274.60032748619
2024-11-18,6857,68193.57451231344
2024-11-18,6858,68309.86074930317
2024-11-18,6860,70422.19995854315
2024-11-18,6861,70286.34127891508
2024-11-18,6862,69782.20901439943
2024-11-18,6863,69990.29049471402
2024-11-18,6865,71577.35633998898
2024-11-18,6866,70017.95410844081
2024-11-18,6869,70532.6461909696
2024-11-18,6870,70751.3089897193
2024-11-18,6872,60971.5370650825
2024-11-18,6873,69597.0770606103
2024-11-18,6874,68477.49184642996
2024-11-18,6875,70358.02175815629
2024-11-18,6876,72528.44419431135
2024-11-18,6877,70603.90460421788
2024-11-18,6878,65707.3414717453
2024-11-18,6879,71204.32404040018
2024-11-18,6880,68842.00462812728
2024-11-18,6881,60503.594011778936
2024-11-18,6882,80944.6379540482
2024-11-18,6883,65860.59872271177
2024-11-18,6884,75050.29094854316
2024-11-18,6885,71374.55893786029
2024-11-18,6886,69825.99843525977
2024-11-18,6887,65031.455958528255
2024-11-18,6888,71356.99357898382
2024-11-18,6891,61220.47997968732
2024-11-18,6894,67308.45159792302
2024-11-18,6896,69501.97717994619
2024-11-18,6897,68665.73688177072
2024-11-18,6898,69967.85341450694
2024-11-18,6899,71414.46201007065
2024-11-18,6900,69751.15726820818
2024-11-18,6903,77945.44946499889
2024-11-18,6904,61943.46836566341
2024-11-18,6905,61203.39473163672
2024-11-18,6906,72025.40450272462
2024-11-18,6909,71041.85372775352
2024-11-18,6911,71900.12431729851
2024-11-18,6919,70229.1642699113
2024-11-18,6921,73766.25118405964
2024-11-18,6922,71943.2691354947
2024-11-18,6923,70500.97203331118
2024-11-18,6924,70516.1838463782
2024-11-18,6925,73255.01825125073
2024-11-18,6926,73528.16426590824
2024-11-18,6927,77662.17746486049
2024-11-18,6928,75755.79305807881
2024-11-18,6929,69934.99681874276
2024-11-18,6930,72832.79075992238
2024-11-18,6931,61192.79338188024
2024-11-18,6932,69297.77251710443
2024-11-18,6933,67469.70325800286
2024-11-18,6934,72801.75833818094
2024-11-18,6935,73460.35386543276
2024-11-18,6936,50878.17237514962
2024-11-18,6937,70819.0434996069
2024-11-18,6939,71201.05809798458
2024-11-18,6940,70437.25279009256
2024-11-18,6941,68190.22884916463
2024-11-18,6942,65950.41546799656
2024-11-18,6944,80872.69512936761
2024-11-18,6948,74630.06108452096
2024-11-18,6951,69495.56031588548
2024-11-18,6952,65367.62466777475
2024-11-18,6953,62627.35720640436
2024-11-18,6954,62623.534285261194
2024-11-18,6956,65140.559685127075
2024-11-18,6957,72185.24128405387
2024-11-18,6959,66576.29556521216
2024-11-18,6960,76749.43706176702
2024-11-18,6961,73695.78219678978
2024-11-18,6962,73085.17505603761
2024-11-18,6963,67667.94581465228
2024-11-18,6965,69084.76827584684
2024-11-18,6966,71471.75376401762
2024-11-18,6967,69744.57489957089
2024-11-18,6968,65840.59993453769
2024-11-18,6969,70595.77772760483
2024-11-18,6970,72094.2730608374
2024-11-18,6971,71996.59187255417
2024-11-18,6972,72310.80833795099
2024-11-18,6973,72019.9089281199
2024-11-18,6974,67297.51320408589
2024-11-18,6977,58586.74025429323
2024-11-18,6978,67878.49832361464
2024-11-18,6985,71540.07445894624
2024-11-18,6993,67289.52060327148
2024-11-18,6994,82761.17906337618
2024-11-18,6997,71293.63737106386
2024-11-18,6999,70323.4298061411
2024-11-18,7000,75504.12457565845
2024-11-18,7003,72870.56121229457
2024-11-18,7004,68997.0231539582
2024-11-18,7005,71190.94303688072
2024-11-18,7006,68351.1487687921
2024-11-18,7007,69152.14632075757
2024-11-18,7008,70896.46015491527
2024-11-18,7009,82410.40313308888
2024-11-18,7010,70043.74502263893
2024-11-18,7011,68912.24715370731
2024-11-18,7012,67063.2851465962
2024-11-18,7013,69168.87130701866
2024-11-18,7014,73019.69339799182
2024-11-18,7016,71794.4353925781
2024-11-18,7017,72977.91524284972
2024-11-18,7018,56629.63368448635
2024-11-18,7019,58960.55134070216
2024-11-18,7020,72951.30695265086
2024-11-18,7021,70579.1981228459
2024-11-18,7022,68358.07192775668
2024-11-18,7024,71679.2215412465
2024-11-18,7025,70010.7333500273
2024-11-18,7026,70607.98663288893
2024-11-18,7027,70879.3047756317
2024-11-18,7028,70686.25771089931
2024-11-18,7030,68437.42882464512
2024-11-18,7031,67635.65248739593
2024-11-18,7032,60335.31142733304
2024-11-18,7033,72618.05204857768
2024-11-18,7034,68866.17403267499
2024-11-18,7035,69205.38421539155
2024-11-18,7036,70716.58786322342
2024-11-18,7037,63526.351133667
2024-11-18,7038,75626.58253872505
2024-11-18,7039,69781.85833214657
2024-11-18,7040,66456.81557289705
2024-11-18,7042,76295.36801950466
2024-11-18,7043,72511.06726667128
2024-11-18,7047,90906.87603405684
2024-11-18,7048,73459.61182140959
2024-11-18,7049,66379.72130221543
2024-11-18,7050,65628.32601545235
2024-11-18,7052,68293.48068613153
2024-11-18,7053,62934.7088233124
2024-11-18,7054,68746.86186928173
2024-11-18,7056,72571.67268824531
2024-11-18,7060,73855.88147114814
2024-11-18,7062,62162.1223416578
2024-11-18,7063,64616.213317314774
2024-11-18,7064,69510.58030004229
2024-11-18,7065,70201.93697741353
2024-11-18,7066,63888.77213001895
2024-11-18,7067,74114.44897027088
2024-11-18,7068,69427.64724393925
2024-11-18,7069,69046.84025477935
2024-11-18,7070,72778.48751684277
2024-11-18,7072,61057.180169835214
2024-11-18,7073,72884.52924074179
2024-11-18,7075,64194.97263576011
2024-11-18,7076,70592.84278391991
2024-11-18,7077,68848.01696097954
2024-11-18,7078,53886.03726856921
2024-11-18,7079,71012.55459318298
2024-11-18,7080,63975.051168867445
2024-11-18,7081,74120.10215757662
2024-11-18,7083,69688.60228611428
2024-11-18,7084,63740.02948233241
2024-11-18,7085,73402.7038501735
2024-11-18,7086,75892.01546576803
2024-11-18,7087,73841.04536090241
2024-11-18,7090,75014.19909387277
2024-11-18,7091,72595.36766701541
2024-11-18,7092,75796.16494525032
2024-11-18,7095,72629.02732076283
2024-11-18,7096,69449.84918830675
2024-11-18,7097,70061.72150019812
2024-11-18,7098,64120.5472464313
2024-11-18,7100,59156.60840988942
2024-11-18,7101,71158.812126624907
2024-11-18,7104,71261.566141455
2024-11-18,7105,77670.17225315057
2024-11-18,7106,71249.47454889579
2024-11-18,7107,65504.64594943701
2024-11-18,7108,71046.1162372447
2024-11-18,7109,63974.62639586297
2024-11-18,7110,71263.16645672357
2024-11-18,7111,64596.2678870401
2024-11-18,7112,70100.81345572864
2024-11-18,7113,56226.29600365524
2024-11-18,7115,69640.24929815612
2024-11-18,7116,72648.1222322132
2024-11-18,7117,67627.67496659541
2024-11-18,7122,74100.78739997488
2024-11-18,7124,56020.65028524958
2024-11-18,7125,69786.97588607627
2024-11-18,7126,62260.71694357613
2024-11-18,7127,69015.11018462863
2024-11-18,7131,68433.55072496417
2024-11-18,7134,72306.83793567812
2024-11-18,7135,71873.42191755793
2024-11-18,7136,74353.19118505584
2024-11-18,7137,71294.68627663555
2024-11-18,7139,72874.20333119262
2024-11-18,7140,68412.0199751923
2024-11-18,7141,70160.38858671141
2024-11-18,7144,75142.8376588684
2024-11-18,7145,72638.37439453705
2024-11-18,7146,72886.5174312175
2024-11-18,7147,67869.48044085746
2024-11-18,7149,72735.48056111368
2024-11-18,7150,72463.10488196867
2024-11-18,7151,69768.97626654692
2024-11-18,7152,69696.3302760923
2024-11-18,7155,71332.52994395675
2024-11-18,7156,70047.05196118922
2024-11-18,7157,71762.63874420937
2024-11-18,7158,72770.11778339923
2024-11-18,7159,81510.7540951027
2024-11-18,7165,59521.49404012135
2024-11-18,7168,61705.32051020834
2024-11-18,7169,72706.10343115006
2024-11-18,7170,65392.34853507389
2024-11-18,7171,58589.95705942514
2024-11-18,7172,58268.32762091832
2024-11-18,7173,57475.12628079659
2024-11-18,7174,72842.59362275698
2024-11-18,7175,67918.20348383707
2024-11-18,7178,82027.68493752813
2024-11-18,7180,57707.7521658563
2024-11-18,7182,69968.00504694831
2024-11-18,7183,70453.74815591352
2024-11-18,7184,65339.80594488068
2024-11-18,7185,58211.42038556083
2024-11-18,7186,61396.428847683994
2024-11-18,7187,61725.82365020395
2024-11-18,7188,68976.9852488838
2024-11-18,7189,64015.86916744348
2024-11-18,7190,62873.72628916709
2024-11-18,7193,73040.82121688858
2024-11-18,7195,72537.83305577956
2024-11-18,7196,70856.99293923152
2024-11-18,7197,68781.10305165556
2024-11-18,7198,142077.87654808056
2024-11-18,7199,73830.89428292378
2024-11-18,7200,69102.84431900116
2024-11-18,7201,68547.19952785398
2024-11-18,7202,73222.20186671204
2024-11-18,7205,71705.74990302269
2024-11-18,7206,78023.78881219
2024-11-18,7207,81781.41141729188
2024-11-18,7208,70422.87892932001
2024-11-18,7209,55930.80683174312
2024-11-18,7210,69293.19087545355
2024-11-18,7211,68376.22435092367
2024-11-18,7213,69850.5925916638
2024-11-18,7214,69267.01457140755
2024-11-18,7216,69996.29942746749
2024-11-18,7217,69841.69863641345
2024-11-18,7219,55585.294345531904
2024-11-18,7220,70369.45036183446
2024-11-18,7221,69573.0667726586
2024-11-18,7222,102201.10644790305
2024-11-18,7223,67577.02663140529
2024-11-18,7224,72903.39452244356
2024-11-18,7225,70739.1532000285
2024-11-18,7226,69828.53504789626
2024-11-18,7227,71235.6358703325
2024-11-18,7231,69692.2547255105
2024-11-18,7234,56887.682932750344
2024-11-18,7236,72747.71257048626
2024-11-18,7238,73098.98858474848
2024-11-18,7239,145720.42447493706
2024-11-18,7240,71590.14151472207
2024-11-18,7241,59027.62306582541
2024-11-18,7242,54100.98451585187
2024-11-18,7244,74876.99154738868
2024-11-18,7248,71969.72253434481
2024-11-18,7249,63479.1841602661
2024-11-18,7250,63654.459787455344
2024-11-18,7251,72248.98414628356
2024-11-18,7253,72456.45850602807
2024-11-18,7254,71296.48812311116
2024-11-18,7256,75223.13332638398
2024-11-18,7258,69571.04459040718
2024-11-18,7261,69689.09940793816
2024-11-18,7265,70387.82326343699
2024-11-18,7266,67276.57843093252
2024-11-18,7267,77193.1117064952
2024-11-18,7268,68458.99536206207
2024-11-18,7269,71517.45859509661
2024-11-18,7271,71873.08337567994
2024-11-18,7272,73255.17134553485
2024-11-18,7274,67919.9910887578
2024-11-18,7275,71344.35665840356
2024-11-18,7276,74471.95150869897
2024-11-18,7278,78853.62517148773
2024-11-18,7279,71115.8098572238
2024-11-18,7280,67168.91957544758
2024-11-18,7281,70271.702961639
2024-11-18,7282,71702.95499058191
2024-11-18,7283,68696.75937356177
2024-11-18,7284,70706.52612290085
2024-11-18,7287,70076.88612562417
2024-11-18,7288,69834.77478342249
2024-11-18,7289,74174.00085047337
2024-11-18,7290,68132.00248304385
2024-11-18,7292,69839.74976020445
2024-11-18,7293,75299.13776489683
2024-11-18,7295,69235.0099757722
2024-11-18,7296,68540.76324785965
2024-11-18,6287,70522.90152265369
2024-11-18,6249,70588.53038948475
2024-11-18,7194,71904.80545651738
2024-11-18,7246,71239.26158116825
2024-11-18,7245,68106.44632151336
2024-11-18,6918,73023.77297172493
2024-11-18,7002,67532.47870381096
2024-11-18,6782,59572.71523889528
2024-11-18,6549,69865.96640622267
2024-11-18,6892,68975.0468565071
2024-11-18,6448,0
2024-11-18,6491,0
2024-11-18,6591,0
2024-11-18,6949,0
2024-11-18,7212,0
2024-11-18,7218,0
2024-11-18,7273,0
2024-11-18,7192,57135.817629942554
